ISO-10303-21;
HEADER;
FILE_DESCRIPTION((''),'2;1');
FILE_NAME('GRIPPER_SENSER_MODEL_1_','2026-07-21T11:47:45',('22442'),(''),
'CREO PARAMETRIC BY PTC INC, 2025102','CREO PARAMETRIC BY PTC INC, 2025102','');
FILE_SCHEMA(('AUTOMOTIVE_DESIGN { 1 0 10303 214 1 1 1 1 }'));
ENDSEC;
DATA;
#328=CARTESIAN_POINT('',(-3.289159022701E0,4.178749999986E1,1.080791127773E1));
#329=DIRECTION('',(-2.873605198497E-1,-9.578224948453E-1,0.E0));
#330=DIRECTION('',(3.295055492458E-5,-9.885640253060E-6,9.999999994083E-1));
#331=AXIS2_PLACEMENT_3D('',#328,#329,#330);
#333=DRAUGHTING_PRE_DEFINED_CURVE_FONT('continuous');
#334=CURVE_STYLE('',#333,POSITIVE_LENGTH_MEASURE(2.E-2),#170);
#335=PRESENTATION_STYLE_ASSIGNMENT((#334));
#336=STYLED_ITEM('',(#335),#332);
#337=DIRECTION('',(2.873605198491E-1,9.578224948455E-1,4.965583308140E-12));
#338=VECTOR('',#337,2.788892474579E0);
#339=CARTESIAN_POINT('',(-4.186358863489E0,3.914497210397E1,1.080791127772E1));
#340=LINE('',#339,#338);
#341=CURVE_STYLE('',#333,POSITIVE_LENGTH_MEASURE(2.E-2),#170);
#342=PRESENTATION_STYLE_ASSIGNMENT((#341));
#343=STYLED_ITEM('',(#342),#340);
#344=CARTESIAN_POINT('',(-3.994794364503E0,3.90875E1,1.080791127775E1));
#345=DIRECTION('',(2.600951782626E-10,9.787115470820E-12,-1.E0));
#346=DIRECTION('',(-1.E0,-1.282529637956E-11,-2.600941684066E-10));
#347=AXIS2_PLACEMENT_3D('',#344,#345,#346);
#349=CURVE_STYLE('',#333,POSITIVE_LENGTH_MEASURE(2.E-2),#170);
#350=PRESENTATION_STYLE_ASSIGNMENT((#349));
#351=STYLED_ITEM('',(#350),#348);
#352=CARTESIAN_POINT('',(-4.090576613994E0,3.911623605199E1,1.080791127773E1));
#353=DIRECTION('',(2.873605198476E-1,9.578224948460E-1,8.411540499300E-11));
#354=DIRECTION('',(-9.578224948460E-1,2.873605198476E-1,2.556177491716E-11));
#355=AXIS2_PLACEMENT_3D('',#352,#353,#354);
#357=CURVE_STYLE('',#333,POSITIVE_LENGTH_MEASURE(2.E-2),#170);
#358=PRESENTATION_STYLE_ASSIGNMENT((#357));
#359=STYLED_ITEM('',(#358),#356);
#360=CARTESIAN_POINT('',(-4.094794364510E0,3.90875E1,1.080791127773E1));
#361=DIRECTION('',(1.746697231297E-11,-1.E0,-9.787117983724E-12));
#362=DIRECTION('',(-6.332712132014E-11,-9.805489752795E-12,1.E0));
#363=AXIS2_PLACEMENT_3D('',#360,#361,#362);
#365=CURVE_STYLE('',#333,POSITIVE_LENGTH_MEASURE(2.E-2),#170);
#366=PRESENTATION_STYLE_ASSIGNMENT((#365));
#367=STYLED_ITEM('',(#366),#364);
#368=DIRECTION('',(-2.474745554695E-12,-8.223597241820E-12,1.E0));
#369=VECTOR('',#368,1.899999999989E0);
#370=CARTESIAN_POINT('',(-4.186358863484E0,3.914497210399E1,8.907911277729E0));
#371=LINE('',#370,#369);
#372=CURVE_STYLE('',#333,POSITIVE_LENGTH_MEASURE(2.E-2),#170);
#373=PRESENTATION_STYLE_ASSIGNMENT((#372));
#374=STYLED_ITEM('',(#373),#371);
#375=DIRECTION('',(2.108255090972E-13,2.542995054299E-13,-1.E0));
#376=VECTOR('',#375,1.9E0);
#377=CARTESIAN_POINT('',(-3.994794364517E0,3.88875E1,1.080791127773E1));
#378=LINE('',#377,#376);
#379=CURVE_STYLE('',#333,POSITIVE_LENGTH_MEASURE(2.E-2),#170);
#380=PRESENTATION_STYLE_ASSIGNMENT((#379));
#381=STYLED_ITEM('',(#380),#378);
#382=DIRECTION('',(1.822481914183E-13,1.E0,7.799922595679E-14));
#383=VECTOR('',#382,2.131649360982E1);
#384=CARTESIAN_POINT('',(-1.28E1,-9.6E0,8.907911277730E0));
#385=LINE('',#384,#383);
#386=CURVE_STYLE('',#333,POSITIVE_LENGTH_MEASURE(2.E-2),#170);
#387=PRESENTATION_STYLE_ASSIGNMENT((#386));
#388=STYLED_ITEM('',(#387),#385);
#389=CARTESIAN_POINT('',(7.E0,1.171649361025E1,8.907911277729E0));
#390=DIRECTION('',(0.E0,0.E0,-1.E0));
#391=DIRECTION('',(-1.E0,2.077897898638E-11,0.E0));
#392=AXIS2_PLACEMENT_3D('',#389,#390,#391);
#394=CURVE_STYLE('',#333,POSITIVE_LENGTH_MEASURE(2.E-2),#170);
#395=PRESENTATION_STYLE_ASSIGNMENT((#394));
#396=STYLED_ITEM('',(#395),#393);
#397=DIRECTION('',(2.873650859230E-1,9.578211249452E-1,1.123391785565E-6));
#398=VECTOR('',#397,2.735221237686E1);
#399=CARTESIAN_POINT('',(-1.196488539780E1,1.740623190371E1,8.907911277730E0));
#400=LINE('',#399,#398);
#401=CURVE_STYLE('',#333,POSITIVE_LENGTH_MEASURE(2.E-2),#170);
#402=PRESENTATION_STYLE_ASSIGNMENT((#401));
#403=STYLED_ITEM('',(#402),#400);
#404=CARTESIAN_POINT('',(-3.511162036041E0,4.28E1,8.907911277729E0));
#405=DIRECTION('',(0.E0,0.E0,-1.E0));
#406=DIRECTION('',(-5.936356447243E-1,8.047339444268E-1,0.E0));
#407=AXIS2_PLACEMENT_3D('',#404,#405,#406);
#409=CURVE_STYLE('',#333,POSITIVE_LENGTH_MEASURE(2.E-2),#170);
#410=PRESENTATION_STYLE_ASSIGNMENT((#409));
#411=STYLED_ITEM('',(#410),#408);
#412=DIRECTION('',(1.E0,-4.924895632604E-14,0.E0));
#413=VECTOR('',#412,7.213784704961E-1);
#414=CARTESIAN_POINT('',(-3.511162036041E0,4.38E1,8.907911277729E0));
#415=LINE('',#414,#413);
#416=CURVE_STYLE('',#333,POSITIVE_LENGTH_MEASURE(2.E-2),#170);
#417=PRESENTATION_STYLE_ASSIGNMENT((#416));
#418=STYLED_ITEM('',(#417),#415);
#419=DIRECTION('',(-2.873605198493E-1,-9.578224948454E-1,0.E0));
#420=VECTOR('',#419,4.860011036560E0);
#421=CARTESIAN_POINT('',(-2.789783565545E0,4.38E1,8.907911277729E0));
#422=LINE('',#421,#420);
#423=CURVE_STYLE('',#333,POSITIVE_LENGTH_MEASURE(2.E-2),#170);
#424=PRESENTATION_STYLE_ASSIGNMENT((#423));
#425=STYLED_ITEM('',(#424),#422);
#426=CARTESIAN_POINT('',(-3.994794364517E0,3.90875E1,8.907911277729E0));
#427=DIRECTION('',(0.E0,0.E0,1.E0));
#428=DIRECTION('',(-9.578224947912E-1,2.873605200300E-1,0.E0));
#429=AXIS2_PLACEMENT_3D('',#426,#427,#428);
#431=CURVE_STYLE('',#333,POSITIVE_LENGTH_MEASURE(2.E-2),#170);
#432=PRESENTATION_STYLE_ASSIGNMENT((#431));
#433=STYLED_ITEM('',(#432),#430);
#434=CARTESIAN_POINT('',(3.994794364512E0,3.90875E1,8.907911277729E0));
#435=DIRECTION('',(0.E0,0.E0,1.E0));
#436=DIRECTION('',(1.487698852998E-13,-1.E0,0.E0));
#437=AXIS2_PLACEMENT_3D('',#434,#435,#436);
#439=CURVE_STYLE('',#333,POSITIVE_LENGTH_MEASURE(2.E-2),#170);
#440=PRESENTATION_STYLE_ASSIGNMENT((#439));
#441=STYLED_ITEM('',(#440),#438);
#442=DIRECTION('',(-2.873605198496E-1,9.578224948453E-1,0.E0));
#443=VECTOR('',#442,4.860011036575E0);
#444=CARTESIAN_POINT('',(4.186358863481E0,3.914497210397E1,8.907911277729E0));
#445=LINE('',#444,#443);
#446=CURVE_STYLE('',#333,POSITIVE_LENGTH_MEASURE(2.E-2),#170);
#447=PRESENTATION_STYLE_ASSIGNMENT((#446));
#448=STYLED_ITEM('',(#447),#445);
#449=DIRECTION('',(1.E0,0.E0,0.E0));
#450=VECTOR('',#449,7.213784705050E-1);
#451=CARTESIAN_POINT('',(2.789783565536E0,4.38E1,8.907911277729E0));
#452=LINE('',#451,#450);
#453=CURVE_STYLE('',#333,POSITIVE_LENGTH_MEASURE(2.E-2),#170);
#454=PRESENTATION_STYLE_ASSIGNMENT((#453));
#455=STYLED_ITEM('',(#454),#452);
#456=CARTESIAN_POINT('',(3.511162036041E0,4.28E1,8.907911277729E0));
#457=DIRECTION('',(0.E0,0.E0,-1.E0));
#458=DIRECTION('',(0.E0,1.E0,0.E0));
#459=AXIS2_PLACEMENT_3D('',#456,#457,#458);
#461=CURVE_STYLE('',#333,POSITIVE_LENGTH_MEASURE(2.E-2),#170);
#462=PRESENTATION_STYLE_ASSIGNMENT((#461));
#463=STYLED_ITEM('',(#462),#460);
#464=DIRECTION('',(2.873651351908E-1,-9.578211101638E-1,-1.128355117706E-6));
#465=VECTOR('',#464,2.735221447002E1);
#466=CARTESIAN_POINT('',(4.104812588863E0,4.360476033279E1,8.907942140741E0));
#467=LINE('',#466,#465);
#468=CURVE_STYLE('',#333,POSITIVE_LENGTH_MEASURE(2.E-2),#170);
#469=PRESENTATION_STYLE_ASSIGNMENT((#468));
#470=STYLED_ITEM('',(#469),#467);
#471=CARTESIAN_POINT('',(-7.E0,1.171649361024E1,8.907911277729E0));
#472=DIRECTION('',(0.E0,0.E0,-1.E0));
#473=DIRECTION('',(9.578224948509E-1,2.873605198311E-1,0.E0));
#474=AXIS2_PLACEMENT_3D('',#471,#472,#473);
#476=CURVE_STYLE('',#333,POSITIVE_LENGTH_MEASURE(2.E-2),#170);
#477=PRESENTATION_STYLE_ASSIGNMENT((#476));
#478=STYLED_ITEM('',(#477),#475);
#479=DIRECTION('',(2.773305811802E-13,-1.E0,-1.187488215691E-13));
#480=VECTOR('',#479,2.131649360978E1);
#481=CARTESIAN_POINT('',(1.279999999999E1,1.171649360978E1,8.907911277732E0));
#482=LINE('',#481,#480);
#483=CURVE_STYLE('',#333,POSITIVE_LENGTH_MEASURE(2.E-2),#170);
#484=PRESENTATION_STYLE_ASSIGNMENT((#483));
#485=STYLED_ITEM('',(#484),#482);
#486=DIRECTION('',(-1.E0,0.E0,0.E0));
#487=VECTOR('',#486,3.3E0);
#488=CARTESIAN_POINT('',(1.28E1,-9.6E0,8.907911277729E0));
#489=LINE('',#488,#487);
#490=CURVE_STYLE('',#333,POSITIVE_LENGTH_MEASURE(2.E-2),#170);
#491=PRESENTATION_STYLE_ASSIGNMENT((#490));
#492=STYLED_ITEM('',(#491),#489);
#493=DIRECTION('',(-1.E0,0.E0,0.E0));
#494=VECTOR('',#493,1.2E1);
#495=CARTESIAN_POINT('',(6.E0,-9.6E0,8.907911277729E0));
#496=LINE('',#495,#494);
#497=CURVE_STYLE('',#333,POSITIVE_LENGTH_MEASURE(2.E-2),#170);
#498=PRESENTATION_STYLE_ASSIGNMENT((#497));
#499=STYLED_ITEM('',(#498),#496);
#500=DIRECTION('',(0.E0,-1.E0,0.E0));
#501=VECTOR('',#500,7.E0);
#502=CARTESIAN_POINT('',(-6.E0,-9.6E0,8.907911277729E0));
#503=LINE('',#502,#501);
#504=CURVE_STYLE('',#333,POSITIVE_LENGTH_MEASURE(2.E-2),#170);
#505=PRESENTATION_STYLE_ASSIGNMENT((#504));
#506=STYLED_ITEM('',(#505),#503);
#507=DIRECTION('',(0.E0,1.E0,0.E0));
#508=VECTOR('',#507,7.E0);
#509=CARTESIAN_POINT('',(-9.5E0,-1.66E1,8.907911277729E0));
#510=LINE('',#509,#508);
#511=CURVE_STYLE('',#333,POSITIVE_LENGTH_MEASURE(2.E-2),#170);
#512=PRESENTATION_STYLE_ASSIGNMENT((#511));
#513=STYLED_ITEM('',(#512),#510);
#514=DIRECTION('',(-1.E0,0.E0,1.517977662761E-13));
#515=VECTOR('',#514,3.299999999998E0);
#516=CARTESIAN_POINT('',(-9.5E0,-9.6E0,8.907911277729E0));
#517=LINE('',#516,#515);
#518=CURVE_STYLE('',#333,POSITIVE_LENGTH_MEASURE(2.E-2),#170);
#519=PRESENTATION_STYLE_ASSIGNMENT((#518));
#520=STYLED_ITEM('',(#519),#517);
#521=CARTESIAN_POINT('',(1.11E1,-5.9E0,8.907911277729E0));
#522=DIRECTION('',(0.E0,0.E0,-1.E0));
#523=DIRECTION('',(1.E0,0.E0,0.E0));
#524=AXIS2_PLACEMENT_3D('',#521,#522,#523);
#526=CURVE_STYLE('',#333,POSITIVE_LENGTH_MEASURE(2.E-2),#170);
#527=PRESENTATION_STYLE_ASSIGNMENT((#526));
#528=STYLED_ITEM('',(#527),#525);
#529=CARTESIAN_POINT('',(3.5E0,-6.9E0,8.907911277729E0));
#530=DIRECTION('',(0.E0,0.E0,1.E0));
#531=DIRECTION('',(0.E0,1.E0,0.E0));
#532=AXIS2_PLACEMENT_3D('',#529,#530,#531);
#534=CURVE_STYLE('',#333,POSITIVE_LENGTH_MEASURE(2.E-2),#170);
#535=PRESENTATION_STYLE_ASSIGNMENT((#534));
#536=STYLED_ITEM('',(#535),#533);
#537=CARTESIAN_POINT('',(1.21E1,-6.9E0,8.907911277729E0));
#538=DIRECTION('',(0.E0,0.E0,1.E0));
#539=DIRECTION('',(0.E0,-1.E0,0.E0));
#540=AXIS2_PLACEMENT_3D('',#537,#538,#539);
#542=CURVE_STYLE('',#333,POSITIVE_LENGTH_MEASURE(2.E-2),#170);
#543=PRESENTATION_STYLE_ASSIGNMENT((#542));
#544=STYLED_ITEM('',(#543),#541);
#545=CARTESIAN_POINT('',(7.1E0,-9.856504341390E-1,8.907911277729E0));
#546=DIRECTION('',(0.E0,0.E0,-1.E0));
#547=DIRECTION('',(0.E0,-1.E0,0.E0));
#548=AXIS2_PLACEMENT_3D('',#545,#546,#547);
#550=CURVE_STYLE('',#333,POSITIVE_LENGTH_MEASURE(2.E-2),#170);
#551=PRESENTATION_STYLE_ASSIGNMENT((#550));
#552=STYLED_ITEM('',(#551),#549);
#553=CARTESIAN_POINT('',(6.1E0,-1.856504341390E-1,8.907911277729E0));
#554=DIRECTION('',(0.E0,0.E0,1.E0));
#555=DIRECTION('',(1.E0,0.E0,0.E0));
#556=AXIS2_PLACEMENT_3D('',#553,#554,#555);
#558=CURVE_STYLE('',#333,POSITIVE_LENGTH_MEASURE(2.E-2),#170);
#559=PRESENTATION_STYLE_ASSIGNMENT((#558));
#560=STYLED_ITEM('',(#559),#557);
#561=DIRECTION('',(-1.E0,0.E0,0.E0));
#562=VECTOR('',#561,1.22E1);
#563=CARTESIAN_POINT('',(6.1E0,3.143495658610E-1,8.907911277729E0));
#564=LINE('',#563,#562);
#565=CURVE_STYLE('',#333,POSITIVE_LENGTH_MEASURE(2.E-2),#170);
#566=PRESENTATION_STYLE_ASSIGNMENT((#565));
#567=STYLED_ITEM('',(#566),#564);
#568=CARTESIAN_POINT('',(-6.1E0,-1.856504341390E-1,8.907911277729E0));
#569=DIRECTION('',(0.E0,0.E0,1.E0));
#570=DIRECTION('',(0.E0,1.E0,0.E0));
#571=AXIS2_PLACEMENT_3D('',#568,#569,#570);
#573=CURVE_STYLE('',#333,POSITIVE_LENGTH_MEASURE(2.E-2),#170);
#574=PRESENTATION_STYLE_ASSIGNMENT((#573));
#575=STYLED_ITEM('',(#574),#572);
#576=DIRECTION('',(0.E0,-1.E0,0.E0));
#577=VECTOR('',#576,8.E-1);
#578=CARTESIAN_POINT('',(-6.6E0,-1.856504341390E-1,8.907911277729E0));
#579=LINE('',#578,#577);
#580=CURVE_STYLE('',#333,POSITIVE_LENGTH_MEASURE(2.E-2),#170);
#581=PRESENTATION_STYLE_ASSIGNMENT((#580));
#582=STYLED_ITEM('',(#581),#579);
#583=CARTESIAN_POINT('',(-7.1E0,-9.856504341390E-1,8.907911277729E0));
#584=DIRECTION('',(0.E0,0.E0,-1.E0));
#585=DIRECTION('',(1.E0,0.E0,0.E0));
#586=AXIS2_PLACEMENT_3D('',#583,#584,#585);
#588=CURVE_STYLE('',#333,POSITIVE_LENGTH_MEASURE(2.E-2),#170);
#589=PRESENTATION_STYLE_ASSIGNMENT((#588));
#590=STYLED_ITEM('',(#589),#587);
#591=DIRECTION('',(-1.E0,0.E0,0.E0));
#592=VECTOR('',#591,3.85E0);
#593=CARTESIAN_POINT('',(-7.1E0,-1.485650434139E0,8.907911277729E0));
#594=LINE('',#593,#592);
#595=CURVE_STYLE('',#333,POSITIVE_LENGTH_MEASURE(2.E-2),#170);
#596=PRESENTATION_STYLE_ASSIGNMENT((#595));
#597=STYLED_ITEM('',(#596),#594);
#598=CARTESIAN_POINT('',(-1.095E1,-1.985650434139E0,8.907911277729E0));
#599=DIRECTION('',(0.E0,0.E0,1.E0));
#600=DIRECTION('',(0.E0,1.E0,0.E0));
#601=AXIS2_PLACEMENT_3D('',#598,#599,#600);
#603=CURVE_STYLE('',#333,POSITIVE_LENGTH_MEASURE(2.E-2),#170);
#604=PRESENTATION_STYLE_ASSIGNMENT((#603));
#605=STYLED_ITEM('',(#604),#602);
#606=DIRECTION('',(0.E0,-1.E0,0.E0));
#607=VECTOR('',#606,3.85E0);
#608=CARTESIAN_POINT('',(-1.145E1,-1.985650434139E0,8.907911277729E0));
#609=LINE('',#608,#607);
#610=CURVE_STYLE('',#333,POSITIVE_LENGTH_MEASURE(2.E-2),#170);
#611=PRESENTATION_STYLE_ASSIGNMENT((#610));
#612=STYLED_ITEM('',(#611),#609);
#613=CARTESIAN_POINT('',(-1.105E1,-5.835650434139E0,8.907911277729E0));
#614=DIRECTION('',(0.E0,0.E0,1.E0));
#615=DIRECTION('',(-1.E0,-5.107025913276E-14,0.E0));
#616=AXIS2_PLACEMENT_3D('',#613,#614,#615);
#618=CURVE_STYLE('',#333,POSITIVE_LENGTH_MEASURE(2.E-2),#170);
#619=PRESENTATION_STYLE_ASSIGNMENT((#618));
#620=STYLED_ITEM('',(#619),#617);
#621=CARTESIAN_POINT('',(1.105E1,-5.835650434139E0,8.907911277729E0));
#622=DIRECTION('',(0.E0,0.E0,1.E0));
#623=DIRECTION('',(0.E0,-1.E0,0.E0));
#624=AXIS2_PLACEMENT_3D('',#621,#622,#623);
#626=CURVE_STYLE('',#333,POSITIVE_LENGTH_MEASURE(2.E-2),#170);
#627=PRESENTATION_STYLE_ASSIGNMENT((#626));
#628=STYLED_ITEM('',(#627),#625);
#629=DIRECTION('',(0.E0,1.E0,0.E0));
#630=VECTOR('',#629,3.85E0);
#631=CARTESIAN_POINT('',(1.145E1,-5.835650434139E0,8.907911277729E0));
#632=LINE('',#631,#630);
#633=CURVE_STYLE('',#333,POSITIVE_LENGTH_MEASURE(2.E-2),#170);
#634=PRESENTATION_STYLE_ASSIGNMENT((#633));
#635=STYLED_ITEM('',(#634),#632);
#636=CARTESIAN_POINT('',(1.095E1,-1.985650434139E0,8.907911277729E0));
#637=DIRECTION('',(0.E0,0.E0,1.E0));
#638=DIRECTION('',(1.E0,0.E0,0.E0));
#639=AXIS2_PLACEMENT_3D('',#636,#637,#638);
#641=CURVE_STYLE('',#333,POSITIVE_LENGTH_MEASURE(2.E-2),#170);
#642=PRESENTATION_STYLE_ASSIGNMENT((#641));
#643=STYLED_ITEM('',(#642),#640);
#644=CARTESIAN_POINT('',(3.220994827942E0,3.77E1,8.907911277729E0));
#645=DIRECTION('',(0.E0,0.E0,1.E0));
#646=DIRECTION('',(9.578244493787E-1,2.873540049701E-1,0.E0));
#647=AXIS2_PLACEMENT_3D('',#644,#645,#646);
#649=CURVE_STYLE('',#333,POSITIVE_LENGTH_MEASURE(2.E-2),#170);
#650=PRESENTATION_STYLE_ASSIGNMENT((#649));
#651=STYLED_ITEM('',(#650),#648);
#652=DIRECTION('',(-1.E0,-2.201563214012E-12,0.E0));
#653=VECTOR('',#652,6.441983094335E0);
#654=CARTESIAN_POINT('',(3.220994827948E0,3.87E1,8.907911277729E0));
#655=LINE('',#654,#653);
#656=CURVE_STYLE('',#333,POSITIVE_LENGTH_MEASURE(2.E-2),#170);
#657=PRESENTATION_STYLE_ASSIGNMENT((#656));
#658=STYLED_ITEM('',(#657),#655);
#659=CARTESIAN_POINT('',(-3.220994827942E0,3.77E1,8.907911277729E0));
#660=DIRECTION('',(0.E0,0.E0,1.E0));
#661=DIRECTION('',(6.801737795215E-6,9.999999999769E-1,0.E0));
#662=AXIS2_PLACEMENT_3D('',#659,#660,#661);
#664=CURVE_STYLE('',#333,POSITIVE_LENGTH_MEASURE(2.E-2),#170);
#665=PRESENTATION_STYLE_ASSIGNMENT((#664));
#666=STYLED_ITEM('',(#665),#663);
#667=DIRECTION('',(-2.873605198497E-1,-9.578224948453E-1,0.E0));
#668=VECTOR('',#667,2.190881890054E1);
#669=CARTESIAN_POINT('',(-4.178817322784E0,3.798736051986E1,8.907911277729E0));
#670=LINE('',#669,#668);
#671=CURVE_STYLE('',#333,POSITIVE_LENGTH_MEASURE(2.E-2),#170);
#672=PRESENTATION_STYLE_ASSIGNMENT((#671));
#673=STYLED_ITEM('',(#672),#670);
#674=CARTESIAN_POINT('',(6.E0,1.206E1,8.907911277729E0));
#675=DIRECTION('',(0.E0,0.E0,1.E0));
#676=DIRECTION('',(-9.578224948452E-1,2.873605198501E-1,0.E0));
#677=AXIS2_PLACEMENT_3D('',#674,#675,#676);
#679=CURVE_STYLE('',#333,POSITIVE_LENGTH_MEASURE(2.E-2),#170);
#680=PRESENTATION_STYLE_ASSIGNMENT((#679));
#681=STYLED_ITEM('',(#680),#678);
#682=DIRECTION('',(0.E0,-1.E0,0.E0));
#683=VECTOR('',#682,1.006E1);
#684=CARTESIAN_POINT('',(-1.12E1,1.206E1,8.907911277729E0));
#685=LINE('',#684,#683);
#686=CURVE_STYLE('',#333,POSITIVE_LENGTH_MEASURE(2.E-2),#170);
#687=PRESENTATION_STYLE_ASSIGNMENT((#686));
#688=STYLED_ITEM('',(#687),#685);
#689=CARTESIAN_POINT('',(-9.7E0,2.E0,8.907911277729E0));
#690=DIRECTION('',(0.E0,0.E0,1.E0));
#691=DIRECTION('',(-1.E0,0.E0,0.E0));
#692=AXIS2_PLACEMENT_3D('',#689,#690,#691);
#694=CURVE_STYLE('',#333,POSITIVE_LENGTH_MEASURE(2.E-2),#170);
#695=PRESENTATION_STYLE_ASSIGNMENT((#694));
#696=STYLED_ITEM('',(#695),#693);
#697=DIRECTION('',(1.E0,0.E0,0.E0));
#698=VECTOR('',#697,1.939999998631E1);
#699=CARTESIAN_POINT('',(-9.699999993210E0,5.E-1,8.907911277729E0));
#700=LINE('',#699,#698);
#701=CURVE_STYLE('',#333,POSITIVE_LENGTH_MEASURE(2.E-2),#170);
#702=PRESENTATION_STYLE_ASSIGNMENT((#701));
#703=STYLED_ITEM('',(#702),#700);
#704=CARTESIAN_POINT('',(9.7E0,2.E0,8.907911277729E0));
#705=DIRECTION('',(0.E0,0.E0,1.E0));
#706=DIRECTION('',(0.E0,-1.E0,0.E0));
#707=AXIS2_PLACEMENT_3D('',#704,#705,#706);
#709=CURVE_STYLE('',#333,POSITIVE_LENGTH_MEASURE(2.E-2),#170);
#710=PRESENTATION_STYLE_ASSIGNMENT((#709));
#711=STYLED_ITEM('',(#710),#708);
#712=CARTESIAN_POINT('',(-6.E0,1.206E1,8.907911277729E0));
#713=DIRECTION('',(0.E0,0.E0,1.E0));
#714=DIRECTION('',(1.E0,0.E0,0.E0));
#715=AXIS2_PLACEMENT_3D('',#712,#713,#714);
#717=CURVE_STYLE('',#333,POSITIVE_LENGTH_MEASURE(2.E-2),#170);
#718=PRESENTATION_STYLE_ASSIGNMENT((#717));
#719=STYLED_ITEM('',(#718),#716);
#720=DIRECTION('',(-2.873605198502E-1,9.578224948452E-1,0.E0));
#721=VECTOR('',#720,2.190881248112E1);
#722=CARTESIAN_POINT('',(1.047454691133E1,1.700260094144E1,8.907911277729E0));
#723=LINE('',#722,#721);
#724=CURVE_STYLE('',#333,POSITIVE_LENGTH_MEASURE(2.E-2),#170);
#725=PRESENTATION_STYLE_ASSIGNMENT((#724));
#726=STYLED_ITEM('',(#725),#723);
#727=DIRECTION('',(0.E0,1.E0,0.E0));
#728=VECTOR('',#727,4.7E0);
#729=CARTESIAN_POINT('',(-1.16E1,-5.9E0,8.907911277729E0));
#730=LINE('',#729,#728);
#731=CURVE_STYLE('',#333,POSITIVE_LENGTH_MEASURE(2.E-2),#170);
#732=PRESENTATION_STYLE_ASSIGNMENT((#731));
#733=STYLED_ITEM('',(#732),#730);
#734=CARTESIAN_POINT('',(-1.21E1,-6.9E0,8.907911277729E0));
#735=DIRECTION('',(0.E0,0.E0,1.E0));
#736=DIRECTION('',(-1.E0,0.E0,0.E0));
#737=AXIS2_PLACEMENT_3D('',#734,#735,#736);
#739=CURVE_STYLE('',#333,POSITIVE_LENGTH_MEASURE(2.E-2),#170);
#740=PRESENTATION_STYLE_ASSIGNMENT((#739));
#741=STYLED_ITEM('',(#740),#738);
#742=CARTESIAN_POINT('',(-3.5E0,-6.9E0,8.907911277729E0));
#743=DIRECTION('',(0.E0,0.E0,1.E0));
#744=DIRECTION('',(0.E0,-1.E0,0.E0));
#745=AXIS2_PLACEMENT_3D('',#742,#743,#744);
#747=CURVE_STYLE('',#333,POSITIVE_LENGTH_MEASURE(2.E-2),#170);
#748=PRESENTATION_STYLE_ASSIGNMENT((#747));
#749=STYLED_ITEM('',(#748),#746);
#750=CARTESIAN_POINT('',(-1.11E1,-5.9E0,8.907911277729E0));
#751=DIRECTION('',(0.E0,0.E0,-1.E0));
#752=DIRECTION('',(0.E0,-1.E0,0.E0));
#753=AXIS2_PLACEMENT_3D('',#750,#751,#752);
#755=CURVE_STYLE('',#333,POSITIVE_LENGTH_MEASURE(2.E-2),#170);
#756=PRESENTATION_STYLE_ASSIGNMENT((#755));
#757=STYLED_ITEM('',(#756),#754);
#758=DIRECTION('',(3.333300254599E-14,1.E0,7.366593562664E-14));
#759=VECTOR('',#758,2.131649360959E1);
#760=CARTESIAN_POINT('',(-1.3E1,-9.6E0,8.707911277729E0));
#761=LINE('',#760,#759);
#762=CURVE_STYLE('',#333,POSITIVE_LENGTH_MEASURE(2.E-2),#170);
#763=PRESENTATION_STYLE_ASSIGNMENT((#762));
#764=STYLED_ITEM('',(#763),#761);
#765=CARTESIAN_POINT('',(-1.3E1,3.470445091693E0,-6.092088722271E0));
#766=DIRECTION('',(1.E0,0.E0,0.E0));
#767=DIRECTION('',(0.E0,3.764433209597E-12,-1.E0));
#768=AXIS2_PLACEMENT_3D('',#765,#766,#767);
#770=CURVE_STYLE('',#333,POSITIVE_LENGTH_MEASURE(2.E-2),#170);
#771=PRESENTATION_STYLE_ASSIGNMENT((#770));
#772=STYLED_ITEM('',(#771),#769);
#773=DIRECTION('',(-4.715825243699E-6,9.221428036728E-1,3.868496472950E-1));
#774=VECTOR('',#773,7.264189187612E0);
#775=CARTESIAN_POINT('',(-1.3E1,5.017845396887E0,-9.780659217132E0));
#776=LINE('',#775,#774);
#777=CURVE_STYLE('',#333,POSITIVE_LENGTH_MEASURE(2.E-2),#170);
#778=PRESENTATION_STYLE_ASSIGNMENT((#777));
#779=STYLED_ITEM('',(#778),#776);
#780=DIRECTION('',(2.184955110978E-6,1.813245806220E-6,9.999999999960E-1));
#781=VECTOR('',#780,1.567842146981E1);
#782=CARTESIAN_POINT('',(-1.300003425665E1,1.171646518076E1,-6.970510192020E0));
#783=LINE('',#782,#781);
#784=CURVE_STYLE('',#333,POSITIVE_LENGTH_MEASURE(2.E-2),#170);
#785=PRESENTATION_STYLE_ASSIGNMENT((#784));
#786=STYLED_ITEM('',(#785),#783);
#787=DIRECTION('',(1.776356839400E-14,0.E0,-1.E0));
#788=VECTOR('',#787,1.88E1);
#789=CARTESIAN_POINT('',(-1.3E1,-9.6E0,8.707911277729E0));
#790=LINE('',#789,#788);
#791=CURVE_STYLE('',#333,POSITIVE_LENGTH_MEASURE(2.E-2),#170);
#792=PRESENTATION_STYLE_ASSIGNMENT((#791));
#793=STYLED_ITEM('',(#792),#790);
#794=CARTESIAN_POINT('',(-1.300000000002E1,-3.699999999794E0,
-5.992088722271E0));
#795=DIRECTION('',(-1.E0,1.475568360729E-10,0.E0));
#796=DIRECTION('',(1.464858570373E-10,9.927395255581E-1,1.202839739731E-1));
#797=AXIS2_PLACEMENT_3D('',#794,#795,#796);
#799=CURVE_STYLE('',#333,POSITIVE_LENGTH_MEASURE(2.E-2),#170);
#800=PRESENTATION_STYLE_ASSIGNMENT((#799));
#801=STYLED_ITEM('',(#800),#798);
#802=CARTESIAN_POINT('',(-1.299999999998E1,-3.699999999794E0,
-5.992088722271E0));
#803=DIRECTION('',(-1.E0,1.475568360729E-10,0.E0));
#804=DIRECTION('',(-1.464858570413E-10,-9.927395255377E-1,-1.202839741413E-1));
#805=AXIS2_PLACEMENT_3D('',#802,#803,#804);
#807=CURVE_STYLE('',#333,POSITIVE_LENGTH_MEASURE(2.E-2),#170);
#808=PRESENTATION_STYLE_ASSIGNMENT((#807));
#809=STYLED_ITEM('',(#808),#806);
#810=CARTESIAN_POINT('',(-1.3E1,-3.699999999793E0,3.007911277729E0));
#811=DIRECTION('',(-1.E0,0.E0,0.E0));
#812=DIRECTION('',(0.E0,9.927395255480E-1,1.202839740558E-1));
#813=AXIS2_PLACEMENT_3D('',#810,#811,#812);
#815=CURVE_STYLE('',#333,POSITIVE_LENGTH_MEASURE(2.E-2),#170);
#816=PRESENTATION_STYLE_ASSIGNMENT((#815));
#817=STYLED_ITEM('',(#816),#814);
#818=CARTESIAN_POINT('',(-1.3E1,-3.699999999793E0,3.007911277729E0));
#819=DIRECTION('',(-1.E0,0.E0,0.E0));
#820=DIRECTION('',(0.E0,-9.927395255480E-1,-1.202839740558E-1));
#821=AXIS2_PLACEMENT_3D('',#818,#819,#820);
#823=CURVE_STYLE('',#333,POSITIVE_LENGTH_MEASURE(2.E-2),#170);
#824=PRESENTATION_STYLE_ASSIGNMENT((#823));
#825=STYLED_ITEM('',(#824),#822);
#826=DIRECTION('',(0.E0,1.E0,-3.818969196303E-14));
#827=VECTOR('',#826,1.307044509169E1);
#828=CARTESIAN_POINT('',(-1.2E1,-9.6E0,-1.109208872227E1));
#829=LINE('',#828,#827);
#830=CURVE_STYLE('',#333,POSITIVE_LENGTH_MEASURE(2.E-2),#170);
#831=PRESENTATION_STYLE_ASSIGNMENT((#830));
#832=STYLED_ITEM('',(#831),#829);
#833=DIRECTION('',(0.E0,-1.E0,2.555039889341E-14));
#834=VECTOR('',#833,1.307044509170E1);
#835=CARTESIAN_POINT('',(-1.3E1,3.470445091698E0,-1.009208872227E1));
#836=LINE('',#835,#834);
#837=CURVE_STYLE('',#333,POSITIVE_LENGTH_MEASURE(2.E-2),#170);
#838=PRESENTATION_STYLE_ASSIGNMENT((#837));
#839=STYLED_ITEM('',(#838),#836);
#840=DIRECTION('',(1.E0,0.E0,0.E0));
#841=VECTOR('',#840,2.5E0);
#842=CARTESIAN_POINT('',(-1.2E1,-9.6E0,-1.109208872227E1));
#843=LINE('',#842,#841);
#844=CURVE_STYLE('',#333,POSITIVE_LENGTH_MEASURE(2.E-2),#170);
#845=PRESENTATION_STYLE_ASSIGNMENT((#844));
#846=STYLED_ITEM('',(#845),#843);
#847=DIRECTION('',(1.E0,0.E0,0.E0));
#848=VECTOR('',#847,1.2E1);
#849=CARTESIAN_POINT('',(-6.E0,-9.6E0,-1.109208872227E1));
#850=LINE('',#849,#848);
#851=CURVE_STYLE('',#333,POSITIVE_LENGTH_MEASURE(2.E-2),#170);
#852=PRESENTATION_STYLE_ASSIGNMENT((#851));
#853=STYLED_ITEM('',(#852),#850);
#854=DIRECTION('',(0.E0,-1.E0,0.E0));
#855=VECTOR('',#854,7.E0);
#856=CARTESIAN_POINT('',(6.E0,-9.6E0,-1.109208872227E1));
#857=LINE('',#856,#855);
#858=CURVE_STYLE('',#333,POSITIVE_LENGTH_MEASURE(2.E-2),#170);
#859=PRESENTATION_STYLE_ASSIGNMENT((#858));
#860=STYLED_ITEM('',(#859),#857);
#861=DIRECTION('',(0.E0,1.E0,0.E0));
#862=VECTOR('',#861,7.E0);
#863=CARTESIAN_POINT('',(9.5E0,-1.66E1,-1.109208872227E1));
#864=LINE('',#863,#862);
#865=CURVE_STYLE('',#333,POSITIVE_LENGTH_MEASURE(2.E-2),#170);
#866=PRESENTATION_STYLE_ASSIGNMENT((#865));
#867=STYLED_ITEM('',(#866),#864);
#868=DIRECTION('',(1.E0,0.E0,0.E0));
#869=VECTOR('',#868,2.5E0);
#870=CARTESIAN_POINT('',(9.5E0,-9.6E0,-1.109208872227E1));
#871=LINE('',#870,#869);
#872=CURVE_STYLE('',#333,POSITIVE_LENGTH_MEASURE(2.E-2),#170);
#873=PRESENTATION_STYLE_ASSIGNMENT((#872));
#874=STYLED_ITEM('',(#873),#871);
#875=DIRECTION('',(0.E0,1.E0,-2.555039889341E-14));
#876=VECTOR('',#875,1.307044509170E1);
#877=CARTESIAN_POINT('',(1.3E1,-9.6E0,-1.009208872227E1));
#878=LINE('',#877,#876);
#879=CURVE_STYLE('',#333,POSITIVE_LENGTH_MEASURE(2.E-2),#170);
#880=PRESENTATION_STYLE_ASSIGNMENT((#879));
#881=STYLED_ITEM('',(#880),#878);
#882=DIRECTION('',(0.E0,-1.E0,3.818969196303E-14));
#883=VECTOR('',#882,1.307044509169E1);
#884=CARTESIAN_POINT('',(1.2E1,3.470445091693E0,-1.109208872227E1));
#885=LINE('',#884,#883);
#886=CURVE_STYLE('',#333,POSITIVE_LENGTH_MEASURE(2.E-2),#170);
#887=PRESENTATION_STYLE_ASSIGNMENT((#886));
#888=STYLED_ITEM('',(#887),#885);
#889=DIRECTION('',(-4.883284838546E-14,1.E0,1.071656024295E-13));
#890=VECTOR('',#889,2.131649375994E1);
#891=CARTESIAN_POINT('',(1.3E1,-9.6E0,8.707911277729E0));
#892=LINE('',#891,#890);
#893=CURVE_STYLE('',#333,POSITIVE_LENGTH_MEASURE(2.E-2),#170);
#894=PRESENTATION_STYLE_ASSIGNMENT((#893));
#895=STYLED_ITEM('',(#894),#892);
#896=DIRECTION('',(2.184939342915E-6,-1.881737338738E-6,-9.999999999958E-1));
#897=VECTOR('',#896,1.567842336049E1);
#898=CARTESIAN_POINT('',(1.3E1,1.171649375994E1,8.707911277731E0));
#899=LINE('',#898,#897);
#900=CURVE_STYLE('',#333,POSITIVE_LENGTH_MEASURE(2.E-2),#170);
#901=PRESENTATION_STYLE_ASSIGNMENT((#900));
#902=STYLED_ITEM('',(#901),#899);
#903=DIRECTION('',(-4.715792828344E-6,-9.221428499359E-1,-3.868495370165E-1));
#904=VECTOR('',#903,7.264187604618E0);
#905=CARTESIAN_POINT('',(1.300003425640E1,1.171646425726E1,-6.970512082690E0));
#906=LINE('',#905,#904);
#907=CURVE_STYLE('',#333,POSITIVE_LENGTH_MEASURE(2.E-2),#170);
#908=PRESENTATION_STYLE_ASSIGNMENT((#907));
#909=STYLED_ITEM('',(#908),#906);
#910=CARTESIAN_POINT('',(1.3E1,3.470445091693E0,-6.092088722271E0));
#911=DIRECTION('',(-1.E0,0.E0,0.E0));
#912=DIRECTION('',(0.E0,3.868500763049E-1,-9.221426237101E-1));
#913=AXIS2_PLACEMENT_3D('',#910,#911,#912);
#915=CURVE_STYLE('',#333,POSITIVE_LENGTH_MEASURE(2.E-2),#170);
#916=PRESENTATION_STYLE_ASSIGNMENT((#915));
#917=STYLED_ITEM('',(#916),#914);
#918=CARTESIAN_POINT('',(1.3E1,-3.699999999793E0,3.007911277729E0));
#919=DIRECTION('',(1.E0,0.E0,0.E0));
#920=DIRECTION('',(0.E0,9.927395255594E-1,1.202839739618E-1));
#921=AXIS2_PLACEMENT_3D('',#918,#919,#920);
#923=CURVE_STYLE('',#333,POSITIVE_LENGTH_MEASURE(2.E-2),#170);
#924=PRESENTATION_STYLE_ASSIGNMENT((#923));
#925=STYLED_ITEM('',(#924),#922);
#926=CARTESIAN_POINT('',(1.3E1,-3.699999999793E0,3.007911277729E0));
#927=DIRECTION('',(1.E0,0.E0,0.E0));
#928=DIRECTION('',(0.E0,-9.927395255594E-1,-1.202839739618E-1));
#929=AXIS2_PLACEMENT_3D('',#926,#927,#928);
#931=CURVE_STYLE('',#333,POSITIVE_LENGTH_MEASURE(2.E-2),#170);
#932=PRESENTATION_STYLE_ASSIGNMENT((#931));
#933=STYLED_ITEM('',(#932),#930);
#934=CARTESIAN_POINT('',(1.300000000001E1,-3.700000003630E0,-5.992088722271E0));
#935=DIRECTION('',(1.E0,-1.475568202148E-10,0.E0));
#936=DIRECTION('',(1.464847899427E-10,9.927395255488E-1,1.202839740492E-1));
#937=AXIS2_PLACEMENT_3D('',#934,#935,#936);
#939=CURVE_STYLE('',#333,POSITIVE_LENGTH_MEASURE(2.E-2),#170);
#940=PRESENTATION_STYLE_ASSIGNMENT((#939));
#941=STYLED_ITEM('',(#940),#938);
#942=CARTESIAN_POINT('',(1.299999999999E1,-3.700000003630E0,-5.992088722271E0));
#943=DIRECTION('',(1.E0,-1.475568202148E-10,0.E0));
#944=DIRECTION('',(-1.464847899457E-10,-9.927395255694E-1,-1.202839738796E-1));
#945=AXIS2_PLACEMENT_3D('',#942,#943,#944);
#947=CURVE_STYLE('',#333,POSITIVE_LENGTH_MEASURE(2.E-2),#170);
#948=PRESENTATION_STYLE_ASSIGNMENT((#947));
#949=STYLED_ITEM('',(#948),#946);
#950=DIRECTION('',(6.772827810573E-1,2.031945729846E-1,-7.071067811815E-1));
#951=VECTOR('',#950,2.828427124765E-1);
#952=CARTESIAN_POINT('',(1.196488539781E1,1.740623190368E1,8.907911277730E0));
#953=LINE('',#952,#951);
#954=CURVE_STYLE('',#333,POSITIVE_LENGTH_MEASURE(2.E-2),#170);
#955=PRESENTATION_STYLE_ASSIGNMENT((#954));
#956=STYLED_ITEM('',(#955),#953);
#957=CARTESIAN_POINT('',(-7.E0,1.171649361024E1,8.707911277729E0));
#958=DIRECTION('',(0.E0,0.E0,-1.E0));
#959=DIRECTION('',(9.578224948453E-1,2.873605198497E-1,0.E0));
#960=AXIS2_PLACEMENT_3D('',#957,#958,#959);
#962=CURVE_STYLE('',#333,POSITIVE_LENGTH_MEASURE(2.E-2),#170);
#963=PRESENTATION_STYLE_ASSIGNMENT((#962));
#964=STYLED_ITEM('',(#963),#961);
#965=DIRECTION('',(-7.071067811946E-1,-5.308941572158E-7,7.071067811783E-1));
#966=VECTOR('',#965,2.828427124789E-1);
#967=CARTESIAN_POINT('',(1.3E1,1.171649375994E1,8.707911277731E0));
#968=LINE('',#967,#966);
#969=CURVE_STYLE('',#333,POSITIVE_LENGTH_MEASURE(2.E-2),#170);
#970=PRESENTATION_STYLE_ASSIGNMENT((#969));
#971=STYLED_ITEM('',(#970),#968);
#972=DIRECTION('',(2.873605198497E-1,-9.578224948453E-1,4.375821074189E-14));
#973=VECTOR('',#972,2.675198865122E1);
#974=CARTESIAN_POINT('',(4.468984530887E0,4.308736051985E1,8.707911277729E0));
#975=LINE('',#974,#973);
#976=CURVE_STYLE('',#333,POSITIVE_LENGTH_MEASURE(2.E-2),#170);
#977=PRESENTATION_STYLE_ASSIGNMENT((#976));
#978=STYLED_ITEM('',(#977),#975);
#979=CARTESIAN_POINT('',(4.104812588863E0,4.360476033279E1,8.907942140741E0));
#980=CARTESIAN_POINT('',(4.143544445907E0,4.357618824774E1,8.879054386013E0));
#981=CARTESIAN_POINT('',(4.214554552362E0,4.351510246470E1,8.828740732705E0));
#982=CARTESIAN_POINT('',(4.302388962858E0,4.341607422734E1,8.773008361852E0));
#983=CARTESIAN_POINT('',(4.373847140052E0,4.331082796718E1,8.734823669564E0));
#984=CARTESIAN_POINT('',(4.429632338051E0,4.320164041698E1,8.712763196709E0));
#985=CARTESIAN_POINT('',(4.457420510934E0,4.312590540572E1,8.707911277729E0));
#986=CARTESIAN_POINT('',(4.468984530887E0,4.308736051985E1,8.707911277729E0));
#988=CURVE_STYLE('',#333,POSITIVE_LENGTH_MEASURE(2.E-2),#170);
#989=PRESENTATION_STYLE_ASSIGNMENT((#988));
#990=STYLED_ITEM('',(#989),#987);
#991=DIRECTION('',(2.666413829572E-1,-8.887571147491E-1,-3.728446913630E-1));
#992=VECTOR('',#991,2.883087388698E1);
#993=CARTESIAN_POINT('',(4.468984582306E0,4.308736034846E1,6.069415842179E0));
#994=LINE('',#993,#992);
#995=CURVE_STYLE('',#333,POSITIVE_LENGTH_MEASURE(2.E-2),#170);
#996=PRESENTATION_STYLE_ASSIGNMENT((#995));
#997=STYLED_ITEM('',(#996),#994);
#998=DIRECTION('',(-2.895941996422E-6,-8.999979466600E-7,9.999999999954E-1));
#999=VECTOR('',#998,1.338793371173E1);
#1000=CARTESIAN_POINT('',(1.215648866740E1,1.746371605697E1,-4.680022433937E0));
#1001=LINE('',#1000,#999);
#1002=CURVE_STYLE('',#333,POSITIVE_LENGTH_MEASURE(2.E-2),#170);
#1003=PRESENTATION_STYLE_ASSIGNMENT((#1002));
#1004=STYLED_ITEM('',(#1003),#1001);
#1005=DIRECTION('',(-2.666447283290E-1,-8.887563590305E-1,-3.728441003117E-1));
#1006=VECTOR('',#1005,2.883087378924E1);
#1007=CARTESIAN_POINT('',(-3.511162036040E0,4.318685007629E1,5.147272773149E0));
#1008=LINE('',#1007,#1006);
#1009=CURVE_STYLE('',#333,POSITIVE_LENGTH_MEASURE(2.E-2),#170);
#1010=PRESENTATION_STYLE_ASSIGNMENT((#1009));
#1011=STYLED_ITEM('',(#1010),#1008);
#1012=CARTESIAN_POINT('',(1.024125657791E1,1.210734934745E1,-7.890714861648E0));
#1013=DIRECTION('',(-1.013429982070E-5,-3.868495517362E-1,9.221428437172E-1));
#1014=DIRECTION('',(-9.639702328020E-1,2.453031185285E-1,1.028968916534E-1));
#1015=AXIS2_PLACEMENT_3D('',#1012,#1013,#1014);
#1017=CURVE_STYLE('',#333,POSITIVE_LENGTH_MEASURE(2.E-2),#170);
#1018=PRESENTATION_STYLE_ASSIGNMENT((#1017));
#1019=STYLED_ITEM('',(#1018),#1016);
#1020=DIRECTION('',(1.573852800484E-5,-9.221426643777E-1,-3.868499790444E-1));
#1021=VECTOR('',#1020,7.264307081589E0);
#1022=CARTESIAN_POINT('',(-1.200010490977E1,1.210342296015E1,
-7.892604798407E0));
#1023=LINE('',#1022,#1021);
#1024=CURVE_STYLE('',#333,POSITIVE_LENGTH_MEASURE(2.E-2),#170);
#1025=PRESENTATION_STYLE_ASSIGNMENT((#1024));
#1026=STYLED_ITEM('',(#1025),#1023);
#1027=DIRECTION('',(5.473840022931E-6,9.221426645821E-1,3.868499788386E-1));
#1028=VECTOR('',#1027,7.264305404417E0);
#1029=CARTESIAN_POINT('',(1.2E1,5.404695473147E0,-1.070280184085E1));
#1030=LINE('',#1029,#1028);
#1031=CURVE_STYLE('',#333,POSITIVE_LENGTH_MEASURE(2.E-2),#170);
#1032=PRESENTATION_STYLE_ASSIGNMENT((#1031));
#1033=STYLED_ITEM('',(#1032),#1030);
#1034=CARTESIAN_POINT('',(-1.024125651452E1,1.210734935801E1,
-7.890714862495E0));
#1035=DIRECTION('',(1.013442173714E-5,-3.868495517624E-1,9.221428437062E-1));
#1036=DIRECTION('',(9.999999800455E-1,-1.800609146061E-4,-8.652770683499E-5));
#1037=AXIS2_PLACEMENT_3D('',#1034,#1035,#1036);
#1039=CURVE_STYLE('',#333,POSITIVE_LENGTH_MEASURE(2.E-2),#170);
#1040=PRESENTATION_STYLE_ASSIGNMENT((#1039));
#1041=STYLED_ITEM('',(#1040),#1038);
#1042=DIRECTION('',(-2.666418523940E-1,8.887570927137E-1,3.728444081692E-1));
#1043=VECTOR('',#1042,2.883087373582E1);
#1044=CARTESIAN_POINT('',(1.119867961510E1,1.756320655445E1,-5.602157281884E0));
#1045=LINE('',#1044,#1043);
#1046=CURVE_STYLE('',#333,POSITIVE_LENGTH_MEASURE(2.E-2),#170);
#1047=PRESENTATION_STYLE_ASSIGNMENT((#1046));
#1048=STYLED_ITEM('',(#1047),#1045);
#1049=DIRECTION('',(-2.932809918521E-6,7.771560770064E-7,-9.999999999954E-1));
#1050=VECTOR('',#1049,1.338792551134E1);
#1051=CARTESIAN_POINT('',(-1.215644989746E1,1.746370400541E1,8.707911277730E0));
#1052=LINE('',#1051,#1050);
#1053=CURVE_STYLE('',#333,POSITIVE_LENGTH_MEASURE(2.E-2),#170);
#1054=PRESENTATION_STYLE_ASSIGNMENT((#1053));
#1055=STYLED_ITEM('',(#1054),#1052);
#1056=DIRECTION('',(2.666414158652E-1,8.887572244182E-1,3.728444064081E-1));
#1057=VECTOR('',#1056,2.883087242515E1);
#1058=CARTESIAN_POINT('',(-1.215648916170E1,1.746371440991E1,
-4.680014233550E0));
#1059=LINE('',#1058,#1057);
#1060=CURVE_STYLE('',#333,POSITIVE_LENGTH_MEASURE(2.E-2),#170);
#1061=PRESENTATION_STYLE_ASSIGNMENT((#1060));
#1062=STYLED_ITEM('',(#1061),#1059);
#1063=DIRECTION('',(2.873605198498E-1,9.578224948453E-1,-1.001325975606E-13));
#1064=VECTOR('',#1063,2.675198865380E1);
#1065=CARTESIAN_POINT('',(-1.215644989746E1,1.746370400541E1,8.707911277730E0));
#1066=LINE('',#1065,#1064);
#1067=CURVE_STYLE('',#333,POSITIVE_LENGTH_MEASURE(2.E-2),#170);
#1068=PRESENTATION_STYLE_ASSIGNMENT((#1067));
#1069=STYLED_ITEM('',(#1068),#1066);
#1070=CARTESIAN_POINT('',(-4.468984530887E0,4.308736051986E1,8.707911277727E0));
#1071=CARTESIAN_POINT('',(-4.448898662548E0,4.315431020568E1,8.707911277728E0));
#1072=CARTESIAN_POINT('',(-4.395453860915E0,4.328214637754E1,8.722353553544E0));
#1073=CARTESIAN_POINT('',(-4.275422533767E0,4.345694746163E1,8.787151127170E0));
#1074=CARTESIAN_POINT('',(-4.166758717441E0,4.355906265989E1,8.861741723540E0));
#1075=CARTESIAN_POINT('',(-4.104814537940E0,4.360475873226E1,8.907942004981E0));
#1077=CURVE_STYLE('',#333,POSITIVE_LENGTH_MEASURE(2.E-2),#170);
#1078=PRESENTATION_STYLE_ASSIGNMENT((#1077));
#1079=STYLED_ITEM('',(#1078),#1076);
#1080=DIRECTION('',(-7.071067811938E-1,-7.932421119640E-10,-7.071067811793E-1));
#1081=VECTOR('',#1080,2.828427124790E-1);
#1082=CARTESIAN_POINT('',(-1.279999999999E1,1.171649360982E1,8.907911277731E0));
#1083=LINE('',#1082,#1081);
#1084=CURVE_STYLE('',#333,POSITIVE_LENGTH_MEASURE(2.E-2),#170);
#1085=PRESENTATION_STYLE_ASSIGNMENT((#1084));
#1086=STYLED_ITEM('',(#1085),#1083);
#1087=CARTESIAN_POINT('',(7.E0,1.171649361025E1,8.707911277729E0));
#1088=DIRECTION('',(0.E0,0.E0,-1.E0));
#1089=DIRECTION('',(-1.E0,0.E0,0.E0));
#1090=AXIS2_PLACEMENT_3D('',#1087,#1088,#1089);
#1092=CURVE_STYLE('',#333,POSITIVE_LENGTH_MEASURE(2.E-2),#170);
#1093=PRESENTATION_STYLE_ASSIGNMENT((#1092));
#1094=STYLED_ITEM('',(#1093),#1091);
#1095=DIRECTION('',(6.772827836987E-1,-2.031945641938E-1,7.071067811776E-1));
#1096=VECTOR('',#1095,2.828427124784E-1);
#1097=CARTESIAN_POINT('',(-1.215644989746E1,1.746370400541E1,8.707911277730E0));
#1098=LINE('',#1097,#1096);
#1099=CURVE_STYLE('',#333,POSITIVE_LENGTH_MEASURE(2.E-2),#170);
#1100=PRESENTATION_STYLE_ASSIGNMENT((#1099));
#1101=STYLED_ITEM('',(#1100),#1098);
#1102=CARTESIAN_POINT('',(-1.300003425665E1,1.171646518076E1,
-6.970510192020E0));
#1103=CARTESIAN_POINT('',(-1.300003425665E1,1.236637524426E1,
-6.710686857170E0));
#1104=CARTESIAN_POINT('',(-1.293654643923E1,1.366474224875E1,
-6.194520905717E0));
#1105=CARTESIAN_POINT('',(-1.265370719712E1,1.558795988733E1,
-5.427113820374E0));
#1106=CARTESIAN_POINT('',(-1.234217274469E1,1.684479879424E1,
-4.927470679807E0));
#1107=CARTESIAN_POINT('',(-1.215648916170E1,1.746371440991E1,
-4.680014233550E0));
#1109=CURVE_STYLE('',#333,POSITIVE_LENGTH_MEASURE(2.E-2),#170);
#1110=PRESENTATION_STYLE_ASSIGNMENT((#1109));
#1111=STYLED_ITEM('',(#1110),#1108);
#1112=CARTESIAN_POINT('',(-1.119862740205E1,1.717634348739E1,
-4.680020993791E0));
#1113=DIRECTION('',(2.666400415148E-1,8.887575437395E-1,3.728446281054E-1));
#1114=DIRECTION('',(2.842170943040E-14,3.868500762907E-1,-9.221426237160E-1));
#1115=AXIS2_PLACEMENT_3D('',#1112,#1113,#1114);
#1117=CURVE_STYLE('',#333,POSITIVE_LENGTH_MEASURE(2.E-2),#170);
#1118=PRESENTATION_STYLE_ASSIGNMENT((#1117));
#1119=STYLED_ITEM('',(#1118),#1116);
#1120=CARTESIAN_POINT('',(-1.2E1,1.171649440986E1,-6.970494265361E0));
#1121=DIRECTION('',(0.E0,9.221426237161E-1,3.868500762906E-1));
#1122=DIRECTION('',(3.767894004270E-5,3.868500760160E-1,-9.221426230615E-1));
#1123=AXIS2_PLACEMENT_3D('',#1120,#1121,#1122);
#1125=CURVE_STYLE('',#333,POSITIVE_LENGTH_MEASURE(2.E-2),#170);
#1126=PRESENTATION_STYLE_ASSIGNMENT((#1125));
#1127=STYLED_ITEM('',(#1126),#1124);
#1128=CARTESIAN_POINT('',(-1.2E1,5.017845396855E0,-9.780659217135E0));
#1129=DIRECTION('',(0.E0,9.221426237161E-1,3.868500762906E-1));
#1130=DIRECTION('',(3.767894004270E-5,3.868500760160E-1,-9.221426230615E-1));
#1131=AXIS2_PLACEMENT_3D('',#1128,#1129,#1130);
#1133=CURVE_STYLE('',#333,POSITIVE_LENGTH_MEASURE(2.E-2),#170);
#1134=PRESENTATION_STYLE_ASSIGNMENT((#1133));
#1135=STYLED_ITEM('',(#1134),#1132);
#1136=CARTESIAN_POINT('',(-1.2E1,3.470445091693E0,-1.009208872227E1));
#1137=DIRECTION('',(0.E0,-1.E0,0.E0));
#1138=DIRECTION('',(-1.E0,0.E0,1.000088900582E-12));
#1139=AXIS2_PLACEMENT_3D('',#1136,#1137,#1138);
#1141=CURVE_STYLE('',#333,POSITIVE_LENGTH_MEASURE(2.E-2),#170);
#1142=PRESENTATION_STYLE_ASSIGNMENT((#1141));
#1143=STYLED_ITEM('',(#1142),#1140);
#1144=CARTESIAN_POINT('',(-1.2E1,3.470445091693E0,-6.092088722271E0));
#1145=DIRECTION('',(1.E0,0.E0,0.E0));
#1146=DIRECTION('',(0.E0,0.E0,-1.E0));
#1147=AXIS2_PLACEMENT_3D('',#1144,#1145,#1146);
#1149=CURVE_STYLE('',#333,POSITIVE_LENGTH_MEASURE(2.E-2),#170);
#1150=PRESENTATION_STYLE_ASSIGNMENT((#1149));
#1151=STYLED_ITEM('',(#1150),#1148);
#1152=DIRECTION('',(1.E0,0.E0,0.E0));
#1153=VECTOR('',#1152,2.4E1);
#1154=CARTESIAN_POINT('',(-1.2E1,3.470445091693E0,-1.109208872227E1));
#1155=LINE('',#1154,#1153);
#1156=CURVE_STYLE('',#333,POSITIVE_LENGTH_MEASURE(2.E-2),#170);
#1157=PRESENTATION_STYLE_ASSIGNMENT((#1156));
#1158=STYLED_ITEM('',(#1157),#1155);
#1159=DIRECTION('',(-1.E0,-2.817006993460E-12,6.714187398968E-12));
#1160=VECTOR('',#1159,2.399999058026E1);
#1161=CARTESIAN_POINT('',(1.2E1,5.404695473147E0,-1.070280184085E1));
#1162=LINE('',#1161,#1160);
#1163=CURVE_STYLE('',#333,POSITIVE_LENGTH_MEASURE(2.E-2),#170);
#1164=PRESENTATION_STYLE_ASSIGNMENT((#1163));
#1165=STYLED_ITEM('',(#1164),#1162);
#1166=CARTESIAN_POINT('',(1.2E1,5.017845396855E0,-9.780659217135E0));
#1167=DIRECTION('',(0.E0,9.221426237161E-1,3.868500762906E-1));
#1168=DIRECTION('',(9.999999999988E-1,6.005853165902E-7,-1.431627790538E-6));
#1169=AXIS2_PLACEMENT_3D('',#1166,#1167,#1168);
#1171=CURVE_STYLE('',#333,POSITIVE_LENGTH_MEASURE(2.E-2),#170);
#1172=PRESENTATION_STYLE_ASSIGNMENT((#1171));
#1173=STYLED_ITEM('',(#1172),#1170);
#1174=CARTESIAN_POINT('',(1.2E1,3.470445091693E0,-6.092088722271E0));
#1175=DIRECTION('',(-1.E0,0.E0,0.E0));
#1176=DIRECTION('',(0.E0,3.868500762909E-1,-9.221426237160E-1));
#1177=AXIS2_PLACEMENT_3D('',#1174,#1175,#1176);
#1179=CURVE_STYLE('',#333,POSITIVE_LENGTH_MEASURE(2.E-2),#170);
#1180=PRESENTATION_STYLE_ASSIGNMENT((#1179));
#1181=STYLED_ITEM('',(#1180),#1178);
#1182=CARTESIAN_POINT('',(1.2E1,3.470445091693E0,-1.009208872227E1));
#1183=DIRECTION('',(0.E0,-1.E0,0.E0));
#1184=DIRECTION('',(0.E0,0.E0,-1.E0));
#1185=AXIS2_PLACEMENT_3D('',#1182,#1183,#1184);
#1187=CURVE_STYLE('',#333,POSITIVE_LENGTH_MEASURE(2.E-2),#170);
#1188=PRESENTATION_STYLE_ASSIGNMENT((#1187));
#1189=STYLED_ITEM('',(#1188),#1186);
#1190=CARTESIAN_POINT('',(1.2E1,1.171649203289E1,-6.970495262518E0));
#1191=DIRECTION('',(0.E0,9.221426237161E-1,3.868500762906E-1));
#1192=DIRECTION('',(9.999999999988E-1,6.005819432886E-7,-1.431619748971E-6));
#1193=AXIS2_PLACEMENT_3D('',#1190,#1191,#1192);
#1195=CURVE_STYLE('',#333,POSITIVE_LENGTH_MEASURE(2.E-2),#170);
#1196=PRESENTATION_STYLE_ASSIGNMENT((#1195));
#1197=STYLED_ITEM('',(#1196),#1194);
#1198=CARTESIAN_POINT('',(1.119862740207E1,1.717634348738E1,-4.680020993808E0));
#1199=DIRECTION('',(-2.666400415148E-1,8.887575437395E-1,3.728446281054E-1));
#1200=DIRECTION('',(9.578227005203E-1,2.873598342929E-1,1.781264729495E-6));
#1201=AXIS2_PLACEMENT_3D('',#1198,#1199,#1200);
#1203=CURVE_STYLE('',#333,POSITIVE_LENGTH_MEASURE(2.E-2),#170);
#1204=PRESENTATION_STYLE_ASSIGNMENT((#1203));
#1205=STYLED_ITEM('',(#1204),#1202);
#1206=CARTESIAN_POINT('',(1.215648866740E1,1.746371605697E1,-4.680022433937E0));
#1207=CARTESIAN_POINT('',(1.234217201428E1,1.684480122952E1,-4.927467809652E0));
#1208=CARTESIAN_POINT('',(1.265370640353E1,1.558796102077E1,-5.427113475047E0));
#1209=CARTESIAN_POINT('',(1.293654370325E1,1.366476818269E1,-6.194524836463E0));
#1210=CARTESIAN_POINT('',(1.300003423684E1,1.236638495607E1,-6.710688477287E0));
#1211=CARTESIAN_POINT('',(1.300003425640E1,1.171646425726E1,-6.970512082690E0));
#1213=CURVE_STYLE('',#333,POSITIVE_LENGTH_MEASURE(2.E-2),#170);
#1214=PRESENTATION_STYLE_ASSIGNMENT((#1213));
#1215=STYLED_ITEM('',(#1214),#1212);
#1216=DIRECTION('',(0.E0,0.E0,1.E0));
#1217=VECTOR('',#1216,2.838495880864E0);
#1218=CARTESIAN_POINT('',(-3.511162036041E0,4.38E1,6.069415396865E0));
#1219=LINE('',#1218,#1217);
#1220=CURVE_STYLE('',#333,POSITIVE_LENGTH_MEASURE(2.E-2),#170);
#1221=PRESENTATION_STYLE_ASSIGNMENT((#1220));
#1222=STYLED_ITEM('',(#1221),#1219);
#1223=DIRECTION('',(5.025676599199E-9,1.674814381742E-8,-1.E0));
#1224=VECTOR('',#1223,2.638495995693E0);
#1225=CARTESIAN_POINT('',(-4.468984530887E0,4.308736051986E1,8.707911277727E0));
#1226=LINE('',#1225,#1224);
#1227=CURVE_STYLE('',#333,POSITIVE_LENGTH_MEASURE(2.E-2),#170);
#1228=PRESENTATION_STYLE_ASSIGNMENT((#1227));
#1229=STYLED_ITEM('',(#1228),#1226);
#1230=DIRECTION('',(0.E0,0.E0,1.E0));
#1231=VECTOR('',#1230,1.002742898426E0);
#1232=CARTESIAN_POINT('',(-2.789783565545E0,4.38E1,7.905168379303E0));
#1233=LINE('',#1232,#1231);
#1234=CURVE_STYLE('',#333,POSITIVE_LENGTH_MEASURE(2.E-2),#170);
#1235=PRESENTATION_STYLE_ASSIGNMENT((#1234));
#1236=STYLED_ITEM('',(#1235),#1233);
#1237=CARTESIAN_POINT('',(3.384941272177E0,4.181623605184E1,1.080791127773E1));
#1238=CARTESIAN_POINT('',(3.295843067844E0,4.211321583322E1,1.080714066856E1));
#1239=CARTESIAN_POINT('',(3.121674898638E0,4.269374857459E1,1.075572737905E1));
#1240=CARTESIAN_POINT('',(2.865552484780E0,4.354744903963E1,1.051850980156E1));
#1241=CARTESIAN_POINT('',(2.712133859027E0,4.405881995081E1,1.027459584713E1));
#1242=CARTESIAN_POINT('',(2.638597812286E0,4.430392835953E1,1.012944973927E1));
#1244=CURVE_STYLE('',#333,POSITIVE_LENGTH_MEASURE(2.E-2),#170);
#1245=PRESENTATION_STYLE_ASSIGNMENT((#1244));
#1246=STYLED_ITEM('',(#1245),#1243);
#1247=DIRECTION('',(2.912070472191E-6,-2.560338944692E-6,-9.999999999925E-1));
#1248=VECTOR('',#1247,1.901406756122E0);
#1249=CARTESIAN_POINT('',(2.493513183479E0,4.478750635392E1,9.943232587896E0));
#1250=LINE('',#1249,#1248);
#1251=CURVE_STYLE('',#333,POSITIVE_LENGTH_MEASURE(2.E-2),#170);
#1252=PRESENTATION_STYLE_ASSIGNMENT((#1251));
#1253=STYLED_ITEM('',(#1252),#1250);
#1254=CARTESIAN_POINT('',(2.493518720509E0,4.478750148568E1,8.041825831788E0));
#1255=CARTESIAN_POINT('',(2.524813569928E0,4.468319032017E1,8.011487792535E0));
#1256=CARTESIAN_POINT('',(2.587874435567E0,4.447299849206E1,7.960829470891E0));
#1257=CARTESIAN_POINT('',(2.684383769911E0,4.415131572546E1,7.914956768829E0));
#1258=CARTESIAN_POINT('',(2.749042029390E0,4.393579861223E1,7.905045040466E0));
#1259=CARTESIAN_POINT('',(2.781528493301E0,4.382751558877E1,7.905045535690E0));
#1261=CURVE_STYLE('',#333,POSITIVE_LENGTH_MEASURE(2.E-2),#170);
#1262=PRESENTATION_STYLE_ASSIGNMENT((#1261));
#1263=STYLED_ITEM('',(#1262),#1260);
#1264=DIRECTION('',(0.E0,0.E0,1.E0));
#1265=VECTOR('',#1264,1.002742898426E0);
#1266=CARTESIAN_POINT('',(2.789783565536E0,4.38E1,7.905168379303E0));
#1267=LINE('',#1266,#1265);
#1268=CURVE_STYLE('',#333,POSITIVE_LENGTH_MEASURE(2.E-2),#170);
#1269=PRESENTATION_STYLE_ASSIGNMENT((#1268));
#1270=STYLED_ITEM('',(#1269),#1267);
#1271=DIRECTION('',(3.295609399415E-14,-2.468201082115E-13,1.E0));
#1272=VECTOR('',#1271,1.899999999999E0);
#1273=CARTESIAN_POINT('',(3.994794364512E0,3.88875E1,8.907911277729E0));
#1274=LINE('',#1273,#1272);
#1275=CURVE_STYLE('',#333,POSITIVE_LENGTH_MEASURE(2.E-2),#170);
#1276=PRESENTATION_STYLE_ASSIGNMENT((#1275));
#1277=STYLED_ITEM('',(#1276),#1274);
#1278=DIRECTION('',(-2.164350570131E-13,-7.853367079526E-13,-1.E0));
#1279=VECTOR('',#1278,1.899999999983E0);
#1280=CARTESIAN_POINT('',(4.186358863481E0,3.914497210397E1,1.080791127771E1));
#1281=LINE('',#1280,#1279);
#1282=CURVE_STYLE('',#333,POSITIVE_LENGTH_MEASURE(2.E-2),#170);
#1283=PRESENTATION_STYLE_ASSIGNMENT((#1282));
#1284=STYLED_ITEM('',(#1283),#1281);
#1285=DIRECTION('',(-1.E0,0.E0,0.E0));
#1286=VECTOR('',#1285,7.989588729029E0);
#1287=CARTESIAN_POINT('',(3.994794364512E0,3.88875E1,8.907911277729E0));
#1288=LINE('',#1287,#1286);
#1289=CURVE_STYLE('',#333,POSITIVE_LENGTH_MEASURE(2.E-2),#170);
#1290=PRESENTATION_STYLE_ASSIGNMENT((#1289));
#1291=STYLED_ITEM('',(#1290),#1288);
#1292=DIRECTION('',(-1.E0,0.E0,1.316216997633E-13));
#1293=VECTOR('',#1292,7.989588729030E0);
#1294=CARTESIAN_POINT('',(3.994794364512E0,3.88875E1,1.080791127773E1));
#1295=LINE('',#1294,#1293);
#1296=CURVE_STYLE('',#333,POSITIVE_LENGTH_MEASURE(2.E-2),#170);
#1297=PRESENTATION_STYLE_ASSIGNMENT((#1296));
#1298=STYLED_ITEM('',(#1297),#1295);
#1299=DIRECTION('',(1.E0,1.316216997633E-13,-2.032132324049E-13));
#1300=VECTOR('',#1299,7.989588729031E0);
#1301=CARTESIAN_POINT('',(-3.994794364518E0,3.89875E1,1.090791127773E1));
#1302=LINE('',#1301,#1300);
#1303=CURVE_STYLE('',#333,POSITIVE_LENGTH_MEASURE(2.E-2),#170);
#1304=PRESENTATION_STYLE_ASSIGNMENT((#1303));
#1305=STYLED_ITEM('',(#1304),#1302);
#1306=CARTESIAN_POINT('',(3.994794364510E0,3.90875E1,1.080791127772E1));
#1307=DIRECTION('',(1.577913907266E-11,5.100327781063E-12,-1.E0));
#1308=DIRECTION('',(1.E0,4.156675004174E-12,1.578293051798E-11));
#1309=AXIS2_PLACEMENT_3D('',#1306,#1307,#1308);
#1311=CURVE_STYLE('',#333,POSITIVE_LENGTH_MEASURE(2.E-2),#170);
#1312=PRESENTATION_STYLE_ASSIGNMENT((#1311));
#1313=STYLED_ITEM('',(#1312),#1310);
#1314=CARTESIAN_POINT('',(3.994794364512E0,3.89875E1,1.080791127772E1));
#1315=DIRECTION('',(-1.E0,-1.987104925042E-11,-1.577913907276E-11));
#1316=DIRECTION('',(1.987299214068E-11,-1.E0,5.625722110350E-11));
#1317=AXIS2_PLACEMENT_3D('',#1314,#1315,#1316);
#1319=CURVE_STYLE('',#333,POSITIVE_LENGTH_MEASURE(2.E-2),#170);
#1320=PRESENTATION_STYLE_ASSIGNMENT((#1319));
#1321=STYLED_ITEM('',(#1320),#1318);
#1322=CARTESIAN_POINT('',(4.094794364511E0,3.90875E1,1.080791127773E1));
#1323=DIRECTION('',(-3.191032160732E-11,1.E0,5.100329316844E-12));
#1324=DIRECTION('',(-2.053468506335E-11,-5.115907697445E-12,1.E0));
#1325=AXIS2_PLACEMENT_3D('',#1322,#1323,#1324);
#1327=CURVE_STYLE('',#333,POSITIVE_LENGTH_MEASURE(2.E-2),#170);
#1328=PRESENTATION_STYLE_ASSIGNMENT((#1327));
#1329=STYLED_ITEM('',(#1328),#1326);
#1330=DIRECTION('',(2.873618188407E-1,-9.578221051284E-1,1.602854875276E-11));
#1331=VECTOR('',#1330,2.788900015407E0);
#1332=CARTESIAN_POINT('',(3.289153950437E0,4.178749847811E1,1.090791127767E1));
#1333=LINE('',#1332,#1331);
#1334=CURVE_STYLE('',#333,POSITIVE_LENGTH_MEASURE(2.E-2),#170);
#1335=PRESENTATION_STYLE_ASSIGNMENT((#1334));
#1336=STYLED_ITEM('',(#1335),#1333);
#1337=CARTESIAN_POINT('',(3.994794364536E0,3.90875E1,1.090791127778E1));
#1338=DIRECTION('',(-4.479586874166E-10,-1.585237012879E-11,-1.E0));
#1339=DIRECTION('',(9.578874789489E-1,2.871438275028E-1,-4.336442317383E-10));
#1340=AXIS2_PLACEMENT_3D('',#1337,#1338,#1339);
#1342=CURVE_STYLE('',#333,POSITIVE_LENGTH_MEASURE(2.E-2),#170);
#1343=PRESENTATION_STYLE_ASSIGNMENT((#1342));
#1344=STYLED_ITEM('',(#1343),#1341);
#1345=CARTESIAN_POINT('',(3.994794364508E0,3.90875E1,1.090791127773E1));
#1346=DIRECTION('',(1.577913907266E-11,5.100327781063E-12,-1.E0));
#1347=DIRECTION('',(1.E0,1.121236437027E-10,1.577404873384E-11));
#1348=AXIS2_PLACEMENT_3D('',#1345,#1346,#1347);
#1350=CURVE_STYLE('',#333,POSITIVE_LENGTH_MEASURE(2.E-2),#170);
#1351=PRESENTATION_STYLE_ASSIGNMENT((#1350));
#1352=STYLED_ITEM('',(#1351),#1349);
#1353=CARTESIAN_POINT('',(-3.994794364514E0,3.90875E1,1.090791127773E1));
#1354=DIRECTION('',(3.179089444615E-12,5.238174477848E-12,-1.E0));
#1355=DIRECTION('',(-5.674571923428E-11,-1.E0,-5.240252676198E-12));
#1356=AXIS2_PLACEMENT_3D('',#1353,#1354,#1355);
#1358=CURVE_STYLE('',#333,POSITIVE_LENGTH_MEASURE(2.E-2),#170);
#1359=PRESENTATION_STYLE_ASSIGNMENT((#1358));
#1360=STYLED_ITEM('',(#1359),#1357);
#1361=CARTESIAN_POINT('',(-3.994794364529E0,3.90875E1,1.090791127776E1));
#1362=DIRECTION('',(2.600951782626E-10,9.787115470820E-12,-1.E0));
#1363=DIRECTION('',(-1.E0,8.235190308494E-11,-2.600941684576E-10));
#1364=AXIS2_PLACEMENT_3D('',#1361,#1362,#1363);
#1366=CURVE_STYLE('',#333,POSITIVE_LENGTH_MEASURE(2.E-2),#170);
#1367=PRESENTATION_STYLE_ASSIGNMENT((#1366));
#1368=STYLED_ITEM('',(#1367),#1365);
#1369=DIRECTION('',(2.873618188403E-1,9.578221051285E-1,-1.632217724384E-11));
#1370=VECTOR('',#1369,2.788900015385E0);
#1371=CARTESIAN_POINT('',(-4.090577331431E0,3.911622839438E1,1.090791127771E1));
#1372=LINE('',#1371,#1370);
#1373=CURVE_STYLE('',#333,POSITIVE_LENGTH_MEASURE(2.E-2),#170);
#1374=PRESENTATION_STYLE_ASSIGNMENT((#1373));
#1375=STYLED_ITEM('',(#1374),#1372);
#1376=CARTESIAN_POINT('',(2.542809747310E0,4.432596024325E1,1.021560434849E1));
#1377=CARTESIAN_POINT('',(2.767981902697E0,4.356010461874E1,1.066691183222E1));
#1378=CARTESIAN_POINT('',(3.027784194133E0,4.267646921002E1,1.090791159348E1));
#1379=CARTESIAN_POINT('',(3.289153950437E0,4.178749847811E1,1.090791127767E1));
#1381=CURVE_STYLE('',#333,POSITIVE_LENGTH_MEASURE(2.E-2),#170);
#1382=PRESENTATION_STYLE_ASSIGNMENT((#1381));
#1383=STYLED_ITEM('',(#1382),#1380);
#1384=DIRECTION('',(-1.E0,-1.425771528690E-13,-2.697624540077E-13));
#1385=VECTOR('',#1384,6.578307900883E0);
#1386=CARTESIAN_POINT('',(3.289153950437E0,4.178749847811E1,1.090791127767E1));
#1387=LINE('',#1386,#1385);
#1388=CURVE_STYLE('',#333,POSITIVE_LENGTH_MEASURE(2.E-2),#170);
#1389=PRESENTATION_STYLE_ASSIGNMENT((#1388));
#1390=STYLED_ITEM('',(#1389),#1387);
#1391=CARTESIAN_POINT('',(-3.289153950446E0,4.178749847811E1,1.090791127767E1));
#1392=CARTESIAN_POINT('',(-3.027784194142E0,4.267646921002E1,1.090791159349E1));
#1393=CARTESIAN_POINT('',(-2.767981902704E0,4.356010461873E1,1.066691183221E1));
#1394=CARTESIAN_POINT('',(-2.542809747318E0,4.432596024325E1,1.021560434849E1));
#1396=CURVE_STYLE('',#333,POSITIVE_LENGTH_MEASURE(2.E-2),#170);
#1397=PRESENTATION_STYLE_ASSIGNMENT((#1396));
#1398=STYLED_ITEM('',(#1397),#1395);
#1399=CARTESIAN_POINT('',(-2.399456237313E0,4.477393809578E1,1.004105223354E1));
#1400=CARTESIAN_POINT('',(-2.363416622327E0,4.485135751416E1,1.002453329655E1));
#1401=CARTESIAN_POINT('',(-2.312050894415E0,4.495658379862E1,1.001097974732E1));
#1402=CARTESIAN_POINT('',(-2.257937826490E0,4.506149111747E1,1.000801429454E1));
#1403=CARTESIAN_POINT('',(-2.244296486529E0,4.508749248535E1,1.000799801598E1));
#1405=CURVE_STYLE('',#333,POSITIVE_LENGTH_MEASURE(2.E-2),#170);
#1406=PRESENTATION_STYLE_ASSIGNMENT((#1405));
#1407=STYLED_ITEM('',(#1406),#1404);
#1408=CARTESIAN_POINT('',(-2.244296486529E0,4.508749248535E1,1.000799801598E1));
#1409=CARTESIAN_POINT('',(-2.215857036826E0,4.514170003780E1,1.000796401704E1));
#1410=CARTESIAN_POINT('',(-2.142512780586E0,4.527723109538E1,1.001532232242E1));
#1411=CARTESIAN_POINT('',(-2.020467302484E0,4.548669704979E1,1.005533810320E1));
#1412=CARTESIAN_POINT('',(-1.901495073977E0,4.567486013265E1,1.012368491181E1));
#1413=CARTESIAN_POINT('',(-1.805913528773E0,4.581753072023E1,1.019566296266E1));
#1414=CARTESIAN_POINT('',(-1.734937675617E0,4.591969344264E1,1.025788070309E1));
#1415=CARTESIAN_POINT('',(-1.664994229123E0,4.601696605559E1,1.032843706463E1));
#1416=CARTESIAN_POINT('',(-1.596345911562E0,4.610935197478E1,1.040761082020E1));
#1417=CARTESIAN_POINT('',(-1.530083134430E0,4.619578090473E1,1.049446280299E1));
#1418=CARTESIAN_POINT('',(-1.446619551423E0,4.630157633494E1,1.061981368539E1));
#1419=CARTESIAN_POINT('',(-1.390101393022E0,4.637028690775E1,1.072563584887E1));
#1420=CARTESIAN_POINT('',(-1.355959931190E0,4.641102941151E1,1.080202892458E1));
#1422=CURVE_STYLE('',#333,POSITIVE_LENGTH_MEASURE(2.E-2),#170);
#1423=PRESENTATION_STYLE_ASSIGNMENT((#1422));
#1424=STYLED_ITEM('',(#1423),#1421);
#1425=DIRECTION('',(1.E0,-9.254621010411E-11,-1.698625922601E-10));
#1426=VECTOR('',#1425,2.711919859742E0);
#1427=CARTESIAN_POINT('',(-1.355959931190E0,4.641102941151E1,1.080202892458E1));
#1428=LINE('',#1427,#1426);
#1429=CURVE_STYLE('',#333,POSITIVE_LENGTH_MEASURE(2.E-2),#170);
#1430=PRESENTATION_STYLE_ASSIGNMENT((#1429));
#1431=STYLED_ITEM('',(#1430),#1428);
#1432=CARTESIAN_POINT('',(1.355959928552E0,4.641102941126E1,1.080202892412E1));
#1433=CARTESIAN_POINT('',(1.390101386727E0,4.637028691394E1,1.072563585138E1));
#1434=CARTESIAN_POINT('',(1.446619554244E0,4.630157673656E1,1.061981397754E1));
#1435=CARTESIAN_POINT('',(1.530083703286E0,4.619578039311E1,1.049446252181E1));
#1436=CARTESIAN_POINT('',(1.596344604303E0,4.610935421668E1,1.040761219920E1));
#1437=CARTESIAN_POINT('',(1.664999973281E0,4.601695801150E1,1.032843221203E1));
#1438=CARTESIAN_POINT('',(1.758222762186E0,4.588731242839E1,1.023438804533E1));
#1439=CARTESIAN_POINT('',(1.877644014391E0,4.571257563960E1,1.013740442204E1));
#1440=CARTESIAN_POINT('',(2.020482671211E0,4.548667490138E1,1.005532462241E1));
#1441=CARTESIAN_POINT('',(2.142511240444E0,4.527723379823E1,1.001532420784E1));
#1442=CARTESIAN_POINT('',(2.215856160078E0,4.514170122712E1,1.000796478955E1));
#1443=CARTESIAN_POINT('',(2.244296284722E0,4.508749261743E1,1.000799834942E1));
#1445=CURVE_STYLE('',#333,POSITIVE_LENGTH_MEASURE(2.E-2),#170);
#1446=PRESENTATION_STYLE_ASSIGNMENT((#1445));
#1447=STYLED_ITEM('',(#1446),#1444);
#1448=CARTESIAN_POINT('',(2.244296284722E0,4.508749261743E1,1.000799834942E1));
#1449=CARTESIAN_POINT('',(2.257937763207E0,4.506149109777E1,1.000801441920E1));
#1450=CARTESIAN_POINT('',(2.312051588334E0,4.495658209585E1,1.001097964749E1));
#1451=CARTESIAN_POINT('',(2.363416810370E0,4.485135706402E1,1.002453333770E1));
#1452=CARTESIAN_POINT('',(2.399456418924E0,4.477393763134E1,1.004105233248E1));
#1454=CURVE_STYLE('',#333,POSITIVE_LENGTH_MEASURE(2.E-2),#170);
#1455=PRESENTATION_STYLE_ASSIGNMENT((#1454));
#1456=STYLED_ITEM('',(#1455),#1453);
#1457=CARTESIAN_POINT('',(2.399456418924E0,4.477393763134E1,1.004105233248E1));
#1458=CARTESIAN_POINT('',(2.449839219458E0,4.461649917653E1,1.007471398988E1));
#1459=CARTESIAN_POINT('',(2.498421183009E0,4.446466759636E1,1.013386596061E1));
#1460=CARTESIAN_POINT('',(2.542809747310E0,4.432596024325E1,1.021560434849E1));
#1462=CURVE_STYLE('',#333,POSITIVE_LENGTH_MEASURE(2.E-2),#170);
#1463=PRESENTATION_STYLE_ASSIGNMENT((#1462));
#1464=STYLED_ITEM('',(#1463),#1461);
#1465=DIRECTION('',(-1.E0,-1.900138462295E-13,2.085262246305E-13));
#1466=VECTOR('',#1465,5.085619494628E0);
#1467=CARTESIAN_POINT('',(2.542809747310E0,4.432596024325E1,1.021560434849E1));
#1468=LINE('',#1467,#1466);
#1469=CURVE_STYLE('',#333,POSITIVE_LENGTH_MEASURE(2.E-2),#170);
#1470=PRESENTATION_STYLE_ASSIGNMENT((#1469));
#1471=STYLED_ITEM('',(#1470),#1468);
#1472=CARTESIAN_POINT('',(-2.542809747318E0,4.432596024325E1,1.021560434849E1));
#1473=CARTESIAN_POINT('',(-2.498421138389E0,4.446466773483E1,1.013386587855E1));
#1474=CARTESIAN_POINT('',(-2.449839092122E0,4.461649947233E1,1.007471387404E1));
#1475=CARTESIAN_POINT('',(-2.399456237313E0,4.477393809578E1,1.004105223354E1));
#1477=CURVE_STYLE('',#333,POSITIVE_LENGTH_MEASURE(2.E-2),#170);
#1478=PRESENTATION_STYLE_ASSIGNMENT((#1477));
#1479=STYLED_ITEM('',(#1478),#1476);
#1480=CARTESIAN_POINT('',(-1.434595998960E0,4.656104147168E1,1.075497010061E1));
#1481=CARTESIAN_POINT('',(-1.442081646396E0,4.655151258309E1,1.076318857469E1));
#1482=CARTESIAN_POINT('',(-1.451047862707E0,4.653191759636E1,1.077739597570E1));
#1483=CARTESIAN_POINT('',(-1.449225225711E0,4.649776170092E1,1.079484878935E1));
#1484=CARTESIAN_POINT('',(-1.439652883384E0,4.647112663268E1,1.080504345775E1));
#1485=CARTESIAN_POINT('',(-1.422626579495E0,4.644699664137E1,1.081077896097E1));
#1486=CARTESIAN_POINT('',(-1.393458115659E0,4.642201905707E1,1.081187908849E1));
#1487=CARTESIAN_POINT('',(-1.369702575808E0,4.641342028072E1,1.080651180435E1));
#1488=CARTESIAN_POINT('',(-1.355959931189E0,4.641102941151E1,1.080202892458E1));
#1490=CURVE_STYLE('',#333,POSITIVE_LENGTH_MEASURE(2.E-2),#170);
#1491=PRESENTATION_STYLE_ASSIGNMENT((#1490));
#1492=STYLED_ITEM('',(#1491),#1489);
#1493=CARTESIAN_POINT('',(-2.399456237313E0,4.477393809578E1,1.004105223354E1));
#1494=CARTESIAN_POINT('',(-2.411573587190E0,4.477654807132E1,1.004049389263E1));
#1495=CARTESIAN_POINT('',(-2.435891270603E0,4.478532578180E1,1.003371807485E1));
#1496=CARTESIAN_POINT('',(-2.466802092754E0,4.479379981650E1,1.000913248230E1));
#1497=CARTESIAN_POINT('',(-2.489102282765E0,4.479011152240E1,9.976640845647E0));
#1498=CARTESIAN_POINT('',(-2.492783429319E0,4.478950796245E1,9.953647293693E0));
#1499=CARTESIAN_POINT('',(-2.493513132201E0,4.478750649770E1,9.943232513658E0));
#1501=CURVE_STYLE('',#333,POSITIVE_LENGTH_MEASURE(2.E-2),#170);
#1502=PRESENTATION_STYLE_ASSIGNMENT((#1501));
#1503=STYLED_ITEM('',(#1502),#1500);
#1504=CARTESIAN_POINT('',(-2.493513132201E0,4.478750649770E1,9.943232513658E0));
#1505=CARTESIAN_POINT('',(-2.435986926696E0,4.491963858735E1,9.914288486557E0));
#1506=CARTESIAN_POINT('',(-2.310984731158E0,4.518841139430E1,9.892090860722E0));
#1507=CARTESIAN_POINT('',(-2.076748782645E0,4.562271774745E1,9.962189130176E0));
#1508=CARTESIAN_POINT('',(-1.829210866687E0,4.602056285049E1,1.014670690933E1));
#1509=CARTESIAN_POINT('',(-1.597616344773E0,4.635042664239E1,1.042817422690E1));
#1510=CARTESIAN_POINT('',(-1.482459571141E0,4.650011560216E1,1.063978458725E1));
#1511=CARTESIAN_POINT('',(-1.434595998960E0,4.656104147168E1,1.075497010061E1));
#1513=CURVE_STYLE('',#333,POSITIVE_LENGTH_MEASURE(2.E-2),#170);
#1514=PRESENTATION_STYLE_ASSIGNMENT((#1513));
#1515=STYLED_ITEM('',(#1514),#1512);
#1516=CARTESIAN_POINT('',(-1.404826906846E0,4.659870484568E1,1.079390728922E1));
#1517=CARTESIAN_POINT('',(-1.408374028901E0,4.659424427519E1,1.080617630335E1));
#1518=CARTESIAN_POINT('',(-1.411907601402E0,4.658076760714E1,1.083361929809E1));
#1519=CARTESIAN_POINT('',(-1.396683975872E0,4.654650299427E1,1.087095648171E1));
#1520=CARTESIAN_POINT('',(-1.362701587500E0,4.650955291551E1,1.088768300681E1));
#1521=CARTESIAN_POINT('',(-1.337724375197E0,4.649199470811E1,1.088380059844E1));
#1522=CARTESIAN_POINT('',(-1.326557746990E0,4.648542774884E1,1.087990329955E1));
#1524=CURVE_STYLE('',#333,POSITIVE_LENGTH_MEASURE(2.E-2),#170);
#1525=PRESENTATION_STYLE_ASSIGNMENT((#1524));
#1526=STYLED_ITEM('',(#1525),#1523);
#1527=CARTESIAN_POINT('',(-1.278056226762E0,4.658749999986E1,1.080791127773E1));
#1528=DIRECTION('',(7.500000000006E-1,6.614378277655E-1,0.E0));
#1529=DIRECTION('',(-6.614378277655E-1,7.500000000005E-1,0.E0));
#1530=AXIS2_PLACEMENT_3D('',#1527,#1528,#1529);
#1532=CURVE_STYLE('',#333,POSITIVE_LENGTH_MEASURE(2.E-2),#170);
#1533=PRESENTATION_STYLE_ASSIGNMENT((#1532));
#1534=STYLED_ITEM('',(#1533),#1531);
#1535=CARTESIAN_POINT('',(-1.013481095656E0,4.668749999986E1,1.080791127773E1));
#1536=DIRECTION('',(1.E0,0.E0,0.E0));
#1537=DIRECTION('',(0.E0,1.E0,0.E0));
#1538=AXIS2_PLACEMENT_3D('',#1535,#1536,#1537);
#1540=CURVE_STYLE('',#333,POSITIVE_LENGTH_MEASURE(2.E-2),#170);
#1541=PRESENTATION_STYLE_ASSIGNMENT((#1540));
#1542=STYLED_ITEM('',(#1541),#1539);
#1543=CARTESIAN_POINT('',(-1.013481095656E0,4.628749999986E1,1.080791127773E1));
#1544=DIRECTION('',(0.E0,0.E0,-1.E0));
#1545=DIRECTION('',(-6.614378277649E-1,7.500000000011E-1,0.E0));
#1546=AXIS2_PLACEMENT_3D('',#1543,#1544,#1545);
#1548=CURVE_STYLE('',#333,POSITIVE_LENGTH_MEASURE(2.E-2),#170);
#1549=PRESENTATION_STYLE_ASSIGNMENT((#1548));
#1550=STYLED_ITEM('',(#1549),#1547);
#1551=DIRECTION('',(-1.E0,0.E0,0.E0));
#1552=VECTOR('',#1551,2.026962191312E0);
#1553=CARTESIAN_POINT('',(1.013481095656E0,4.668749999986E1,1.090791127773E1));
#1554=LINE('',#1553,#1552);
#1555=CURVE_STYLE('',#333,POSITIVE_LENGTH_MEASURE(2.E-2),#170);
#1556=PRESENTATION_STYLE_ASSIGNMENT((#1555));
#1557=STYLED_ITEM('',(#1556),#1554);
#1558=DIRECTION('',(1.E0,0.E0,0.E0));
#1559=VECTOR('',#1558,2.026962191312E0);
#1560=CARTESIAN_POINT('',(-1.013481095656E0,4.678749999986E1,1.080791127773E1));
#1561=LINE('',#1560,#1559);
#1562=CURVE_STYLE('',#333,POSITIVE_LENGTH_MEASURE(2.E-2),#170);
#1563=PRESENTATION_STYLE_ASSIGNMENT((#1562));
#1564=STYLED_ITEM('',(#1563),#1561);
#1565=CARTESIAN_POINT('',(1.013481095656E0,4.668749999986E1,1.080791127773E1));
#1566=DIRECTION('',(-1.E0,0.E0,0.E0));
#1567=DIRECTION('',(0.E0,0.E0,1.E0));
#1568=AXIS2_PLACEMENT_3D('',#1565,#1566,#1567);
#1570=CURVE_STYLE('',#333,POSITIVE_LENGTH_MEASURE(2.E-2),#170);
#1571=PRESENTATION_STYLE_ASSIGNMENT((#1570));
#1572=STYLED_ITEM('',(#1571),#1569);
#1573=CARTESIAN_POINT('',(1.013481095656E0,4.628749999986E1,1.080791127773E1));
#1574=DIRECTION('',(0.E0,0.E0,-1.E0));
#1575=DIRECTION('',(0.E0,1.E0,0.E0));
#1576=AXIS2_PLACEMENT_3D('',#1573,#1574,#1575);
#1578=CURVE_STYLE('',#333,POSITIVE_LENGTH_MEASURE(2.E-2),#170);
#1579=PRESENTATION_STYLE_ASSIGNMENT((#1578));
#1580=STYLED_ITEM('',(#1579),#1577);
#1581=CARTESIAN_POINT('',(1.404826907065E0,4.659870484541E1,1.079390728999E1));
#1582=CARTESIAN_POINT('',(1.408374028754E0,4.659424427465E1,1.080617630407E1));
#1583=CARTESIAN_POINT('',(1.411907601403E0,4.658076760496E1,1.083361930175E1));
#1584=CARTESIAN_POINT('',(1.396683974306E0,4.654650299263E1,1.087095648238E1));
#1585=CARTESIAN_POINT('',(1.362701587700E0,4.650955291546E1,1.088768300715E1));
#1586=CARTESIAN_POINT('',(1.337724372882E0,4.649199470675E1,1.088380059763E1));
#1587=CARTESIAN_POINT('',(1.326557744905E0,4.648542774761E1,1.087990329883E1));
#1589=CURVE_STYLE('',#333,POSITIVE_LENGTH_MEASURE(2.E-2),#170);
#1590=PRESENTATION_STYLE_ASSIGNMENT((#1589));
#1591=STYLED_ITEM('',(#1590),#1588);
#1592=CARTESIAN_POINT('',(1.278056226762E0,4.658749999986E1,1.080791127773E1));
#1593=DIRECTION('',(-7.500000000006E-1,6.614378277655E-1,0.E0));
#1594=DIRECTION('',(0.E0,0.E0,1.E0));
#1595=AXIS2_PLACEMENT_3D('',#1592,#1593,#1594);
#1597=CURVE_STYLE('',#333,POSITIVE_LENGTH_MEASURE(2.E-2),#170);
#1598=PRESENTATION_STYLE_ASSIGNMENT((#1597));
#1599=STYLED_ITEM('',(#1598),#1596);
#1600=CARTESIAN_POINT('',(1.434595999618E0,4.656104147084E1,1.075497010128E1));
#1601=CARTESIAN_POINT('',(1.442085621348E0,4.655150787990E1,1.076319274846E1));
#1602=CARTESIAN_POINT('',(1.454245852793E0,4.652547080690E1,1.078217418453E1));
#1603=CARTESIAN_POINT('',(1.443685439114E0,4.646974786808E1,1.080746839337E1));
#1604=CARTESIAN_POINT('',(1.401418398342E0,4.642469319910E1,1.081378814611E1));
#1605=CARTESIAN_POINT('',(1.369700107050E0,4.641341985104E1,1.080651099964E1));
#1606=CARTESIAN_POINT('',(1.355959928552E0,4.641102941126E1,1.080202892412E1));
#1608=CURVE_STYLE('',#333,POSITIVE_LENGTH_MEASURE(2.E-2),#170);
#1609=PRESENTATION_STYLE_ASSIGNMENT((#1608));
#1610=STYLED_ITEM('',(#1609),#1607);
#1611=CARTESIAN_POINT('',(2.493513183479E0,4.478750635392E1,9.943232587896E0));
#1612=CARTESIAN_POINT('',(2.492574368126E0,4.479008136581E1,9.956631891607E0));
#1613=CARTESIAN_POINT('',(2.485565408588E0,4.479256129470E1,9.987261494583E0));
#1614=CARTESIAN_POINT('',(2.448583843328E0,4.479118441843E1,1.002802559468E1));
#1615=CARTESIAN_POINT('',(2.415830389850E0,4.477746443537E1,1.004029785777E1));
#1616=CARTESIAN_POINT('',(2.399456418924E0,4.477393763134E1,1.004105233248E1));
#1618=CURVE_STYLE('',#333,POSITIVE_LENGTH_MEASURE(2.E-2),#170);
#1619=PRESENTATION_STYLE_ASSIGNMENT((#1618));
#1620=STYLED_ITEM('',(#1619),#1617);
#1621=CARTESIAN_POINT('',(1.434595999618E0,4.656104147084E1,1.075497010128E1));
#1622=CARTESIAN_POINT('',(1.482206011183E0,4.650043836037E1,1.064030554358E1));
#1623=CARTESIAN_POINT('',(1.596863669401E0,4.635141616303E1,1.042945893072E1));
#1624=CARTESIAN_POINT('',(1.827614772982E0,4.602292992743E1,1.014831325098E1));
#1625=CARTESIAN_POINT('',(2.074813104655E0,4.562604033421E1,9.963261614280E0));
#1626=CARTESIAN_POINT('',(2.309583192672E0,4.519127960459E1,9.891987070283E0));
#1627=CARTESIAN_POINT('',(2.435473147727E0,4.492081866552E1,9.914190014942E0));
#1628=CARTESIAN_POINT('',(2.493513183479E0,4.478750635392E1,9.943232587896E0));
#1630=CURVE_STYLE('',#333,POSITIVE_LENGTH_MEASURE(2.E-2),#170);
#1631=PRESENTATION_STYLE_ASSIGNMENT((#1630));
#1632=STYLED_ITEM('',(#1631),#1629);
#1633=CARTESIAN_POINT('',(2.493513183479E0,4.478750635392E1,9.943232587896E0));
#1634=CARTESIAN_POINT('',(2.511004526549E0,4.472920467119E1,9.955566837313E0));
#1635=CARTESIAN_POINT('',(2.545081941966E0,4.461563964237E1,9.985814581476E0));
#1636=CARTESIAN_POINT('',(2.593746718989E0,4.445342293798E1,1.004860110654E1));
#1637=CARTESIAN_POINT('',(2.623983404971E0,4.435264071599E1,1.010071555755E1));
#1638=CARTESIAN_POINT('',(2.638597812286E0,4.430392835953E1,1.012944973927E1));
#1640=CURVE_STYLE('',#333,POSITIVE_LENGTH_MEASURE(2.E-2),#170);
#1641=PRESENTATION_STYLE_ASSIGNMENT((#1640));
#1642=STYLED_ITEM('',(#1641),#1639);
#1643=CARTESIAN_POINT('',(2.542809747310E0,4.432596024325E1,1.021560434849E1));
#1644=CARTESIAN_POINT('',(2.563900249982E0,4.433065741844E1,1.021283781469E1));
#1645=CARTESIAN_POINT('',(2.612455989853E0,4.433300106998E1,1.019209444987E1));
#1646=CARTESIAN_POINT('',(2.635520838162E0,4.431418444841E1,1.014842054593E1));
#1647=CARTESIAN_POINT('',(2.638597812286E0,4.430392835953E1,1.012944973927E1));
#1649=CURVE_STYLE('',#333,POSITIVE_LENGTH_MEASURE(2.E-2),#170);
#1650=PRESENTATION_STYLE_ASSIGNMENT((#1649));
#1651=STYLED_ITEM('',(#1650),#1648);
#1652=CARTESIAN_POINT('',(3.289159022694E0,4.178749999986E1,1.080791127773E1));
#1653=DIRECTION('',(2.873605198497E-1,-9.578224948453E-1,0.E0));
#1654=DIRECTION('',(9.578224948453E-1,2.873605198497E-1,0.E0));
#1655=AXIS2_PLACEMENT_3D('',#1652,#1653,#1654);
#1657=CURVE_STYLE('',#333,POSITIVE_LENGTH_MEASURE(2.E-2),#170);
#1658=PRESENTATION_STYLE_ASSIGNMENT((#1657));
#1659=STYLED_ITEM('',(#1658),#1656);
#1660=DIRECTION('',(2.873605198498E-1,-9.578224948453E-1,-6.588506123544E-12));
#1661=VECTOR('',#1660,2.788892474592E0);
#1662=CARTESIAN_POINT('',(3.384941272177E0,4.181623605184E1,1.080791127773E1));
#1663=LINE('',#1662,#1661);
#1664=CURVE_STYLE('',#333,POSITIVE_LENGTH_MEASURE(2.E-2),#170);
#1665=PRESENTATION_STYLE_ASSIGNMENT((#1664));
#1666=STYLED_ITEM('',(#1665),#1663);
#1667=CARTESIAN_POINT('',(4.090576613985E0,3.911623605199E1,1.080791127773E1));
#1668=DIRECTION('',(-2.873605198583E-1,9.578224948427E-1,1.135418845851E-10));
#1669=DIRECTION('',(-3.295041782187E-5,-9.885717630118E-6,9.999999994083E-1));
#1670=AXIS2_PLACEMENT_3D('',#1667,#1668,#1669);
#1672=CURVE_STYLE('',#333,POSITIVE_LENGTH_MEASURE(2.E-2),#170);
#1673=PRESENTATION_STYLE_ASSIGNMENT((#1672));
#1674=STYLED_ITEM('',(#1673),#1671);
#1675=CARTESIAN_POINT('',(3.994794364491E0,3.90875E1,1.080791127777E1));
#1676=DIRECTION('',(-4.479586874166E-10,-1.585237012879E-11,-1.E0));
#1677=DIRECTION('',(9.578224948578E-1,2.873605198079E-1,-4.336175862359E-10));
#1678=AXIS2_PLACEMENT_3D('',#1675,#1676,#1677);
#1680=CURVE_STYLE('',#333,POSITIVE_LENGTH_MEASURE(2.E-2),#170);
#1681=PRESENTATION_STYLE_ASSIGNMENT((#1680));
#1682=STYLED_ITEM('',(#1681),#1679);
#1683=CARTESIAN_POINT('',(1.434595999618E0,4.656104147084E1,1.075497010128E1));
#1684=CARTESIAN_POINT('',(1.432382090250E0,4.656385957127E1,1.076018839675E1));
#1685=CARTESIAN_POINT('',(1.427261860699E0,4.657036997397E1,1.077007564574E1));
#1686=CARTESIAN_POINT('',(1.417165333203E0,4.658316049718E1,1.078343903456E1));
#1687=CARTESIAN_POINT('',(1.409182840920E0,4.659322717848E1,1.079069753183E1));
#1688=CARTESIAN_POINT('',(1.404826907065E0,4.659870484541E1,1.079390728999E1));
#1690=CURVE_STYLE('',#333,POSITIVE_LENGTH_MEASURE(2.E-2),#170);
#1691=PRESENTATION_STYLE_ASSIGNMENT((#1690));
#1692=STYLED_ITEM('',(#1691),#1689);
#1693=DIRECTION('',(4.019053249805E-9,-5.053273370417E-9,-1.E0));
#1694=VECTOR('',#1693,3.034203468227E-1);
#1695=CARTESIAN_POINT('',(1.404826907065E0,4.659870484541E1,1.079390728999E1));
#1696=LINE('',#1695,#1694);
#1697=CURVE_STYLE('',#333,POSITIVE_LENGTH_MEASURE(2.E-2),#170);
#1698=PRESENTATION_STYLE_ASSIGNMENT((#1697));
#1699=STYLED_ITEM('',(#1698),#1696);
#1700=CARTESIAN_POINT('',(1.404826908285E0,4.659870484387E1,1.049048694317E1));
#1701=CARTESIAN_POINT('',(1.404826913572E0,4.659870483723E1,9.964554235701E0));
#1702=CARTESIAN_POINT('',(1.484634602698E0,4.650195231476E1,9.455350626461E0));
#1703=CARTESIAN_POINT('',(1.618389861899E0,4.631781816130E1,8.973015283224E0));
#1705=CURVE_STYLE('',#333,POSITIVE_LENGTH_MEASURE(2.E-2),#170);
#1706=PRESENTATION_STYLE_ASSIGNMENT((#1705));
#1707=STYLED_ITEM('',(#1706),#1704);
#1708=CARTESIAN_POINT('',(-2.781528493309E0,4.382751558877E1,7.905045535690E0));
#1709=CARTESIAN_POINT('',(-2.782446020985E0,4.382445730975E1,7.905045549677E0));
#1710=CARTESIAN_POINT('',(-2.784277531149E0,4.381835256840E1,7.905099191591E0));
#1711=CARTESIAN_POINT('',(-2.787031485089E0,4.380917316189E1,7.905040186975E0));
#1712=CARTESIAN_POINT('',(-2.788866024378E0,4.380305832398E1,7.905143890703E0));
#1713=CARTESIAN_POINT('',(-2.789783565545E0,4.38E1,7.905168379303E0));
#1715=CURVE_STYLE('',#333,POSITIVE_LENGTH_MEASURE(2.E-2),#170);
#1716=PRESENTATION_STYLE_ASSIGNMENT((#1715));
#1717=STYLED_ITEM('',(#1716),#1714);
#1718=DIRECTION('',(1.E0,0.E0,0.E0));
#1719=VECTOR('',#1718,5.579567131081E0);
#1720=CARTESIAN_POINT('',(-2.789783565545E0,4.38E1,7.905168379303E0));
#1721=LINE('',#1720,#1719);
#1722=CURVE_STYLE('',#333,POSITIVE_LENGTH_MEASURE(2.E-2),#170);
#1723=PRESENTATION_STYLE_ASSIGNMENT((#1722));
#1724=STYLED_ITEM('',(#1723),#1721);
#1725=CARTESIAN_POINT('',(2.789783565536E0,4.38E1,7.905168379303E0));
#1726=CARTESIAN_POINT('',(2.788866024369E0,4.380305832398E1,7.905143890703E0));
#1727=CARTESIAN_POINT('',(2.787031485080E0,4.380917316189E1,7.905040186975E0));
#1728=CARTESIAN_POINT('',(2.784277531141E0,4.381835256840E1,7.905099191591E0));
#1729=CARTESIAN_POINT('',(2.782446020977E0,4.382445730975E1,7.905045549677E0));
#1730=CARTESIAN_POINT('',(2.781528493301E0,4.382751558877E1,7.905045535690E0));
#1732=CURVE_STYLE('',#333,POSITIVE_LENGTH_MEASURE(2.E-2),#170);
#1733=PRESENTATION_STYLE_ASSIGNMENT((#1732));
#1734=STYLED_ITEM('',(#1733),#1731);
#1735=CARTESIAN_POINT('',(2.493518720509E0,4.478750148568E1,8.041825831788E0));
#1736=CARTESIAN_POINT('',(2.409907991783E0,4.497954718958E1,8.097680735482E0));
#1737=CARTESIAN_POINT('',(2.229464207475E0,4.535309894782E1,8.242621807525E0));
#1738=CARTESIAN_POINT('',(1.929415896443E0,4.587017618485E1,8.555771510655E0));
#1739=CARTESIAN_POINT('',(1.721340778640E0,4.617612021386E1,8.824093322251E0));
#1740=CARTESIAN_POINT('',(1.618389861899E0,4.631781816130E1,8.973015283224E0));
#1742=CURVE_STYLE('',#333,POSITIVE_LENGTH_MEASURE(2.E-2),#170);
#1743=PRESENTATION_STYLE_ASSIGNMENT((#1742));
#1744=STYLED_ITEM('',(#1743),#1741);
#1745=CARTESIAN_POINT('',(1.618389861899E0,4.631781816130E1,8.973015283224E0));
#1746=CARTESIAN_POINT('',(1.599564468951E0,4.634373147161E1,9.000249700216E0));
#1747=CARTESIAN_POINT('',(1.562062851273E0,4.639182823600E1,9.052584311568E0));
#1748=CARTESIAN_POINT('',(1.506927411893E0,4.645353267256E1,9.123784042529E0));
#1749=CARTESIAN_POINT('',(1.452726855749E0,4.650619321044E1,9.187795964852E0));
#1750=CARTESIAN_POINT('',(1.399335259323E0,4.655072589262E1,9.244481548826E0));
#1751=CARTESIAN_POINT('',(1.346545167122E0,4.658784166951E1,9.293664655253E0));
#1752=CARTESIAN_POINT('',(1.294275832153E0,4.661794490621E1,9.334944673486E0));
#1753=CARTESIAN_POINT('',(1.242379622465E0,4.664128397282E1,9.367871241231E0));
#1754=CARTESIAN_POINT('',(1.191663800810E0,4.665765178001E1,9.391438855831E0));
#1755=CARTESIAN_POINT('',(1.141871027304E0,4.666746531204E1,9.405862880876E0));
#1756=CARTESIAN_POINT('',(1.111501631460E0,4.666896804673E1,9.407887434168E0));
#1757=CARTESIAN_POINT('',(1.096826457070E0,4.666898393887E1,9.407910775771E0));
#1759=CURVE_STYLE('',#333,POSITIVE_LENGTH_MEASURE(2.E-2),#170);
#1760=PRESENTATION_STYLE_ASSIGNMENT((#1759));
#1761=STYLED_ITEM('',(#1760),#1758);
#1762=DIRECTION('',(-1.E0,-5.441662117008E-13,2.737026481471E-13));
#1763=VECTOR('',#1762,2.193652914145E0);
#1764=CARTESIAN_POINT('',(1.096826457070E0,4.666898393887E1,9.407910775771E0));
#1765=LINE('',#1764,#1763);
#1766=CURVE_STYLE('',#333,POSITIVE_LENGTH_MEASURE(2.E-2),#170);
#1767=PRESENTATION_STYLE_ASSIGNMENT((#1766));
#1768=STYLED_ITEM('',(#1767),#1765);
#1769=CARTESIAN_POINT('',(-1.096826457076E0,4.666898393887E1,9.407910775772E0));
#1770=CARTESIAN_POINT('',(-1.111507763318E0,4.666896804009E1,9.407887424416E0));
#1771=CARTESIAN_POINT('',(-1.141886035061E0,4.666746208971E1,9.405858190572E0));
#1772=CARTESIAN_POINT('',(-1.191637683322E0,4.665765841873E1,9.391448478281E0));
#1773=CARTESIAN_POINT('',(-1.242388619885E0,4.664128155354E1,9.367867742228E0));
#1774=CARTESIAN_POINT('',(-1.294281381552E0,4.661794197699E1,9.334940553676E0));
#1775=CARTESIAN_POINT('',(-1.346564642096E0,4.658782980350E1,9.293648531392E0));
#1776=CARTESIAN_POINT('',(-1.399358128376E0,4.655070826327E1,9.244458618402E0));
#1777=CARTESIAN_POINT('',(-1.452748652573E0,4.650617350907E1,9.187771446347E0));
#1778=CARTESIAN_POINT('',(-1.506947316487E0,4.645351170613E1,9.123759255316E0));
#1779=CARTESIAN_POINT('',(-1.562075940577E0,4.639181202233E1,9.052566369524E0));
#1780=CARTESIAN_POINT('',(-1.599569235603E0,4.634372491027E1,9.000242804371E0));
#1781=CARTESIAN_POINT('',(-1.618389861898E0,4.631781816129E1,8.973015283224E0));
#1783=CURVE_STYLE('',#333,POSITIVE_LENGTH_MEASURE(2.E-2),#170);
#1784=PRESENTATION_STYLE_ASSIGNMENT((#1783));
#1785=STYLED_ITEM('',(#1784),#1782);
#1786=CARTESIAN_POINT('',(-1.618389861898E0,4.631781816129E1,8.973015283224E0));
#1787=CARTESIAN_POINT('',(-1.721883035005E0,4.617537387165E1,8.823308930194E0));
#1788=CARTESIAN_POINT('',(-1.930787082804E0,4.586815581532E1,8.554425078291E0));
#1789=CARTESIAN_POINT('',(-2.228726222888E0,4.535420581866E1,8.243317651575E0));
#1790=CARTESIAN_POINT('',(-2.409654307880E0,4.498012987115E1,8.097850206115E0));
#1791=CARTESIAN_POINT('',(-2.493518708896E0,4.478750151236E1,8.041825842072E0));
#1793=CURVE_STYLE('',#333,POSITIVE_LENGTH_MEASURE(2.E-2),#170);
#1794=PRESENTATION_STYLE_ASSIGNMENT((#1793));
#1795=STYLED_ITEM('',(#1794),#1792);
#1796=CARTESIAN_POINT('',(-2.781528493309E0,4.382751558877E1,7.905045535690E0));
#1797=CARTESIAN_POINT('',(-2.749042029398E0,4.393579861223E1,7.905045040466E0));
#1798=CARTESIAN_POINT('',(-2.684383768370E0,4.415131572903E1,7.914956770200E0));
#1799=CARTESIAN_POINT('',(-2.587874440997E0,4.447299847962E1,7.960829466092E0));
#1800=CARTESIAN_POINT('',(-2.524813558313E0,4.468319034686E1,8.011487802822E0));
#1801=CARTESIAN_POINT('',(-2.493518708896E0,4.478750151236E1,8.041825842072E0));
#1803=CURVE_STYLE('',#333,POSITIVE_LENGTH_MEASURE(2.E-2),#170);
#1804=PRESENTATION_STYLE_ASSIGNMENT((#1803));
#1805=STYLED_ITEM('',(#1804),#1802);
#1806=DIRECTION('',(2.932931380611E-6,2.621920330207E-6,9.999999999923E-1));
#1807=VECTOR('',#1806,1.901406671601E0);
#1808=CARTESIAN_POINT('',(-2.493518708896E0,4.478750151236E1,8.041825842072E0));
#1809=LINE('',#1808,#1807);
#1810=CURVE_STYLE('',#333,POSITIVE_LENGTH_MEASURE(2.E-2),#170);
#1811=PRESENTATION_STYLE_ASSIGNMENT((#1810));
#1812=STYLED_ITEM('',(#1811),#1809);
#1813=CARTESIAN_POINT('',(-2.638597812296E0,4.430392835953E1,1.012944973927E1));
#1814=CARTESIAN_POINT('',(-2.712155602984E0,4.405874747446E1,1.027462759972E1));
#1815=CARTESIAN_POINT('',(-2.865603258154E0,4.354727980318E1,1.051858329752E1));
#1816=CARTESIAN_POINT('',(-3.121728877313E0,4.269356865433E1,1.075575013790E1));
#1817=CARTESIAN_POINT('',(-3.295866217631E0,4.211313867099E1,1.080715016803E1));
#1818=CARTESIAN_POINT('',(-3.384941272191E0,4.181623605183E1,1.080791127773E1));
#1820=CURVE_STYLE('',#333,POSITIVE_LENGTH_MEASURE(2.E-2),#170);
#1821=PRESENTATION_STYLE_ASSIGNMENT((#1820));
#1822=STYLED_ITEM('',(#1821),#1819);
#1823=CARTESIAN_POINT('',(-1.618389861898E0,4.631781816129E1,8.973015283224E0));
#1824=CARTESIAN_POINT('',(-1.484634602698E0,4.650195231477E1,9.455350626458E0));
#1825=CARTESIAN_POINT('',(-1.404826913569E0,4.659870483723E1,9.964554235700E0));
#1826=CARTESIAN_POINT('',(-1.404826908284E0,4.659870484387E1,1.049048694317E1));
#1828=CURVE_STYLE('',#333,POSITIVE_LENGTH_MEASURE(2.E-2),#170);
#1829=PRESENTATION_STYLE_ASSIGNMENT((#1828));
#1830=STYLED_ITEM('',(#1829),#1827);
#1831=DIRECTION('',(4.739830945480E-9,5.953054294075E-9,1.E0));
#1832=VECTOR('',#1831,3.034203460568E-1);
#1833=CARTESIAN_POINT('',(-1.404826908284E0,4.659870484387E1,1.049048694317E1));
#1834=LINE('',#1833,#1832);
#1835=CURVE_STYLE('',#333,POSITIVE_LENGTH_MEASURE(2.E-2),#170);
#1836=PRESENTATION_STYLE_ASSIGNMENT((#1835));
#1837=STYLED_ITEM('',(#1836),#1834);
#1838=CARTESIAN_POINT('',(-1.404826906846E0,4.659870484568E1,1.079390728922E1));
#1839=CARTESIAN_POINT('',(-1.416637066726E0,4.658385335243E1,1.078520221515E1));
#1840=CARTESIAN_POINT('',(-1.427306756292E0,4.657031999869E1,1.077215139418E1));
#1841=CARTESIAN_POINT('',(-1.434595998960E0,4.656104147168E1,1.075497010061E1));
#1843=CURVE_STYLE('',#333,POSITIVE_LENGTH_MEASURE(2.E-2),#170);
#1844=PRESENTATION_STYLE_ASSIGNMENT((#1843));
#1845=STYLED_ITEM('',(#1844),#1842);
#1846=CARTESIAN_POINT('',(-1.013481095656E0,4.628749999986E1,1.049048697268E1));
#1847=DIRECTION('',(0.E0,0.E0,1.E0));
#1848=DIRECTION('',(0.E0,1.E0,0.E0));
#1849=AXIS2_PLACEMENT_3D('',#1846,#1847,#1848);
#1851=CURVE_STYLE('',#333,POSITIVE_LENGTH_MEASURE(2.E-2),#170);
#1852=PRESENTATION_STYLE_ASSIGNMENT((#1851));
#1853=STYLED_ITEM('',(#1852),#1850);
#1854=CARTESIAN_POINT('',(1.096826457070E0,4.666898393887E1,9.407910775771E0));
#1855=CARTESIAN_POINT('',(1.043154393887E0,4.674706690658E1,9.759465859422E0));
#1856=CARTESIAN_POINT('',(1.013481098172E0,4.678749999986E1,1.012127056005E1));
#1857=CARTESIAN_POINT('',(1.013481095656E0,4.678749999986E1,1.049048697268E1));
#1859=CURVE_STYLE('',#333,POSITIVE_LENGTH_MEASURE(2.E-2),#170);
#1860=PRESENTATION_STYLE_ASSIGNMENT((#1859));
#1861=STYLED_ITEM('',(#1860),#1858);
#1862=DIRECTION('',(-1.E0,-1.612509892146E-13,-1.148036934082E-13));
#1863=VECTOR('',#1862,2.026962191312E0);
#1864=CARTESIAN_POINT('',(1.013481095656E0,4.678749999986E1,1.049048697268E1));
#1865=LINE('',#1864,#1863);
#1866=CURVE_STYLE('',#333,POSITIVE_LENGTH_MEASURE(2.E-2),#170);
#1867=PRESENTATION_STYLE_ASSIGNMENT((#1866));
#1868=STYLED_ITEM('',(#1867),#1865);
#1869=CARTESIAN_POINT('',(-1.013481095656E0,4.678749999986E1,1.049048697268E1));
#1870=CARTESIAN_POINT('',(-1.013481098172E0,4.678749999986E1,1.012127055970E1));
#1871=CARTESIAN_POINT('',(-1.043154393979E0,4.674706690672E1,9.759465859708E0));
#1872=CARTESIAN_POINT('',(-1.096826457076E0,4.666898393887E1,9.407910775772E0));
#1874=CURVE_STYLE('',#333,POSITIVE_LENGTH_MEASURE(2.E-2),#170);
#1875=PRESENTATION_STYLE_ASSIGNMENT((#1874));
#1876=STYLED_ITEM('',(#1875),#1873);
#1877=CARTESIAN_POINT('',(1.013481095656E0,4.628749999986E1,1.049048697268E1));
#1878=DIRECTION('',(0.E0,0.E0,1.E0));
#1879=DIRECTION('',(7.826916186298E-1,6.224096963630E-1,0.E0));
#1880=AXIS2_PLACEMENT_3D('',#1877,#1878,#1879);
#1882=CURVE_STYLE('',#333,POSITIVE_LENGTH_MEASURE(2.E-2),#170);
#1883=PRESENTATION_STYLE_ASSIGNMENT((#1882));
#1884=STYLED_ITEM('',(#1883),#1881);
#1885=DIRECTION('',(0.E0,-3.178618236618E-12,-1.E0));
#1886=VECTOR('',#1885,3.174243050505E-1);
#1887=CARTESIAN_POINT('',(1.013481095656E0,4.678749999986E1,1.080791127773E1));
#1888=LINE('',#1887,#1886);
#1889=CURVE_STYLE('',#333,POSITIVE_LENGTH_MEASURE(2.E-2),#170);
#1890=PRESENTATION_STYLE_ASSIGNMENT((#1889));
#1891=STYLED_ITEM('',(#1890),#1888);
#1892=CARTESIAN_POINT('',(1.404826907065E0,4.659870484541E1,1.079390728999E1));
#1893=CARTESIAN_POINT('',(1.399502338988E0,4.660540058760E1,1.079707604494E1));
#1894=CARTESIAN_POINT('',(1.387992188270E0,4.661917917914E1,1.080231232955E1));
#1895=CARTESIAN_POINT('',(1.367630106009E0,4.664090231993E1,1.080692990480E1));
#1896=CARTESIAN_POINT('',(1.352340701354E0,4.665532058451E1,1.080791154070E1));
#1897=CARTESIAN_POINT('',(1.344200009538E0,4.666249999986E1,1.080791127773E1));
#1899=CURVE_STYLE('',#333,POSITIVE_LENGTH_MEASURE(2.E-2),#170);
#1900=PRESENTATION_STYLE_ASSIGNMENT((#1899));
#1901=STYLED_ITEM('',(#1900),#1898);
#1902=DIRECTION('',(0.E0,4.208311468195E-12,1.E0));
#1903=VECTOR('',#1902,3.174243050507E-1);
#1904=CARTESIAN_POINT('',(-1.013481095656E0,4.678749999986E1,1.049048697268E1));
#1905=LINE('',#1904,#1903);
#1906=CURVE_STYLE('',#333,POSITIVE_LENGTH_MEASURE(2.E-2),#170);
#1907=PRESENTATION_STYLE_ASSIGNMENT((#1906));
#1908=STYLED_ITEM('',(#1907),#1905);
#1909=CARTESIAN_POINT('',(-1.344200009538E0,4.666249999986E1,1.080791127773E1));
#1910=CARTESIAN_POINT('',(-1.352342572690E0,4.665531893415E1,1.080791150317E1));
#1911=CARTESIAN_POINT('',(-1.367632743524E0,4.664089774948E1,1.080694053330E1));
#1912=CARTESIAN_POINT('',(-1.387935498588E0,4.661924234389E1,1.080231641274E1));
#1913=CARTESIAN_POINT('',(-1.399481394406E0,4.660542692579E1,1.079708654815E1));
#1914=CARTESIAN_POINT('',(-1.404826906846E0,4.659870484568E1,1.079390728922E1));
#1916=CURVE_STYLE('',#333,POSITIVE_LENGTH_MEASURE(2.E-2),#170);
#1917=PRESENTATION_STYLE_ASSIGNMENT((#1916));
#1918=STYLED_ITEM('',(#1917),#1915);
#1919=CARTESIAN_POINT('',(-2.542809747318E0,4.432596024325E1,1.021560434849E1));
#1920=CARTESIAN_POINT('',(-2.563900282471E0,4.433065746901E1,1.021283788397E1));
#1921=CARTESIAN_POINT('',(-2.612455651350E0,4.433300110450E1,1.019209468080E1));
#1922=CARTESIAN_POINT('',(-2.635520828948E0,4.431418447916E1,1.014842060280E1));
#1923=CARTESIAN_POINT('',(-2.638597812296E0,4.430392835953E1,1.012944973927E1));
#1925=CURVE_STYLE('',#333,POSITIVE_LENGTH_MEASURE(2.E-2),#170);
#1926=PRESENTATION_STYLE_ASSIGNMENT((#1925));
#1927=STYLED_ITEM('',(#1926),#1924);
#1928=CARTESIAN_POINT('',(-2.638597812296E0,4.430392835953E1,1.012944973927E1));
#1929=CARTESIAN_POINT('',(-2.623982244234E0,4.435264458496E1,1.010071364024E1));
#1930=CARTESIAN_POINT('',(-2.593744004927E0,4.445343198082E1,1.004859664685E1));
#1931=CARTESIAN_POINT('',(-2.545079058020E0,4.461564926777E1,9.985811751981E0));
#1932=CARTESIAN_POINT('',(-2.511003258238E0,4.472920887155E1,9.955565589718E0));
#1933=CARTESIAN_POINT('',(-2.493513132201E0,4.478750649770E1,9.943232513658E0));
#1935=CURVE_STYLE('',#333,POSITIVE_LENGTH_MEASURE(2.E-2),#170);
#1936=PRESENTATION_STYLE_ASSIGNMENT((#1935));
#1937=STYLED_ITEM('',(#1936),#1934);
#1938=CARTESIAN_POINT('',(-1.326557746990E0,4.648542774884E1,1.087990329955E1));
#1939=CARTESIAN_POINT('',(-1.312762459625E0,4.652012325738E1,1.090049407228E1));
#1940=CARTESIAN_POINT('',(-1.296072430678E0,4.655572228837E1,1.090791127791E1));
#1941=CARTESIAN_POINT('',(-1.278056227017E0,4.658750000015E1,1.090791127773E1));
#1943=CURVE_STYLE('',#333,POSITIVE_LENGTH_MEASURE(2.E-2),#170);
#1944=PRESENTATION_STYLE_ASSIGNMENT((#1943));
#1945=STYLED_ITEM('',(#1944),#1942);
#1946=DIRECTION('',(1.E0,-1.015564407959E-10,4.656129587047E-14));
#1947=VECTOR('',#1946,2.556112453805E0);
#1948=CARTESIAN_POINT('',(-1.278056227017E0,4.658750000015E1,1.090791127773E1));
#1949=LINE('',#1948,#1947);
#1950=CURVE_STYLE('',#333,POSITIVE_LENGTH_MEASURE(2.E-2),#170);
#1951=PRESENTATION_STYLE_ASSIGNMENT((#1950));
#1952=STYLED_ITEM('',(#1951),#1949);
#1953=CARTESIAN_POINT('',(1.278056226788E0,4.658749999989E1,1.090791127773E1));
#1954=CARTESIAN_POINT('',(1.296297028926E0,4.655532620369E1,1.090791127775E1));
#1955=CARTESIAN_POINT('',(1.312873332489E0,4.651984412920E1,1.090032841805E1));
#1956=CARTESIAN_POINT('',(1.326557744905E0,4.648542774761E1,1.087990329883E1));
#1958=CURVE_STYLE('',#333,POSITIVE_LENGTH_MEASURE(2.E-2),#170);
#1959=PRESENTATION_STYLE_ASSIGNMENT((#1958));
#1960=STYLED_ITEM('',(#1959),#1957);
#1961=CARTESIAN_POINT('',(1.326557744905E0,4.648542774761E1,1.087990329883E1));
#1962=CARTESIAN_POINT('',(1.338183626568E0,4.645618827556E1,1.086255052419E1));
#1963=CARTESIAN_POINT('',(1.348701073175E0,4.642950810580E1,1.083667647685E1));
#1964=CARTESIAN_POINT('',(1.355959928552E0,4.641102941126E1,1.080202892412E1));
#1966=CURVE_STYLE('',#333,POSITIVE_LENGTH_MEASURE(2.E-2),#170);
#1967=PRESENTATION_STYLE_ASSIGNMENT((#1966));
#1968=STYLED_ITEM('',(#1967),#1965);
#1969=CARTESIAN_POINT('',(-1.355959931190E0,4.641102941151E1,1.080202892458E1));
#1970=CARTESIAN_POINT('',(-1.348760385158E0,4.642935687522E1,1.083639291901E1));
#1971=CARTESIAN_POINT('',(-1.338221687971E0,4.645609268074E1,1.086249379177E1));
#1972=CARTESIAN_POINT('',(-1.326557746990E0,4.648542774884E1,1.087990329955E1));
#1974=CURVE_STYLE('',#333,POSITIVE_LENGTH_MEASURE(2.E-2),#170);
#1975=PRESENTATION_STYLE_ASSIGNMENT((#1974));
#1976=STYLED_ITEM('',(#1975),#1973);
#1977=CARTESIAN_POINT('',(1.013481095656E0,4.628749999986E1,1.090791127773E1));
#1978=DIRECTION('',(0.E0,0.E0,-1.E0));
#1979=DIRECTION('',(0.E0,1.E0,0.E0));
#1980=AXIS2_PLACEMENT_3D('',#1977,#1978,#1979);
#1982=CURVE_STYLE('',#333,POSITIVE_LENGTH_MEASURE(2.E-2),#170);
#1983=PRESENTATION_STYLE_ASSIGNMENT((#1982));
#1984=STYLED_ITEM('',(#1983),#1981);
#1985=CARTESIAN_POINT('',(-1.013481095656E0,4.628749999986E1,1.090791127773E1));
#1986=DIRECTION('',(0.E0,0.E0,-1.E0));
#1987=DIRECTION('',(-6.614378277661E-1,7.5E-1,0.E0));
#1988=AXIS2_PLACEMENT_3D('',#1985,#1986,#1987);
#1990=CURVE_STYLE('',#333,POSITIVE_LENGTH_MEASURE(2.E-2),#170);
#1991=PRESENTATION_STYLE_ASSIGNMENT((#1990));
#1992=STYLED_ITEM('',(#1991),#1989);
#1993=CARTESIAN_POINT('',(-3.994794364516E0,3.89875E1,1.080791127773E1));
#1994=DIRECTION('',(1.E0,-2.010822064415E-11,3.179089444510E-12));
#1995=DIRECTION('',(-3.179678742487E-12,7.247535904664E-12,1.E0));
#1996=AXIS2_PLACEMENT_3D('',#1993,#1994,#1995);
#1998=CURVE_STYLE('',#333,POSITIVE_LENGTH_MEASURE(2.E-2),#170);
#1999=PRESENTATION_STYLE_ASSIGNMENT((#1998));
#2000=STYLED_ITEM('',(#1999),#1997);
#2001=CARTESIAN_POINT('',(-3.994794364514E0,3.90875E1,1.080791127773E1));
#2002=DIRECTION('',(3.179089444615E-12,5.238174477848E-12,-1.E0));
#2003=DIRECTION('',(-1.642463942610E-11,-1.E0,-5.240252676166E-12));
#2004=AXIS2_PLACEMENT_3D('',#2001,#2002,#2003);
#2006=CURVE_STYLE('',#333,POSITIVE_LENGTH_MEASURE(2.E-2),#170);
#2007=PRESENTATION_STYLE_ASSIGNMENT((#2006));
#2008=STYLED_ITEM('',(#2007),#2005);
#2009=DIRECTION('',(1.E0,1.477277869209E-13,-3.588216879234E-13));
#2010=VECTOR('',#2009,7.022324072081E0);
#2011=CARTESIAN_POINT('',(-3.511162036040E0,4.318685007629E1,5.147272773149E0));
#2012=LINE('',#2011,#2010);
#2013=CURVE_STYLE('',#333,POSITIVE_LENGTH_MEASURE(2.E-2),#170);
#2014=PRESENTATION_STYLE_ASSIGNMENT((#2013));
#2015=STYLED_ITEM('',(#2014),#2012);
#2016=DIRECTION('',(-1.E0,0.E0,0.E0));
#2017=VECTOR('',#2016,7.022324072082E0);
#2018=CARTESIAN_POINT('',(3.511162036041E0,4.38E1,6.069415396865E0));
#2019=LINE('',#2018,#2017);
#2020=CURVE_STYLE('',#333,POSITIVE_LENGTH_MEASURE(2.E-2),#170);
#2021=PRESENTATION_STYLE_ASSIGNMENT((#2020));
#2022=STYLED_ITEM('',(#2021),#2019);
#2023=CARTESIAN_POINT('',(3.511162036041E0,4.28E1,6.069415396865E0));
#2024=DIRECTION('',(-1.E0,0.E0,0.E0));
#2025=DIRECTION('',(0.E0,1.E0,0.E0));
#2026=AXIS2_PLACEMENT_3D('',#2023,#2024,#2025);
#2028=CURVE_STYLE('',#333,POSITIVE_LENGTH_MEASURE(2.E-2),#170);
#2029=PRESENTATION_STYLE_ASSIGNMENT((#2028));
#2030=STYLED_ITEM('',(#2029),#2027);
#2031=CARTESIAN_POINT('',(3.511162036041E0,4.28E1,6.069415396865E0));
#2032=DIRECTION('',(2.666400415163E-1,-8.887575437395E-1,-3.728446281044E-1));
#2033=DIRECTION('',(4.804157072158E-12,3.868500762910E-1,-9.221426237159E-1));
#2034=AXIS2_PLACEMENT_3D('',#2031,#2032,#2033);
#2036=CURVE_STYLE('',#333,POSITIVE_LENGTH_MEASURE(2.E-2),#170);
#2037=PRESENTATION_STYLE_ASSIGNMENT((#2036));
#2038=STYLED_ITEM('',(#2037),#2035);
#2039=CARTESIAN_POINT('',(3.511162036041E0,4.28E1,6.069415396865E0));
#2040=DIRECTION('',(0.E0,0.E0,1.E0));
#2041=DIRECTION('',(9.578224948453E-1,2.873605198497E-1,0.E0));
#2042=AXIS2_PLACEMENT_3D('',#2039,#2040,#2041);
#2044=CURVE_STYLE('',#333,POSITIVE_LENGTH_MEASURE(2.E-2),#170);
#2045=PRESENTATION_STYLE_ASSIGNMENT((#2044));
#2046=STYLED_ITEM('',(#2045),#2043);
#2047=DIRECTION('',(0.E0,0.E0,-1.E0));
#2048=VECTOR('',#2047,2.838495880864E0);
#2049=CARTESIAN_POINT('',(3.511162036041E0,4.38E1,8.907911277729E0));
#2050=LINE('',#2049,#2048);
#2051=CURVE_STYLE('',#333,POSITIVE_LENGTH_MEASURE(2.E-2),#170);
#2052=PRESENTATION_STYLE_ASSIGNMENT((#2051));
#2053=STYLED_ITEM('',(#2052),#2050);
#2054=DIRECTION('',(-1.948823757574E-8,6.495671743356E-8,1.E0));
#2055=VECTOR('',#2054,2.638495435550E0);
#2056=CARTESIAN_POINT('',(4.468984582306E0,4.308736034846E1,6.069415842179E0));
#2057=LINE('',#2056,#2055);
#2058=CURVE_STYLE('',#333,POSITIVE_LENGTH_MEASURE(2.E-2),#170);
#2059=PRESENTATION_STYLE_ASSIGNMENT((#2058));
#2060=STYLED_ITEM('',(#2059),#2057);
#2061=CARTESIAN_POINT('',(-3.511162036037E0,4.28E1,6.069415396865E0));
#2062=DIRECTION('',(-2.666400415148E-1,-8.887575437395E-1,-3.728446281054E-1));
#2063=DIRECTION('',(-9.578224418086E-1,2.873606966299E-1,-4.593238305262E-7));
#2064=AXIS2_PLACEMENT_3D('',#2061,#2062,#2063);
#2066=CURVE_STYLE('',#333,POSITIVE_LENGTH_MEASURE(2.E-2),#170);
#2067=PRESENTATION_STYLE_ASSIGNMENT((#2066));
#2068=STYLED_ITEM('',(#2067),#2065);
#2069=CARTESIAN_POINT('',(-3.511162036041E0,4.28E1,6.069415396865E0));
#2070=DIRECTION('',(1.E0,0.E0,0.E0));
#2071=DIRECTION('',(0.E0,3.868500762902E-1,-9.221426237162E-1));
#2072=AXIS2_PLACEMENT_3D('',#2069,#2070,#2071);
#2074=CURVE_STYLE('',#333,POSITIVE_LENGTH_MEASURE(2.E-2),#170);
#2075=PRESENTATION_STYLE_ASSIGNMENT((#2074));
#2076=STYLED_ITEM('',(#2075),#2073);
#2077=CARTESIAN_POINT('',(-3.511162036041E0,4.28E1,6.069415396865E0));
#2078=DIRECTION('',(0.E0,0.E0,1.E0));
#2079=DIRECTION('',(0.E0,1.E0,0.E0));
#2080=AXIS2_PLACEMENT_3D('',#2077,#2078,#2079);
#2082=CURVE_STYLE('',#333,POSITIVE_LENGTH_MEASURE(2.E-2),#170);
#2083=PRESENTATION_STYLE_ASSIGNMENT((#2082));
#2084=STYLED_ITEM('',(#2083),#2081);
#2085=DIRECTION('',(7.071067811865E-1,0.E0,-7.071067811866E-1));
#2086=VECTOR('',#2085,2.828427124752E-1);
#2087=CARTESIAN_POINT('',(1.28E1,-9.6E0,8.907911277729E0));
#2088=LINE('',#2087,#2086);
#2089=CURVE_STYLE('',#333,POSITIVE_LENGTH_MEASURE(2.E-2),#170);
#2090=PRESENTATION_STYLE_ASSIGNMENT((#2089));
#2091=STYLED_ITEM('',(#2090),#2088);
#2092=DIRECTION('',(-2.192099929473E-14,0.E0,-1.E0));
#2093=VECTOR('',#2092,1.88E1);
#2094=CARTESIAN_POINT('',(1.3E1,-9.6E0,8.707911277729E0));
#2095=LINE('',#2094,#2093);
#2096=CURVE_STYLE('',#333,POSITIVE_LENGTH_MEASURE(2.E-2),#170);
#2097=PRESENTATION_STYLE_ASSIGNMENT((#2096));
#2098=STYLED_ITEM('',(#2097),#2095);
#2099=CARTESIAN_POINT('',(1.2E1,-9.6E0,-1.009208872227E1));
#2100=DIRECTION('',(0.E0,1.E0,0.E0));
#2101=DIRECTION('',(1.E0,0.E0,0.E0));
#2102=AXIS2_PLACEMENT_3D('',#2099,#2100,#2101);
#2104=CURVE_STYLE('',#333,POSITIVE_LENGTH_MEASURE(2.E-2),#170);
#2105=PRESENTATION_STYLE_ASSIGNMENT((#2104));
#2106=STYLED_ITEM('',(#2105),#2103);
#2107=CARTESIAN_POINT('',(9.5E0,-1.66E1,7.907911277729E0));
#2108=DIRECTION('',(-1.E0,0.E0,0.E0));
#2109=DIRECTION('',(0.E0,-1.E0,0.E0));
#2110=AXIS2_PLACEMENT_3D('',#2107,#2108,#2109);
#2112=CURVE_STYLE('',#333,POSITIVE_LENGTH_MEASURE(2.E-2),#170);
#2113=PRESENTATION_STYLE_ASSIGNMENT((#2112));
#2114=STYLED_ITEM('',(#2113),#2111);
#2115=DIRECTION('',(0.E0,1.E0,0.E0));
#2116=VECTOR('',#2115,7.E0);
#2117=CARTESIAN_POINT('',(9.5E0,-1.66E1,8.907911277729E0));
#2118=LINE('',#2117,#2116);
#2119=CURVE_STYLE('',#333,POSITIVE_LENGTH_MEASURE(2.E-2),#170);
#2120=PRESENTATION_STYLE_ASSIGNMENT((#2119));
#2121=STYLED_ITEM('',(#2120),#2118);
#2122=DIRECTION('',(0.E0,0.E0,-1.E0));
#2123=VECTOR('',#2122,2.E1);
#2124=CARTESIAN_POINT('',(9.5E0,-9.6E0,8.907911277729E0));
#2125=LINE('',#2124,#2123);
#2126=CURVE_STYLE('',#333,POSITIVE_LENGTH_MEASURE(2.E-2),#170);
#2127=PRESENTATION_STYLE_ASSIGNMENT((#2126));
#2128=STYLED_ITEM('',(#2127),#2125);
#2129=CARTESIAN_POINT('',(9.5E0,-1.66E1,-1.009208872227E1));
#2130=DIRECTION('',(-1.E0,0.E0,0.E0));
#2131=DIRECTION('',(0.E0,0.E0,-1.E0));
#2132=AXIS2_PLACEMENT_3D('',#2129,#2130,#2131);
#2134=CURVE_STYLE('',#333,POSITIVE_LENGTH_MEASURE(2.E-2),#170);
#2135=PRESENTATION_STYLE_ASSIGNMENT((#2134));
#2136=STYLED_ITEM('',(#2135),#2133);
#2137=DIRECTION('',(0.E0,0.E0,1.E0));
#2138=VECTOR('',#2137,1.8E1);
#2139=CARTESIAN_POINT('',(9.5E0,-1.76E1,-1.009208872227E1));
#2140=LINE('',#2139,#2138);
#2141=CURVE_STYLE('',#333,POSITIVE_LENGTH_MEASURE(2.E-2),#170);
#2142=PRESENTATION_STYLE_ASSIGNMENT((#2141));
#2143=STYLED_ITEM('',(#2142),#2140);
#2144=CARTESIAN_POINT('',(9.5E0,-1.36E1,-7.092088722271E0));
#2145=DIRECTION('',(1.E0,0.E0,0.E0));
#2146=DIRECTION('',(0.E0,1.E0,0.E0));
#2147=AXIS2_PLACEMENT_3D('',#2144,#2145,#2146);
#2149=CURVE_STYLE('',#333,POSITIVE_LENGTH_MEASURE(2.E-2),#170);
#2150=PRESENTATION_STYLE_ASSIGNMENT((#2149));
#2151=STYLED_ITEM('',(#2150),#2148);
#2152=CARTESIAN_POINT('',(9.5E0,-1.36E1,-7.092088722271E0));
#2153=DIRECTION('',(1.E0,0.E0,0.E0));
#2154=DIRECTION('',(0.E0,-1.E0,0.E0));
#2155=AXIS2_PLACEMENT_3D('',#2152,#2153,#2154);
#2157=CURVE_STYLE('',#333,POSITIVE_LENGTH_MEASURE(2.E-2),#170);
#2158=PRESENTATION_STYLE_ASSIGNMENT((#2157));
#2159=STYLED_ITEM('',(#2158),#2156);
#2160=CARTESIAN_POINT('',(9.5E0,-1.36E1,4.907911277729E0));
#2161=DIRECTION('',(1.E0,0.E0,0.E0));
#2162=DIRECTION('',(0.E0,1.E0,0.E0));
#2163=AXIS2_PLACEMENT_3D('',#2160,#2161,#2162);
#2165=CURVE_STYLE('',#333,POSITIVE_LENGTH_MEASURE(2.E-2),#170);
#2166=PRESENTATION_STYLE_ASSIGNMENT((#2165));
#2167=STYLED_ITEM('',(#2166),#2164);
#2168=CARTESIAN_POINT('',(9.5E0,-1.36E1,4.907911277729E0));
#2169=DIRECTION('',(1.E0,0.E0,0.E0));
#2170=DIRECTION('',(0.E0,-1.E0,0.E0));
#2171=AXIS2_PLACEMENT_3D('',#2168,#2169,#2170);
#2173=CURVE_STYLE('',#333,POSITIVE_LENGTH_MEASURE(2.E-2),#170);
#2174=PRESENTATION_STYLE_ASSIGNMENT((#2173));
#2175=STYLED_ITEM('',(#2174),#2172);
#2176=DIRECTION('',(-1.E0,0.E0,0.E0));
#2177=VECTOR('',#2176,3.5E0);
#2178=CARTESIAN_POINT('',(9.5E0,-1.76E1,7.907911277729E0));
#2179=LINE('',#2178,#2177);
#2180=CURVE_STYLE('',#333,POSITIVE_LENGTH_MEASURE(2.E-2),#170);
#2181=PRESENTATION_STYLE_ASSIGNMENT((#2180));
#2182=STYLED_ITEM('',(#2181),#2179);
#2183=DIRECTION('',(1.E0,0.E0,0.E0));
#2184=VECTOR('',#2183,3.5E0);
#2185=CARTESIAN_POINT('',(6.E0,-1.66E1,8.907911277729E0));
#2186=LINE('',#2185,#2184);
#2187=CURVE_STYLE('',#333,POSITIVE_LENGTH_MEASURE(2.E-2),#170);
#2188=PRESENTATION_STYLE_ASSIGNMENT((#2187));
#2189=STYLED_ITEM('',(#2188),#2186);
#2190=DIRECTION('',(0.E0,0.E0,1.E0));
#2191=VECTOR('',#2190,1.8E1);
#2192=CARTESIAN_POINT('',(6.E0,-1.76E1,-1.009208872227E1));
#2193=LINE('',#2192,#2191);
#2194=CURVE_STYLE('',#333,POSITIVE_LENGTH_MEASURE(2.E-2),#170);
#2195=PRESENTATION_STYLE_ASSIGNMENT((#2194));
#2196=STYLED_ITEM('',(#2195),#2193);
#2197=DIRECTION('',(1.E0,0.E0,0.E0));
#2198=VECTOR('',#2197,3.5E0);
#2199=CARTESIAN_POINT('',(6.E0,-1.76E1,-1.009208872227E1));
#2200=LINE('',#2199,#2198);
#2201=CURVE_STYLE('',#333,POSITIVE_LENGTH_MEASURE(2.E-2),#170);
#2202=PRESENTATION_STYLE_ASSIGNMENT((#2201));
#2203=STYLED_ITEM('',(#2202),#2200);
#2204=DIRECTION('',(-1.E0,0.E0,0.E0));
#2205=VECTOR('',#2204,3.5E0);
#2206=CARTESIAN_POINT('',(9.5E0,-1.66E1,-1.109208872227E1));
#2207=LINE('',#2206,#2205);
#2208=CURVE_STYLE('',#333,POSITIVE_LENGTH_MEASURE(2.E-2),#170);
#2209=PRESENTATION_STYLE_ASSIGNMENT((#2208));
#2210=STYLED_ITEM('',(#2209),#2207);
#2211=CARTESIAN_POINT('',(6.E0,-1.66E1,7.907911277729E0));
#2212=DIRECTION('',(1.E0,0.E0,0.E0));
#2213=DIRECTION('',(0.E0,0.E0,1.E0));
#2214=AXIS2_PLACEMENT_3D('',#2211,#2212,#2213);
#2216=CURVE_STYLE('',#333,POSITIVE_LENGTH_MEASURE(2.E-2),#170);
#2217=PRESENTATION_STYLE_ASSIGNMENT((#2216));
#2218=STYLED_ITEM('',(#2217),#2215);
#2219=CARTESIAN_POINT('',(6.E0,-1.66E1,-1.009208872227E1));
#2220=DIRECTION('',(1.E0,0.E0,0.E0));
#2221=DIRECTION('',(0.E0,-1.E0,0.E0));
#2222=AXIS2_PLACEMENT_3D('',#2219,#2220,#2221);
#2224=CURVE_STYLE('',#333,POSITIVE_LENGTH_MEASURE(2.E-2),#170);
#2225=PRESENTATION_STYLE_ASSIGNMENT((#2224));
#2226=STYLED_ITEM('',(#2225),#2223);
#2227=DIRECTION('',(0.E0,-1.E0,0.E0));
#2228=VECTOR('',#2227,7.E0);
#2229=CARTESIAN_POINT('',(6.E0,-9.6E0,8.907911277729E0));
#2230=LINE('',#2229,#2228);
#2231=CURVE_STYLE('',#333,POSITIVE_LENGTH_MEASURE(2.E-2),#170);
#2232=PRESENTATION_STYLE_ASSIGNMENT((#2231));
#2233=STYLED_ITEM('',(#2232),#2230);
#2234=CARTESIAN_POINT('',(6.E0,-1.36E1,-7.092088722271E0));
#2235=DIRECTION('',(-1.E0,0.E0,0.E0));
#2236=DIRECTION('',(0.E0,-1.E0,0.E0));
#2237=AXIS2_PLACEMENT_3D('',#2234,#2235,#2236);
#2239=CURVE_STYLE('',#333,POSITIVE_LENGTH_MEASURE(2.E-2),#170);
#2240=PRESENTATION_STYLE_ASSIGNMENT((#2239));
#2241=STYLED_ITEM('',(#2240),#2238);
#2242=CARTESIAN_POINT('',(6.E0,-1.36E1,-7.092088722271E0));
#2243=DIRECTION('',(-1.E0,0.E0,0.E0));
#2244=DIRECTION('',(0.E0,1.E0,0.E0));
#2245=AXIS2_PLACEMENT_3D('',#2242,#2243,#2244);
#2247=CURVE_STYLE('',#333,POSITIVE_LENGTH_MEASURE(2.E-2),#170);
#2248=PRESENTATION_STYLE_ASSIGNMENT((#2247));
#2249=STYLED_ITEM('',(#2248),#2246);
#2250=CARTESIAN_POINT('',(6.E0,-1.36E1,4.907911277729E0));
#2251=DIRECTION('',(-1.E0,0.E0,0.E0));
#2252=DIRECTION('',(0.E0,-1.E0,0.E0));
#2253=AXIS2_PLACEMENT_3D('',#2250,#2251,#2252);
#2255=CURVE_STYLE('',#333,POSITIVE_LENGTH_MEASURE(2.E-2),#170);
#2256=PRESENTATION_STYLE_ASSIGNMENT((#2255));
#2257=STYLED_ITEM('',(#2256),#2254);
#2258=CARTESIAN_POINT('',(6.E0,-1.36E1,4.907911277729E0));
#2259=DIRECTION('',(-1.E0,0.E0,0.E0));
#2260=DIRECTION('',(0.E0,1.E0,0.E0));
#2261=AXIS2_PLACEMENT_3D('',#2258,#2259,#2260);
#2263=CURVE_STYLE('',#333,POSITIVE_LENGTH_MEASURE(2.E-2),#170);
#2264=PRESENTATION_STYLE_ASSIGNMENT((#2263));
#2265=STYLED_ITEM('',(#2264),#2262);
#2266=DIRECTION('',(0.E0,0.E0,-1.E0));
#2267=VECTOR('',#2266,2.E1);
#2268=CARTESIAN_POINT('',(6.E0,-9.6E0,8.907911277729E0));
#2269=LINE('',#2268,#2267);
#2270=CURVE_STYLE('',#333,POSITIVE_LENGTH_MEASURE(2.E-2),#170);
#2271=PRESENTATION_STYLE_ASSIGNMENT((#2270));
#2272=STYLED_ITEM('',(#2271),#2269);
#2273=DIRECTION('',(-1.E0,0.E0,0.E0));
#2274=VECTOR('',#2273,3.E0);
#2275=CARTESIAN_POINT('',(1.5E0,-9.6E0,7.329123457760E-1));
#2276=LINE('',#2275,#2274);
#2277=CURVE_STYLE('',#333,POSITIVE_LENGTH_MEASURE(2.E-2),#170);
#2278=PRESENTATION_STYLE_ASSIGNMENT((#2277));
#2279=STYLED_ITEM('',(#2278),#2276);
#2280=CARTESIAN_POINT('',(-1.5E0,-9.6E0,2.329123457760E-1));
#2281=DIRECTION('',(0.E0,-1.E0,0.E0));
#2282=DIRECTION('',(0.E0,0.E0,1.E0));
#2283=AXIS2_PLACEMENT_3D('',#2280,#2281,#2282);
#2285=CURVE_STYLE('',#333,POSITIVE_LENGTH_MEASURE(2.E-2),#170);
#2286=PRESENTATION_STYLE_ASSIGNMENT((#2285));
#2287=STYLED_ITEM('',(#2286),#2284);
#2288=CARTESIAN_POINT('',(-1.5E0,-9.6E0,-7.267087654224E0));
#2289=DIRECTION('',(0.E0,-1.E0,0.E0));
#2290=DIRECTION('',(-1.E0,0.E0,0.E0));
#2291=AXIS2_PLACEMENT_3D('',#2288,#2289,#2290);
#2293=CURVE_STYLE('',#333,POSITIVE_LENGTH_MEASURE(2.E-2),#170);
#2294=PRESENTATION_STYLE_ASSIGNMENT((#2293));
#2295=STYLED_ITEM('',(#2294),#2292);
#2296=DIRECTION('',(1.E0,0.E0,0.E0));
#2297=VECTOR('',#2296,3.E0);
#2298=CARTESIAN_POINT('',(-1.5E0,-9.6E0,-7.767087654224E0));
#2299=LINE('',#2298,#2297);
#2300=CURVE_STYLE('',#333,POSITIVE_LENGTH_MEASURE(2.E-2),#170);
#2301=PRESENTATION_STYLE_ASSIGNMENT((#2300));
#2302=STYLED_ITEM('',(#2301),#2299);
#2303=CARTESIAN_POINT('',(1.5E0,-9.6E0,-7.267087654224E0));
#2304=DIRECTION('',(0.E0,-1.E0,0.E0));
#2305=DIRECTION('',(0.E0,0.E0,-1.E0));
#2306=AXIS2_PLACEMENT_3D('',#2303,#2304,#2305);
#2308=CURVE_STYLE('',#333,POSITIVE_LENGTH_MEASURE(2.E-2),#170);
#2309=PRESENTATION_STYLE_ASSIGNMENT((#2308));
#2310=STYLED_ITEM('',(#2309),#2307);
#2311=DIRECTION('',(0.E0,0.E0,1.E0));
#2312=VECTOR('',#2311,7.5E0);
#2313=CARTESIAN_POINT('',(2.E0,-9.6E0,-7.267087654224E0));
#2314=LINE('',#2313,#2312);
#2315=CURVE_STYLE('',#333,POSITIVE_LENGTH_MEASURE(2.E-2),#170);
#2316=PRESENTATION_STYLE_ASSIGNMENT((#2315));
#2317=STYLED_ITEM('',(#2316),#2314);
#2318=CARTESIAN_POINT('',(1.5E0,-9.6E0,2.329123457760E-1));
#2319=DIRECTION('',(0.E0,-1.E0,0.E0));
#2320=DIRECTION('',(1.E0,0.E0,0.E0));
#2321=AXIS2_PLACEMENT_3D('',#2318,#2319,#2320);
#2323=CURVE_STYLE('',#333,POSITIVE_LENGTH_MEASURE(2.E-2),#170);
#2324=PRESENTATION_STYLE_ASSIGNMENT((#2323));
#2325=STYLED_ITEM('',(#2324),#2322);
#2326=CARTESIAN_POINT('',(-6.E0,-1.66E1,7.907911277729E0));
#2327=DIRECTION('',(-1.E0,0.E0,0.E0));
#2328=DIRECTION('',(0.E0,-1.E0,0.E0));
#2329=AXIS2_PLACEMENT_3D('',#2326,#2327,#2328);
#2331=CURVE_STYLE('',#333,POSITIVE_LENGTH_MEASURE(2.E-2),#170);
#2332=PRESENTATION_STYLE_ASSIGNMENT((#2331));
#2333=STYLED_ITEM('',(#2332),#2330);
#2334=DIRECTION('',(0.E0,0.E0,-1.E0));
#2335=VECTOR('',#2334,2.E1);
#2336=CARTESIAN_POINT('',(-6.E0,-9.6E0,8.907911277729E0));
#2337=LINE('',#2336,#2335);
#2338=CURVE_STYLE('',#333,POSITIVE_LENGTH_MEASURE(2.E-2),#170);
#2339=PRESENTATION_STYLE_ASSIGNMENT((#2338));
#2340=STYLED_ITEM('',(#2339),#2337);
#2341=DIRECTION('',(0.E0,-1.E0,0.E0));
#2342=VECTOR('',#2341,7.E0);
#2343=CARTESIAN_POINT('',(-6.E0,-9.6E0,-1.109208872227E1));
#2344=LINE('',#2343,#2342);
#2345=CURVE_STYLE('',#333,POSITIVE_LENGTH_MEASURE(2.E-2),#170);
#2346=PRESENTATION_STYLE_ASSIGNMENT((#2345));
#2347=STYLED_ITEM('',(#2346),#2344);
#2348=CARTESIAN_POINT('',(-6.E0,-1.66E1,-1.009208872227E1));
#2349=DIRECTION('',(-1.E0,0.E0,0.E0));
#2350=DIRECTION('',(0.E0,0.E0,-1.E0));
#2351=AXIS2_PLACEMENT_3D('',#2348,#2349,#2350);
#2353=CURVE_STYLE('',#333,POSITIVE_LENGTH_MEASURE(2.E-2),#170);
#2354=PRESENTATION_STYLE_ASSIGNMENT((#2353));
#2355=STYLED_ITEM('',(#2354),#2352);
#2356=DIRECTION('',(0.E0,0.E0,1.E0));
#2357=VECTOR('',#2356,1.8E1);
#2358=CARTESIAN_POINT('',(-6.E0,-1.76E1,-1.009208872227E1));
#2359=LINE('',#2358,#2357);
#2360=CURVE_STYLE('',#333,POSITIVE_LENGTH_MEASURE(2.E-2),#170);
#2361=PRESENTATION_STYLE_ASSIGNMENT((#2360));
#2362=STYLED_ITEM('',(#2361),#2359);
#2363=CARTESIAN_POINT('',(-6.E0,-1.36E1,-7.092088722271E0));
#2364=DIRECTION('',(1.E0,0.E0,0.E0));
#2365=DIRECTION('',(0.E0,1.E0,0.E0));
#2366=AXIS2_PLACEMENT_3D('',#2363,#2364,#2365);
#2368=CURVE_STYLE('',#333,POSITIVE_LENGTH_MEASURE(2.E-2),#170);
#2369=PRESENTATION_STYLE_ASSIGNMENT((#2368));
#2370=STYLED_ITEM('',(#2369),#2367);
#2371=CARTESIAN_POINT('',(-6.E0,-1.36E1,-7.092088722271E0));
#2372=DIRECTION('',(1.E0,0.E0,0.E0));
#2373=DIRECTION('',(0.E0,-1.E0,0.E0));
#2374=AXIS2_PLACEMENT_3D('',#2371,#2372,#2373);
#2376=CURVE_STYLE('',#333,POSITIVE_LENGTH_MEASURE(2.E-2),#170);
#2377=PRESENTATION_STYLE_ASSIGNMENT((#2376));
#2378=STYLED_ITEM('',(#2377),#2375);
#2379=CARTESIAN_POINT('',(-6.E0,-1.36E1,4.907911277729E0));
#2380=DIRECTION('',(1.E0,0.E0,0.E0));
#2381=DIRECTION('',(0.E0,1.E0,0.E0));
#2382=AXIS2_PLACEMENT_3D('',#2379,#2380,#2381);
#2384=CURVE_STYLE('',#333,POSITIVE_LENGTH_MEASURE(2.E-2),#170);
#2385=PRESENTATION_STYLE_ASSIGNMENT((#2384));
#2386=STYLED_ITEM('',(#2385),#2383);
#2387=CARTESIAN_POINT('',(-6.E0,-1.36E1,4.907911277729E0));
#2388=DIRECTION('',(1.E0,0.E0,0.E0));
#2389=DIRECTION('',(0.E0,-1.E0,0.E0));
#2390=AXIS2_PLACEMENT_3D('',#2387,#2388,#2389);
#2392=CURVE_STYLE('',#333,POSITIVE_LENGTH_MEASURE(2.E-2),#170);
#2393=PRESENTATION_STYLE_ASSIGNMENT((#2392));
#2394=STYLED_ITEM('',(#2393),#2391);
#2395=DIRECTION('',(-1.E0,0.E0,0.E0));
#2396=VECTOR('',#2395,3.5E0);
#2397=CARTESIAN_POINT('',(-6.E0,-1.76E1,7.907911277729E0));
#2398=LINE('',#2397,#2396);
#2399=CURVE_STYLE('',#333,POSITIVE_LENGTH_MEASURE(2.E-2),#170);
#2400=PRESENTATION_STYLE_ASSIGNMENT((#2399));
#2401=STYLED_ITEM('',(#2400),#2398);
#2402=DIRECTION('',(1.E0,0.E0,0.E0));
#2403=VECTOR('',#2402,3.5E0);
#2404=CARTESIAN_POINT('',(-9.5E0,-1.66E1,8.907911277729E0));
#2405=LINE('',#2404,#2403);
#2406=CURVE_STYLE('',#333,POSITIVE_LENGTH_MEASURE(2.E-2),#170);
#2407=PRESENTATION_STYLE_ASSIGNMENT((#2406));
#2408=STYLED_ITEM('',(#2407),#2405);
#2409=DIRECTION('',(0.E0,0.E0,1.E0));
#2410=VECTOR('',#2409,1.8E1);
#2411=CARTESIAN_POINT('',(-9.5E0,-1.76E1,-1.009208872227E1));
#2412=LINE('',#2411,#2410);
#2413=CURVE_STYLE('',#333,POSITIVE_LENGTH_MEASURE(2.E-2),#170);
#2414=PRESENTATION_STYLE_ASSIGNMENT((#2413));
#2415=STYLED_ITEM('',(#2414),#2412);
#2416=DIRECTION('',(1.E0,0.E0,0.E0));
#2417=VECTOR('',#2416,3.5E0);
#2418=CARTESIAN_POINT('',(-9.5E0,-1.76E1,-1.009208872227E1));
#2419=LINE('',#2418,#2417);
#2420=CURVE_STYLE('',#333,POSITIVE_LENGTH_MEASURE(2.E-2),#170);
#2421=PRESENTATION_STYLE_ASSIGNMENT((#2420));
#2422=STYLED_ITEM('',(#2421),#2419);
#2423=DIRECTION('',(-1.E0,0.E0,0.E0));
#2424=VECTOR('',#2423,3.5E0);
#2425=CARTESIAN_POINT('',(-6.E0,-1.66E1,-1.109208872227E1));
#2426=LINE('',#2425,#2424);
#2427=CURVE_STYLE('',#333,POSITIVE_LENGTH_MEASURE(2.E-2),#170);
#2428=PRESENTATION_STYLE_ASSIGNMENT((#2427));
#2429=STYLED_ITEM('',(#2428),#2426);
#2430=CARTESIAN_POINT('',(-9.5E0,-1.66E1,7.907911277729E0));
#2431=DIRECTION('',(1.E0,0.E0,0.E0));
#2432=DIRECTION('',(0.E0,0.E0,1.E0));
#2433=AXIS2_PLACEMENT_3D('',#2430,#2431,#2432);
#2435=CURVE_STYLE('',#333,POSITIVE_LENGTH_MEASURE(2.E-2),#170);
#2436=PRESENTATION_STYLE_ASSIGNMENT((#2435));
#2437=STYLED_ITEM('',(#2436),#2434);
#2438=CARTESIAN_POINT('',(-9.5E0,-1.66E1,-1.009208872227E1));
#2439=DIRECTION('',(1.E0,0.E0,0.E0));
#2440=DIRECTION('',(0.E0,-1.E0,0.E0));
#2441=AXIS2_PLACEMENT_3D('',#2438,#2439,#2440);
#2443=CURVE_STYLE('',#333,POSITIVE_LENGTH_MEASURE(2.E-2),#170);
#2444=PRESENTATION_STYLE_ASSIGNMENT((#2443));
#2445=STYLED_ITEM('',(#2444),#2442);
#2446=DIRECTION('',(0.E0,1.E0,0.E0));
#2447=VECTOR('',#2446,7.E0);
#2448=CARTESIAN_POINT('',(-9.5E0,-1.66E1,-1.109208872227E1));
#2449=LINE('',#2448,#2447);
#2450=CURVE_STYLE('',#333,POSITIVE_LENGTH_MEASURE(2.E-2),#170);
#2451=PRESENTATION_STYLE_ASSIGNMENT((#2450));
#2452=STYLED_ITEM('',(#2451),#2449);
#2453=CARTESIAN_POINT('',(-9.5E0,-1.36E1,-7.092088722271E0));
#2454=DIRECTION('',(-1.E0,0.E0,0.E0));
#2455=DIRECTION('',(0.E0,-1.E0,0.E0));
#2456=AXIS2_PLACEMENT_3D('',#2453,#2454,#2455);
#2458=CURVE_STYLE('',#333,POSITIVE_LENGTH_MEASURE(2.E-2),#170);
#2459=PRESENTATION_STYLE_ASSIGNMENT((#2458));
#2460=STYLED_ITEM('',(#2459),#2457);
#2461=CARTESIAN_POINT('',(-9.5E0,-1.36E1,-7.092088722271E0));
#2462=DIRECTION('',(-1.E0,0.E0,0.E0));
#2463=DIRECTION('',(0.E0,1.E0,0.E0));
#2464=AXIS2_PLACEMENT_3D('',#2461,#2462,#2463);
#2466=CURVE_STYLE('',#333,POSITIVE_LENGTH_MEASURE(2.E-2),#170);
#2467=PRESENTATION_STYLE_ASSIGNMENT((#2466));
#2468=STYLED_ITEM('',(#2467),#2465);
#2469=CARTESIAN_POINT('',(-9.5E0,-1.36E1,4.907911277729E0));
#2470=DIRECTION('',(-1.E0,0.E0,0.E0));
#2471=DIRECTION('',(0.E0,-1.E0,0.E0));
#2472=AXIS2_PLACEMENT_3D('',#2469,#2470,#2471);
#2474=CURVE_STYLE('',#333,POSITIVE_LENGTH_MEASURE(2.E-2),#170);
#2475=PRESENTATION_STYLE_ASSIGNMENT((#2474));
#2476=STYLED_ITEM('',(#2475),#2473);
#2477=CARTESIAN_POINT('',(-9.5E0,-1.36E1,4.907911277729E0));
#2478=DIRECTION('',(-1.E0,0.E0,0.E0));
#2479=DIRECTION('',(0.E0,1.E0,0.E0));
#2480=AXIS2_PLACEMENT_3D('',#2477,#2478,#2479);
#2482=CURVE_STYLE('',#333,POSITIVE_LENGTH_MEASURE(2.E-2),#170);
#2483=PRESENTATION_STYLE_ASSIGNMENT((#2482));
#2484=STYLED_ITEM('',(#2483),#2481);
#2485=DIRECTION('',(0.E0,0.E0,-1.E0));
#2486=VECTOR('',#2485,2.E1);
#2487=CARTESIAN_POINT('',(-9.5E0,-9.6E0,8.907911277729E0));
#2488=LINE('',#2487,#2486);
#2489=CURVE_STYLE('',#333,POSITIVE_LENGTH_MEASURE(2.E-2),#170);
#2490=PRESENTATION_STYLE_ASSIGNMENT((#2489));
#2491=STYLED_ITEM('',(#2490),#2488);
#2492=CARTESIAN_POINT('',(-1.2E1,-9.6E0,-1.009208872227E1));
#2493=DIRECTION('',(0.E0,1.E0,0.E0));
#2494=DIRECTION('',(0.E0,0.E0,-1.E0));
#2495=AXIS2_PLACEMENT_3D('',#2492,#2493,#2494);
#2497=CURVE_STYLE('',#333,POSITIVE_LENGTH_MEASURE(2.E-2),#170);
#2498=PRESENTATION_STYLE_ASSIGNMENT((#2497));
#2499=STYLED_ITEM('',(#2498),#2496);
#2500=DIRECTION('',(7.071067811883E-1,0.E0,7.071067811848E-1));
#2501=VECTOR('',#2500,2.828427124767E-1);
#2502=CARTESIAN_POINT('',(-1.3E1,-9.6E0,8.707911277729E0));
#2503=LINE('',#2502,#2501);
#2504=CURVE_STYLE('',#333,POSITIVE_LENGTH_MEASURE(2.E-2),#170);
#2505=PRESENTATION_STYLE_ASSIGNMENT((#2504));
#2506=STYLED_ITEM('',(#2505),#2503);
#2507=DIRECTION('',(-1.E0,0.E0,0.E0));
#2508=VECTOR('',#2507,3.5E0);
#2509=CARTESIAN_POINT('',(-6.E0,-1.235E1,-7.092088722271E0));
#2510=LINE('',#2509,#2508);
#2511=CURVE_STYLE('',#333,POSITIVE_LENGTH_MEASURE(2.E-2),#170);
#2512=PRESENTATION_STYLE_ASSIGNMENT((#2511));
#2513=STYLED_ITEM('',(#2512),#2510);
#2514=DIRECTION('',(-1.E0,0.E0,0.E0));
#2515=VECTOR('',#2514,3.5E0);
#2516=CARTESIAN_POINT('',(-6.E0,-1.485E1,-7.092088722271E0));
#2517=LINE('',#2516,#2515);
#2518=CURVE_STYLE('',#333,POSITIVE_LENGTH_MEASURE(2.E-2),#170);
#2519=PRESENTATION_STYLE_ASSIGNMENT((#2518));
#2520=STYLED_ITEM('',(#2519),#2517);
#2521=DIRECTION('',(-1.E0,0.E0,0.E0));
#2522=VECTOR('',#2521,3.5E0);
#2523=CARTESIAN_POINT('',(-6.E0,-1.235E1,4.907911277729E0));
#2524=LINE('',#2523,#2522);
#2525=CURVE_STYLE('',#333,POSITIVE_LENGTH_MEASURE(2.E-2),#170);
#2526=PRESENTATION_STYLE_ASSIGNMENT((#2525));
#2527=STYLED_ITEM('',(#2526),#2524);
#2528=DIRECTION('',(-1.E0,0.E0,0.E0));
#2529=VECTOR('',#2528,3.5E0);
#2530=CARTESIAN_POINT('',(-6.E0,-1.485E1,4.907911277729E0));
#2531=LINE('',#2530,#2529);
#2532=CURVE_STYLE('',#333,POSITIVE_LENGTH_MEASURE(2.E-2),#170);
#2533=PRESENTATION_STYLE_ASSIGNMENT((#2532));
#2534=STYLED_ITEM('',(#2533),#2531);
#2535=DIRECTION('',(1.E0,0.E0,0.E0));
#2536=VECTOR('',#2535,3.E0);
#2537=CARTESIAN_POINT('',(-1.5E0,-8.4E0,7.329123457760E-1));
#2538=LINE('',#2537,#2536);
#2539=CURVE_STYLE('',#333,POSITIVE_LENGTH_MEASURE(2.E-2),#170);
#2540=PRESENTATION_STYLE_ASSIGNMENT((#2539));
#2541=STYLED_ITEM('',(#2540),#2538);
#2542=CARTESIAN_POINT('',(1.5E0,-8.4E0,2.329123457760E-1));
#2543=DIRECTION('',(0.E0,1.E0,0.E0));
#2544=DIRECTION('',(0.E0,0.E0,1.E0));
#2545=AXIS2_PLACEMENT_3D('',#2542,#2543,#2544);
#2547=CURVE_STYLE('',#333,POSITIVE_LENGTH_MEASURE(2.E-2),#170);
#2548=PRESENTATION_STYLE_ASSIGNMENT((#2547));
#2549=STYLED_ITEM('',(#2548),#2546);
#2550=DIRECTION('',(0.E0,0.E0,-1.E0));
#2551=VECTOR('',#2550,7.5E0);
#2552=CARTESIAN_POINT('',(2.E0,-8.4E0,2.329123457760E-1));
#2553=LINE('',#2552,#2551);
#2554=CURVE_STYLE('',#333,POSITIVE_LENGTH_MEASURE(2.E-2),#170);
#2555=PRESENTATION_STYLE_ASSIGNMENT((#2554));
#2556=STYLED_ITEM('',(#2555),#2553);
#2557=CARTESIAN_POINT('',(1.5E0,-8.4E0,-7.267087654224E0));
#2558=DIRECTION('',(0.E0,1.E0,0.E0));
#2559=DIRECTION('',(1.E0,0.E0,0.E0));
#2560=AXIS2_PLACEMENT_3D('',#2557,#2558,#2559);
#2562=CURVE_STYLE('',#333,POSITIVE_LENGTH_MEASURE(2.E-2),#170);
#2563=PRESENTATION_STYLE_ASSIGNMENT((#2562));
#2564=STYLED_ITEM('',(#2563),#2561);
#2565=DIRECTION('',(-1.E0,0.E0,0.E0));
#2566=VECTOR('',#2565,3.E0);
#2567=CARTESIAN_POINT('',(1.5E0,-8.4E0,-7.767087654224E0));
#2568=LINE('',#2567,#2566);
#2569=CURVE_STYLE('',#333,POSITIVE_LENGTH_MEASURE(2.E-2),#170);
#2570=PRESENTATION_STYLE_ASSIGNMENT((#2569));
#2571=STYLED_ITEM('',(#2570),#2568);
#2572=CARTESIAN_POINT('',(-1.5E0,-8.4E0,-7.267087654224E0));
#2573=DIRECTION('',(0.E0,1.E0,0.E0));
#2574=DIRECTION('',(0.E0,0.E0,-1.E0));
#2575=AXIS2_PLACEMENT_3D('',#2572,#2573,#2574);
#2577=CURVE_STYLE('',#333,POSITIVE_LENGTH_MEASURE(2.E-2),#170);
#2578=PRESENTATION_STYLE_ASSIGNMENT((#2577));
#2579=STYLED_ITEM('',(#2578),#2576);
#2580=DIRECTION('',(0.E0,0.E0,1.E0));
#2581=VECTOR('',#2580,7.5E0);
#2582=CARTESIAN_POINT('',(-2.E0,-8.4E0,-7.267087654224E0));
#2583=LINE('',#2582,#2581);
#2584=CURVE_STYLE('',#333,POSITIVE_LENGTH_MEASURE(2.E-2),#170);
#2585=PRESENTATION_STYLE_ASSIGNMENT((#2584));
#2586=STYLED_ITEM('',(#2585),#2583);
#2587=CARTESIAN_POINT('',(-1.5E0,-8.4E0,2.329123457760E-1));
#2588=DIRECTION('',(0.E0,1.E0,0.E0));
#2589=DIRECTION('',(-1.E0,0.E0,0.E0));
#2590=AXIS2_PLACEMENT_3D('',#2587,#2588,#2589);
#2592=CURVE_STYLE('',#333,POSITIVE_LENGTH_MEASURE(2.E-2),#170);
#2593=PRESENTATION_STYLE_ASSIGNMENT((#2592));
#2594=STYLED_ITEM('',(#2593),#2591);
#2595=DIRECTION('',(1.E0,0.E0,6.130144261060E-9));
#2596=VECTOR('',#2595,3.05E0);
#2597=CARTESIAN_POINT('',(-1.524999786440E0,-8.4E0,-7.192087672921E0));
#2598=LINE('',#2597,#2596);
#2599=CURVE_STYLE('',#333,POSITIVE_LENGTH_MEASURE(2.E-2),#170);
#2600=PRESENTATION_STYLE_ASSIGNMENT((#2599));
#2601=STYLED_ITEM('',(#2600),#2598);
#2602=DIRECTION('',(6.130157787283E-9,0.E0,-1.E0));
#2603=VECTOR('',#2602,7.35E0);
#2604=CARTESIAN_POINT('',(-1.524999831497E0,-8.4E0,1.579123270790E-1));
#2605=LINE('',#2604,#2603);
#2606=CURVE_STYLE('',#333,POSITIVE_LENGTH_MEASURE(2.E-2),#170);
#2607=PRESENTATION_STYLE_ASSIGNMENT((#2606));
#2608=STYLED_ITEM('',(#2607),#2605);
#2609=DIRECTION('',(0.E0,-1.E0,0.E0));
#2610=VECTOR('',#2609,1.2E0);
#2611=CARTESIAN_POINT('',(1.5E0,-8.4E0,7.329123457760E-1));
#2612=LINE('',#2611,#2610);
#2613=CURVE_STYLE('',#333,POSITIVE_LENGTH_MEASURE(2.E-2),#170);
#2614=PRESENTATION_STYLE_ASSIGNMENT((#2613));
#2615=STYLED_ITEM('',(#2614),#2612);
#2616=DIRECTION('',(0.E0,1.E0,0.E0));
#2617=VECTOR('',#2616,1.2E0);
#2618=CARTESIAN_POINT('',(2.E0,-9.6E0,2.329123457760E-1));
#2619=LINE('',#2618,#2617);
#2620=CURVE_STYLE('',#333,POSITIVE_LENGTH_MEASURE(2.E-2),#170);
#2621=PRESENTATION_STYLE_ASSIGNMENT((#2620));
#2622=STYLED_ITEM('',(#2621),#2619);
#2623=DIRECTION('',(0.E0,-1.E0,0.E0));
#2624=VECTOR('',#2623,1.2E0);
#2625=CARTESIAN_POINT('',(2.E0,-8.4E0,-7.267087654224E0));
#2626=LINE('',#2625,#2624);
#2627=CURVE_STYLE('',#333,POSITIVE_LENGTH_MEASURE(2.E-2),#170);
#2628=PRESENTATION_STYLE_ASSIGNMENT((#2627));
#2629=STYLED_ITEM('',(#2628),#2626);
#2630=DIRECTION('',(0.E0,1.E0,0.E0));
#2631=VECTOR('',#2630,1.2E0);
#2632=CARTESIAN_POINT('',(1.5E0,-9.6E0,-7.767087654224E0));
#2633=LINE('',#2632,#2631);
#2634=CURVE_STYLE('',#333,POSITIVE_LENGTH_MEASURE(2.E-2),#170);
#2635=PRESENTATION_STYLE_ASSIGNMENT((#2634));
#2636=STYLED_ITEM('',(#2635),#2633);
#2637=DIRECTION('',(0.E0,-1.E0,0.E0));
#2638=VECTOR('',#2637,1.2E0);
#2639=CARTESIAN_POINT('',(-1.5E0,-8.4E0,-7.767087654224E0));
#2640=LINE('',#2639,#2638);
#2641=CURVE_STYLE('',#333,POSITIVE_LENGTH_MEASURE(2.E-2),#170);
#2642=PRESENTATION_STYLE_ASSIGNMENT((#2641));
#2643=STYLED_ITEM('',(#2642),#2640);
#2644=DIRECTION('',(0.E0,1.E0,0.E0));
#2645=VECTOR('',#2644,1.2E0);
#2646=CARTESIAN_POINT('',(-2.E0,-9.6E0,-7.267087654224E0));
#2647=LINE('',#2646,#2645);
#2648=CURVE_STYLE('',#333,POSITIVE_LENGTH_MEASURE(2.E-2),#170);
#2649=PRESENTATION_STYLE_ASSIGNMENT((#2648));
#2650=STYLED_ITEM('',(#2649),#2647);
#2651=DIRECTION('',(0.E0,0.E0,1.E0));
#2652=VECTOR('',#2651,7.5E0);
#2653=CARTESIAN_POINT('',(-2.E0,-9.6E0,-7.267087654224E0));
#2654=LINE('',#2653,#2652);
#2655=CURVE_STYLE('',#333,POSITIVE_LENGTH_MEASURE(2.E-2),#170);
#2656=PRESENTATION_STYLE_ASSIGNMENT((#2655));
#2657=STYLED_ITEM('',(#2656),#2654);
#2658=DIRECTION('',(0.E0,-1.E0,0.E0));
#2659=VECTOR('',#2658,1.2E0);
#2660=CARTESIAN_POINT('',(-2.E0,-8.4E0,2.329123457760E-1));
#2661=LINE('',#2660,#2659);
#2662=CURVE_STYLE('',#333,POSITIVE_LENGTH_MEASURE(2.E-2),#170);
#2663=PRESENTATION_STYLE_ASSIGNMENT((#2662));
#2664=STYLED_ITEM('',(#2663),#2661);
#2665=DIRECTION('',(0.E0,1.E0,0.E0));
#2666=VECTOR('',#2665,1.2E0);
#2667=CARTESIAN_POINT('',(-1.5E0,-9.6E0,7.329123457760E-1));
#2668=LINE('',#2667,#2666);
#2669=CURVE_STYLE('',#333,POSITIVE_LENGTH_MEASURE(2.E-2),#170);
#2670=PRESENTATION_STYLE_ASSIGNMENT((#2669));
#2671=STYLED_ITEM('',(#2670),#2668);
#2672=DIRECTION('',(1.E0,0.E0,6.130144261060E-9));
#2673=VECTOR('',#2672,3.05E0);
#2674=CARTESIAN_POINT('',(-1.524999786440E0,-1.16740018E1,-7.192087672921E0));
#2675=LINE('',#2674,#2673);
#2676=CURVE_STYLE('',#333,POSITIVE_LENGTH_MEASURE(2.E-2),#170);
#2677=PRESENTATION_STYLE_ASSIGNMENT((#2676));
#2678=STYLED_ITEM('',(#2677),#2675);
#2679=DIRECTION('',(5.188272125191E-14,1.E0,0.E0));
#2680=VECTOR('',#2679,3.2740018E0);
#2681=CARTESIAN_POINT('',(1.525000213560E0,-1.16740018E1,-7.192087654224E0));
#2682=LINE('',#2681,#2680);
#2683=CURVE_STYLE('',#333,POSITIVE_LENGTH_MEASURE(2.E-2),#170);
#2684=PRESENTATION_STYLE_ASSIGNMENT((#2683));
#2685=STYLED_ITEM('',(#2684),#2682);
#2686=DIRECTION('',(0.E0,1.E0,0.E0));
#2687=VECTOR('',#2686,3.2740018E0);
#2688=CARTESIAN_POINT('',(-1.524999786440E0,-1.16740018E1,-7.192087672921E0));
#2689=LINE('',#2688,#2687);
#2690=CURVE_STYLE('',#333,POSITIVE_LENGTH_MEASURE(2.E-2),#170);
#2691=PRESENTATION_STYLE_ASSIGNMENT((#2690));
#2692=STYLED_ITEM('',(#2691),#2689);
#2693=DIRECTION('',(6.130157847703E-9,0.E0,-1.E0));
#2694=VECTOR('',#2693,7.35E0);
#2695=CARTESIAN_POINT('',(-1.524999831497E0,-1.16740018E1,1.579123270790E-1));
#2696=LINE('',#2695,#2694);
#2697=CURVE_STYLE('',#333,POSITIVE_LENGTH_MEASURE(2.E-2),#170);
#2698=PRESENTATION_STYLE_ASSIGNMENT((#2697));
#2699=STYLED_ITEM('',(#2698),#2696);
#2700=DIRECTION('',(-1.E0,0.E0,-6.130133495537E-9));
#2701=VECTOR('',#2700,3.05E0);
#2702=CARTESIAN_POINT('',(1.525000168503E0,-1.16740018E1,1.579123457759E-1));
#2703=LINE('',#2702,#2701);
#2704=CURVE_STYLE('',#333,POSITIVE_LENGTH_MEASURE(2.E-2),#170);
#2705=PRESENTATION_STYLE_ASSIGNMENT((#2704));
#2706=STYLED_ITEM('',(#2705),#2703);
#2707=DIRECTION('',(0.E0,1.E0,0.E0));
#2708=VECTOR('',#2707,3.2740018E0);
#2709=CARTESIAN_POINT('',(-1.524999831497E0,-1.16740018E1,1.579123270790E-1));
#2710=LINE('',#2709,#2708);
#2711=CURVE_STYLE('',#333,POSITIVE_LENGTH_MEASURE(2.E-2),#170);
#2712=PRESENTATION_STYLE_ASSIGNMENT((#2711));
#2713=STYLED_ITEM('',(#2712),#2710);
#2714=DIRECTION('',(1.E0,0.E0,6.130133495536E-9));
#2715=VECTOR('',#2714,3.05E0);
#2716=CARTESIAN_POINT('',(-1.524999831497E0,-8.4E0,1.579123270790E-1));
#2717=LINE('',#2716,#2715);
#2718=CURVE_STYLE('',#333,POSITIVE_LENGTH_MEASURE(2.E-2),#170);
#2719=PRESENTATION_STYLE_ASSIGNMENT((#2718));
#2720=STYLED_ITEM('',(#2719),#2717);
#2721=DIRECTION('',(-6.130157817493E-9,0.E0,1.E0));
#2722=VECTOR('',#2721,7.35E0);
#2723=CARTESIAN_POINT('',(1.525000213560E0,-1.16740018E1,-7.192087654224E0));
#2724=LINE('',#2723,#2722);
#2725=CURVE_STYLE('',#333,POSITIVE_LENGTH_MEASURE(2.E-2),#170);
#2726=PRESENTATION_STYLE_ASSIGNMENT((#2725));
#2727=STYLED_ITEM('',(#2726),#2724);
#2728=DIRECTION('',(5.188272125191E-14,1.E0,0.E0));
#2729=VECTOR('',#2728,3.2740018E0);
#2730=CARTESIAN_POINT('',(1.525000168503E0,-1.16740018E1,1.579123457759E-1));
#2731=LINE('',#2730,#2729);
#2732=CURVE_STYLE('',#333,POSITIVE_LENGTH_MEASURE(2.E-2),#170);
#2733=PRESENTATION_STYLE_ASSIGNMENT((#2732));
#2734=STYLED_ITEM('',(#2733),#2731);
#2735=DIRECTION('',(6.130157787283E-9,0.E0,-1.E0));
#2736=VECTOR('',#2735,7.35E0);
#2737=CARTESIAN_POINT('',(1.525000168503E0,-8.4E0,1.579123457759E-1));
#2738=LINE('',#2737,#2736);
#2739=CURVE_STYLE('',#333,POSITIVE_LENGTH_MEASURE(2.E-2),#170);
#2740=PRESENTATION_STYLE_ASSIGNMENT((#2739));
#2741=STYLED_ITEM('',(#2740),#2738);
#2742=DIRECTION('',(-6.130149285014E-9,0.E0,1.E0));
#2743=VECTOR('',#2742,5.6E0);
#2744=CARTESIAN_POINT('',(1.055000208196E0,-1.16740018E1,-6.317087657105E0));
#2745=LINE('',#2744,#2743);
#2746=CURVE_STYLE('',#333,POSITIVE_LENGTH_MEASURE(2.E-2),#170);
#2747=PRESENTATION_STYLE_ASSIGNMENT((#2746));
#2748=STYLED_ITEM('',(#2747),#2745);
#2749=DIRECTION('',(-1.E0,0.E0,-6.130121423640E-9));
#2750=VECTOR('',#2749,2.11E0);
#2751=CARTESIAN_POINT('',(1.055000173867E0,-1.16740018E1,-7.170876571052E-1));
#2752=LINE('',#2751,#2750);
#2753=CURVE_STYLE('',#333,POSITIVE_LENGTH_MEASURE(2.E-2),#170);
#2754=PRESENTATION_STYLE_ASSIGNMENT((#2753));
#2755=STYLED_ITEM('',(#2754),#2752);
#2756=DIRECTION('',(6.130149245363E-9,0.E0,-1.E0));
#2757=VECTOR('',#2756,5.6E0);
#2758=CARTESIAN_POINT('',(-1.054999826133E0,-1.16740018E1,-7.170876700398E-1));
#2759=LINE('',#2758,#2757);
#2760=CURVE_STYLE('',#333,POSITIVE_LENGTH_MEASURE(2.E-2),#170);
#2761=PRESENTATION_STYLE_ASSIGNMENT((#2760));
#2762=STYLED_ITEM('',(#2761),#2759);
#2763=DIRECTION('',(1.E0,0.E0,6.130200296831E-9));
#2764=VECTOR('',#2763,2.11E0);
#2765=CARTESIAN_POINT('',(-1.054999791804E0,-1.16740018E1,-6.317087670040E0));
#2766=LINE('',#2765,#2764);
#2767=CURVE_STYLE('',#333,POSITIVE_LENGTH_MEASURE(2.E-2),#170);
#2768=PRESENTATION_STYLE_ASSIGNMENT((#2767));
#2769=STYLED_ITEM('',(#2768),#2766);
#2770=DIRECTION('',(2.482232154013E-14,1.E0,0.E0));
#2771=VECTOR('',#2770,3.2740018E0);
#2772=CARTESIAN_POINT('',(1.055000208196E0,-1.16740018E1,-6.317087657105E0));
#2773=LINE('',#2772,#2771);
#2774=CURVE_STYLE('',#333,POSITIVE_LENGTH_MEASURE(2.E-2),#170);
#2775=PRESENTATION_STYLE_ASSIGNMENT((#2774));
#2776=STYLED_ITEM('',(#2775),#2773);
#2777=DIRECTION('',(2.495796264144E-14,1.E0,0.E0));
#2778=VECTOR('',#2777,3.2740018E0);
#2779=CARTESIAN_POINT('',(1.055000173867E0,-1.16740018E1,-7.170876571052E-1));
#2780=LINE('',#2779,#2778);
#2781=CURVE_STYLE('',#333,POSITIVE_LENGTH_MEASURE(2.E-2),#170);
#2782=PRESENTATION_STYLE_ASSIGNMENT((#2781));
#2783=STYLED_ITEM('',(#2782),#2780);
#2784=DIRECTION('',(6.130149245363E-9,0.E0,-1.E0));
#2785=VECTOR('',#2784,5.6E0);
#2786=CARTESIAN_POINT('',(1.055000173867E0,-8.4E0,-7.170876571053E-1));
#2787=LINE('',#2786,#2785);
#2788=CURVE_STYLE('',#333,POSITIVE_LENGTH_MEASURE(2.E-2),#170);
#2789=PRESENTATION_STYLE_ASSIGNMENT((#2788));
#2790=STYLED_ITEM('',(#2789),#2787);
#2791=DIRECTION('',(1.E0,0.E0,6.130121318406E-9));
#2792=VECTOR('',#2791,2.11E0);
#2793=CARTESIAN_POINT('',(-1.054999826133E0,-8.4E0,-7.170876700398E-1));
#2794=LINE('',#2793,#2792);
#2795=CURVE_STYLE('',#333,POSITIVE_LENGTH_MEASURE(2.E-2),#170);
#2796=PRESENTATION_STYLE_ASSIGNMENT((#2795));
#2797=STYLED_ITEM('',(#2796),#2794);
#2798=DIRECTION('',(0.E0,1.E0,0.E0));
#2799=VECTOR('',#2798,3.2740018E0);
#2800=CARTESIAN_POINT('',(-1.054999791804E0,-1.16740018E1,-6.317087670040E0));
#2801=LINE('',#2800,#2799);
#2802=CURVE_STYLE('',#333,POSITIVE_LENGTH_MEASURE(2.E-2),#170);
#2803=PRESENTATION_STYLE_ASSIGNMENT((#2802));
#2804=STYLED_ITEM('',(#2803),#2801);
#2805=DIRECTION('',(1.E0,0.E0,6.130200296830E-9));
#2806=VECTOR('',#2805,2.11E0);
#2807=CARTESIAN_POINT('',(-1.054999791804E0,-8.4E0,-6.317087670040E0));
#2808=LINE('',#2807,#2806);
#2809=CURVE_STYLE('',#333,POSITIVE_LENGTH_MEASURE(2.E-2),#170);
#2810=PRESENTATION_STYLE_ASSIGNMENT((#2809));
#2811=STYLED_ITEM('',(#2810),#2808);
#2812=DIRECTION('',(0.E0,1.E0,0.E0));
#2813=VECTOR('',#2812,3.2740018E0);
#2814=CARTESIAN_POINT('',(-1.054999826133E0,-1.16740018E1,-7.170876700398E-1));
#2815=LINE('',#2814,#2813);
#2816=CURVE_STYLE('',#333,POSITIVE_LENGTH_MEASURE(2.E-2),#170);
#2817=PRESENTATION_STYLE_ASSIGNMENT((#2816));
#2818=STYLED_ITEM('',(#2817),#2815);
#2819=DIRECTION('',(6.130149324665E-9,0.E0,-1.E0));
#2820=VECTOR('',#2819,5.6E0);
#2821=CARTESIAN_POINT('',(-1.054999826133E0,-8.4E0,-7.170876700398E-1));
#2822=LINE('',#2821,#2820);
#2823=CURVE_STYLE('',#333,POSITIVE_LENGTH_MEASURE(2.E-2),#170);
#2824=PRESENTATION_STYLE_ASSIGNMENT((#2823));
#2825=STYLED_ITEM('',(#2824),#2822);
#2826=DIRECTION('',(-1.E0,0.E0,0.E0));
#2827=VECTOR('',#2826,3.5E0);
#2828=CARTESIAN_POINT('',(9.5E0,-1.235E1,-7.092088722271E0));
#2829=LINE('',#2828,#2827);
#2830=CURVE_STYLE('',#333,POSITIVE_LENGTH_MEASURE(2.E-2),#170);
#2831=PRESENTATION_STYLE_ASSIGNMENT((#2830));
#2832=STYLED_ITEM('',(#2831),#2829);
#2833=DIRECTION('',(-1.E0,0.E0,0.E0));
#2834=VECTOR('',#2833,3.5E0);
#2835=CARTESIAN_POINT('',(9.5E0,-1.485E1,-7.092088722271E0));
#2836=LINE('',#2835,#2834);
#2837=CURVE_STYLE('',#333,POSITIVE_LENGTH_MEASURE(2.E-2),#170);
#2838=PRESENTATION_STYLE_ASSIGNMENT((#2837));
#2839=STYLED_ITEM('',(#2838),#2836);
#2840=DIRECTION('',(-1.E0,0.E0,0.E0));
#2841=VECTOR('',#2840,3.5E0);
#2842=CARTESIAN_POINT('',(9.5E0,-1.235E1,4.907911277729E0));
#2843=LINE('',#2842,#2841);
#2844=CURVE_STYLE('',#333,POSITIVE_LENGTH_MEASURE(2.E-2),#170);
#2845=PRESENTATION_STYLE_ASSIGNMENT((#2844));
#2846=STYLED_ITEM('',(#2845),#2843);
#2847=DIRECTION('',(-1.E0,0.E0,0.E0));
#2848=VECTOR('',#2847,3.5E0);
#2849=CARTESIAN_POINT('',(9.5E0,-1.485E1,4.907911277729E0));
#2850=LINE('',#2849,#2848);
#2851=CURVE_STYLE('',#333,POSITIVE_LENGTH_MEASURE(2.E-2),#170);
#2852=PRESENTATION_STYLE_ASSIGNMENT((#2851));
#2853=STYLED_ITEM('',(#2852),#2850);
#2854=DIRECTION('',(7.071067811876E-1,7.019728504739E-1,8.505361365671E-2));
#2855=VECTOR('',#2854,4.033129257387E-1);
#2856=CARTESIAN_POINT('',(1.3E1,-2.494005435566E0,3.154034016903E0));
#2857=LINE('',#2856,#2855);
#2858=CURVE_STYLE('',#333,POSITIVE_LENGTH_MEASURE(2.E-2),#170);
#2859=PRESENTATION_STYLE_ASSIGNMENT((#2858));
#2860=STYLED_ITEM('',(#2859),#2857);
#2861=CARTESIAN_POINT('',(1.328518530473E1,-3.699999999793E0,3.007911277729E0));
#2862=DIRECTION('',(1.E0,0.E0,0.E0));
#2863=DIRECTION('',(0.E0,9.927395255594E-1,1.202839739620E-1));
#2864=AXIS2_PLACEMENT_3D('',#2861,#2862,#2863);
#2866=CURVE_STYLE('',#333,POSITIVE_LENGTH_MEASURE(2.E-2),#170);
#2867=PRESENTATION_STYLE_ASSIGNMENT((#2866));
#2868=STYLED_ITEM('',(#2867),#2865);
#2869=DIRECTION('',(7.071067811876E-1,-7.019728504740E-1,-8.505361365630E-2));
#2870=VECTOR('',#2869,4.033129257387E-1);
#2871=CARTESIAN_POINT('',(1.3E1,-4.905994564020E0,2.861788538554E0));
#2872=LINE('',#2871,#2870);
#2873=CURVE_STYLE('',#333,POSITIVE_LENGTH_MEASURE(2.E-2),#170);
#2874=PRESENTATION_STYLE_ASSIGNMENT((#2873));
#2875=STYLED_ITEM('',(#2874),#2872);
#2876=CARTESIAN_POINT('',(1.328518530473E1,-3.699999999793E0,3.007911277729E0));
#2877=DIRECTION('',(1.E0,0.E0,0.E0));
#2878=DIRECTION('',(0.E0,-9.927395255594E-1,-1.202839739618E-1));
#2879=AXIS2_PLACEMENT_3D('',#2876,#2877,#2878);
#2881=CURVE_STYLE('',#333,POSITIVE_LENGTH_MEASURE(2.E-2),#170);
#2882=PRESENTATION_STYLE_ASSIGNMENT((#2881));
#2883=STYLED_ITEM('',(#2882),#2880);
#2884=DIRECTION('',(-1.E0,3.116396030113E-12,1.154631945607E-13));
#2885=VECTOR('',#2884,4.000000000012E-1);
#2886=CARTESIAN_POINT('',(1.368518530473E1,-2.210890711454E0,3.188337238672E0));
#2887=LINE('',#2886,#2885);
#2888=CURVE_STYLE('',#333,POSITIVE_LENGTH_MEASURE(2.E-2),#170);
#2889=PRESENTATION_STYLE_ASSIGNMENT((#2888));
#2890=STYLED_ITEM('',(#2889),#2887);
#2891=DIRECTION('',(-1.E0,-3.050892871660E-12,-6.683542608223E-13));
#2892=VECTOR('',#2891,4.000000000012E-1);
#2893=CARTESIAN_POINT('',(1.368518530473E1,-5.189109288132E0,2.827485316786E0));
#2894=LINE('',#2893,#2892);
#2895=CURVE_STYLE('',#333,POSITIVE_LENGTH_MEASURE(2.E-2),#170);
#2896=PRESENTATION_STYLE_ASSIGNMENT((#2895));
#2897=STYLED_ITEM('',(#2896),#2894);
#2898=CARTESIAN_POINT('',(1.368518530473E1,-3.699999999793E0,3.007911277729E0));
#2899=DIRECTION('',(-1.E0,0.E0,0.E0));
#2900=DIRECTION('',(0.E0,-9.927395255594E-1,-1.202839739619E-1));
#2901=AXIS2_PLACEMENT_3D('',#2898,#2899,#2900);
#2903=CURVE_STYLE('',#333,POSITIVE_LENGTH_MEASURE(2.E-2),#170);
#2904=PRESENTATION_STYLE_ASSIGNMENT((#2903));
#2905=STYLED_ITEM('',(#2904),#2902);
#2906=CARTESIAN_POINT('',(1.368518530473E1,-3.699999999793E0,3.007911277729E0));
#2907=DIRECTION('',(-1.E0,0.E0,0.E0));
#2908=DIRECTION('',(0.E0,9.927395255594E-1,1.202839739619E-1));
#2909=AXIS2_PLACEMENT_3D('',#2906,#2907,#2908);
#2911=CURVE_STYLE('',#333,POSITIVE_LENGTH_MEASURE(2.E-2),#170);
#2912=PRESENTATION_STYLE_ASSIGNMENT((#2911));
#2913=STYLED_ITEM('',(#2912),#2910);
#2914=DIRECTION('',(0.E0,9.198796354562E-1,-3.922007856607E-1));
#2915=VECTOR('',#2914,6.928203230272E-1);
#2916=CARTESIAN_POINT('',(1.368518530473E1,-4.253976124281E0,2.591845833962E0));
#2917=LINE('',#2916,#2915);
#2918=CURVE_STYLE('',#333,POSITIVE_LENGTH_MEASURE(2.E-2),#170);
#2919=PRESENTATION_STYLE_ASSIGNMENT((#2918));
#2920=STYLED_ITEM('',(#2919),#2917);
#2921=DIRECTION('',(0.E0,7.995956614945E-1,6.005387398987E-1));
#2922=VECTOR('',#2921,6.928203230275E-1);
#2923=CARTESIAN_POINT('',(1.368518530473E1,-3.616664818098E0,2.320121158949E0));
#2924=LINE('',#2923,#2922);
#2925=CURVE_STYLE('',#333,POSITIVE_LENGTH_MEASURE(2.E-2),#170);
#2926=PRESENTATION_STYLE_ASSIGNMENT((#2925));
#2927=STYLED_ITEM('',(#2926),#2924);
#2928=DIRECTION('',(0.E0,-1.202839739617E-1,9.927395255594E-1));
#2929=VECTOR('',#2928,6.928203230271E-1);
#2930=CARTESIAN_POINT('',(1.368518530473E1,-3.062688693610E0,2.736186602716E0));
#2931=LINE('',#2930,#2929);
#2932=CURVE_STYLE('',#333,POSITIVE_LENGTH_MEASURE(2.E-2),#170);
#2933=PRESENTATION_STYLE_ASSIGNMENT((#2932));
#2934=STYLED_ITEM('',(#2933),#2931);
#2935=DIRECTION('',(0.E0,-9.198796354562E-1,3.922007856607E-1));
#2936=VECTOR('',#2935,6.928203230272E-1);
#2937=CARTESIAN_POINT('',(1.368518530473E1,-3.146023875305E0,3.423976721496E0));
#2938=LINE('',#2937,#2936);
#2939=CURVE_STYLE('',#333,POSITIVE_LENGTH_MEASURE(2.E-2),#170);
#2940=PRESENTATION_STYLE_ASSIGNMENT((#2939));
#2941=STYLED_ITEM('',(#2940),#2938);
#2942=DIRECTION('',(0.E0,-7.995956614945E-1,-6.005387398987E-1));
#2943=VECTOR('',#2942,6.928203230275E-1);
#2944=CARTESIAN_POINT('',(1.368518530473E1,-3.783335181488E0,3.695701396509E0));
#2945=LINE('',#2944,#2943);
#2946=CURVE_STYLE('',#333,POSITIVE_LENGTH_MEASURE(2.E-2),#170);
#2947=PRESENTATION_STYLE_ASSIGNMENT((#2946));
#2948=STYLED_ITEM('',(#2947),#2945);
#2949=DIRECTION('',(0.E0,1.202839739617E-1,-9.927395255594E-1));
#2950=VECTOR('',#2949,6.928203230271E-1);
#2951=CARTESIAN_POINT('',(1.368518530473E1,-4.337311305976E0,3.279635952742E0));
#2952=LINE('',#2951,#2950);
#2953=CURVE_STYLE('',#333,POSITIVE_LENGTH_MEASURE(2.E-2),#170);
#2954=PRESENTATION_STYLE_ASSIGNMENT((#2953));
#2955=STYLED_ITEM('',(#2954),#2952);
#2956=DIRECTION('',(1.E0,-6.550315845269E-14,1.592059817308E-12));
#2957=VECTOR('',#2956,4.000000000012E-1);
#2958=CARTESIAN_POINT('',(1.328518530473E1,-3.616664818098E0,2.320121158948E0));
#2959=LINE('',#2958,#2957);
#2960=CURVE_STYLE('',#333,POSITIVE_LENGTH_MEASURE(2.E-2),#170);
#2961=PRESENTATION_STYLE_ASSIGNMENT((#2960));
#2962=STYLED_ITEM('',(#2961),#2959);
#2963=DIRECTION('',(0.E0,1.202839739617E-1,-9.927395255594E-1));
#2964=VECTOR('',#2963,6.928203230275E-1);
#2965=CARTESIAN_POINT('',(1.328518530473E1,-4.337311305976E0,3.279635952742E0));
#2966=LINE('',#2965,#2964);
#2967=CURVE_STYLE('',#333,POSITIVE_LENGTH_MEASURE(2.E-2),#170);
#2968=PRESENTATION_STYLE_ASSIGNMENT((#2967));
#2969=STYLED_ITEM('',(#2968),#2966);
#2970=DIRECTION('',(1.E0,7.172040739066E-13,6.494804694046E-13));
#2971=VECTOR('',#2970,4.000000000007E-1);
#2972=CARTESIAN_POINT('',(1.328518530473E1,-4.253976124281E0,2.591845833962E0));
#2973=LINE('',#2972,#2971);
#2974=CURVE_STYLE('',#333,POSITIVE_LENGTH_MEASURE(2.E-2),#170);
#2975=PRESENTATION_STYLE_ASSIGNMENT((#2974));
#2976=STYLED_ITEM('',(#2975),#2973);
#2977=DIRECTION('',(1.E0,9.925393840131E-13,-5.018208071297E-13));
#2978=VECTOR('',#2977,4.000000000007E-1);
#2979=CARTESIAN_POINT('',(1.328518530473E1,-4.337311305976E0,3.279635952742E0));
#2980=LINE('',#2979,#2978);
#2981=CURVE_STYLE('',#333,POSITIVE_LENGTH_MEASURE(2.E-2),#170);
#2982=PRESENTATION_STYLE_ASSIGNMENT((#2981));
#2983=STYLED_ITEM('',(#2982),#2980);
#2984=DIRECTION('',(1.E0,5.018208071291E-13,-1.537658889101E-12));
#2985=VECTOR('',#2984,4.000000000012E-1);
#2986=CARTESIAN_POINT('',(1.328518530473E1,-3.783335181488E0,3.695701396510E0));
#2987=LINE('',#2986,#2985);
#2988=CURVE_STYLE('',#333,POSITIVE_LENGTH_MEASURE(2.E-2),#170);
#2989=PRESENTATION_STYLE_ASSIGNMENT((#2988));
#2990=STYLED_ITEM('',(#2989),#2987);
#2991=DIRECTION('',(0.E0,-1.202839739617E-1,9.927395255594E-1));
#2992=VECTOR('',#2991,6.928203230275E-1);
#2993=CARTESIAN_POINT('',(1.328518530473E1,-3.062688693610E0,2.736186602716E0));
#2994=LINE('',#2993,#2992);
#2995=CURVE_STYLE('',#333,POSITIVE_LENGTH_MEASURE(2.E-2),#170);
#2996=PRESENTATION_STYLE_ASSIGNMENT((#2995));
#2997=STYLED_ITEM('',(#2996),#2994);
#2998=DIRECTION('',(1.E0,-7.160938508819E-13,-6.483702463799E-13));
#2999=VECTOR('',#2998,4.000000000007E-1);
#3000=CARTESIAN_POINT('',(1.328518530473E1,-3.146023875305E0,3.423976721496E0));
#3001=LINE('',#3000,#2999);
#3002=CURVE_STYLE('',#333,POSITIVE_LENGTH_MEASURE(2.E-2),#170);
#3003=PRESENTATION_STYLE_ASSIGNMENT((#3002));
#3004=STYLED_ITEM('',(#3003),#3001);
#3005=DIRECTION('',(1.E0,-9.858780458654E-13,5.029310301543E-13));
#3006=VECTOR('',#3005,4.000000000007E-1);
#3007=CARTESIAN_POINT('',(1.328518530473E1,-3.062688693610E0,2.736186602716E0));
#3008=LINE('',#3007,#3006);
#3009=CURVE_STYLE('',#333,POSITIVE_LENGTH_MEASURE(2.E-2),#170);
#3010=PRESENTATION_STYLE_ASSIGNMENT((#3009));
#3011=STYLED_ITEM('',(#3010),#3008);
#3012=CARTESIAN_POINT('',(1.328518530473E1,-3.699999999793E0,3.007911277729E0));
#3013=DIRECTION('',(1.E0,0.E0,0.E0));
#3014=DIRECTION('',(0.E0,1.202839739608E-1,-9.927395255595E-1));
#3015=AXIS2_PLACEMENT_3D('',#3012,#3013,#3014);
#3017=CURVE_STYLE('',#333,POSITIVE_LENGTH_MEASURE(2.E-2),#170);
#3018=PRESENTATION_STYLE_ASSIGNMENT((#3017));
#3019=STYLED_ITEM('',(#3018),#3016);
#3020=DIRECTION('',(-6.871386666006E-13,-7.995956614944E-1,-6.005387398989E-1));
#3021=VECTOR('',#3020,6.928203230280E-1);
#3022=CARTESIAN_POINT('',(1.328518530473E1,-3.062688693610E0,2.736186602716E0));
#3023=LINE('',#3022,#3021);
#3024=CURVE_STYLE('',#333,POSITIVE_LENGTH_MEASURE(2.E-2),#170);
#3025=PRESENTATION_STYLE_ASSIGNMENT((#3024));
#3026=STYLED_ITEM('',(#3025),#3023);
#3027=DIRECTION('',(2.773500981160E-1,-1.155651040968E-1,9.537932846221E-1));
#3028=VECTOR('',#3027,7.211102550938E-1);
#3029=CARTESIAN_POINT('',(1.308518530473E1,-3.699999999793E0,3.007911277729E0));
#3030=LINE('',#3029,#3028);
#3031=CURVE_STYLE('',#333,POSITIVE_LENGTH_MEASURE(2.E-2),#170);
#3032=PRESENTATION_STYLE_ASSIGNMENT((#3031));
#3033=STYLED_ITEM('',(#3032),#3030);
#3034=DIRECTION('',(2.773500981160E-1,1.155651040966E-1,-9.537932846221E-1));
#3035=VECTOR('',#3034,7.211102550938E-1);
#3036=CARTESIAN_POINT('',(1.308518530473E1,-3.699999999793E0,3.007911277729E0));
#3037=LINE('',#3036,#3035);
#3038=CURVE_STYLE('',#333,POSITIVE_LENGTH_MEASURE(2.E-2),#170);
#3039=PRESENTATION_STYLE_ASSIGNMENT((#3038));
#3040=STYLED_ITEM('',(#3039),#3037);
#3041=CARTESIAN_POINT('',(1.328518530473E1,-3.699999999793E0,3.007911277729E0));
#3042=DIRECTION('',(1.E0,0.E0,0.E0));
#3043=DIRECTION('',(0.E0,-7.995956614949E-1,-6.005387398982E-1));
#3044=AXIS2_PLACEMENT_3D('',#3041,#3042,#3043);
#3046=CURVE_STYLE('',#333,POSITIVE_LENGTH_MEASURE(2.E-2),#170);
#3047=PRESENTATION_STYLE_ASSIGNMENT((#3046));
#3048=STYLED_ITEM('',(#3047),#3045);
#3049=DIRECTION('',(6.871386666010E-13,-9.198796354561E-1,3.922007856610E-1));
#3050=VECTOR('',#3049,6.928203230276E-1);
#3051=CARTESIAN_POINT('',(1.328518530473E1,-3.616664818098E0,2.320121158948E0));
#3052=LINE('',#3051,#3050);
#3053=CURVE_STYLE('',#333,POSITIVE_LENGTH_MEASURE(2.E-2),#170);
#3054=PRESENTATION_STYLE_ASSIGNMENT((#3053));
#3055=STYLED_ITEM('',(#3054),#3052);
#3056=CARTESIAN_POINT('',(1.328518530473E1,-3.699999999793E0,3.007911277729E0));
#3057=DIRECTION('',(1.E0,0.E0,0.E0));
#3058=DIRECTION('',(0.E0,-9.198796354562E-1,3.922007856609E-1));
#3059=AXIS2_PLACEMENT_3D('',#3056,#3057,#3058);
#3061=CURVE_STYLE('',#333,POSITIVE_LENGTH_MEASURE(2.E-2),#170);
#3062=PRESENTATION_STYLE_ASSIGNMENT((#3061));
#3063=STYLED_ITEM('',(#3062),#3060);
#3064=CARTESIAN_POINT('',(1.328518530473E1,-3.699999999793E0,3.007911277729E0));
#3065=DIRECTION('',(1.E0,0.E0,0.E0));
#3066=DIRECTION('',(0.E0,-1.202839739608E-1,9.927395255595E-1));
#3067=AXIS2_PLACEMENT_3D('',#3064,#3065,#3066);
#3069=CURVE_STYLE('',#333,POSITIVE_LENGTH_MEASURE(2.E-2),#170);
#3070=PRESENTATION_STYLE_ASSIGNMENT((#3069));
#3071=STYLED_ITEM('',(#3070),#3068);
#3072=DIRECTION('',(-6.871386666007E-13,7.995956614943E-1,6.005387398990E-1));
#3073=VECTOR('',#3072,6.928203230279E-1);
#3074=CARTESIAN_POINT('',(1.328518530473E1,-4.337311305976E0,3.279635952742E0));
#3075=LINE('',#3074,#3073);
#3076=CURVE_STYLE('',#333,POSITIVE_LENGTH_MEASURE(2.E-2),#170);
#3077=PRESENTATION_STYLE_ASSIGNMENT((#3076));
#3078=STYLED_ITEM('',(#3077),#3075);
#3079=CARTESIAN_POINT('',(1.328518530473E1,-3.699999999793E0,3.007911277729E0));
#3080=DIRECTION('',(1.E0,0.E0,0.E0));
#3081=DIRECTION('',(0.E0,7.995956614949E-1,6.005387398982E-1));
#3082=AXIS2_PLACEMENT_3D('',#3079,#3080,#3081);
#3084=CURVE_STYLE('',#333,POSITIVE_LENGTH_MEASURE(2.E-2),#170);
#3085=PRESENTATION_STYLE_ASSIGNMENT((#3084));
#3086=STYLED_ITEM('',(#3085),#3083);
#3087=DIRECTION('',(6.871386666008E-13,9.198796354562E-1,-3.922007856609E-1));
#3088=VECTOR('',#3087,6.928203230278E-1);
#3089=CARTESIAN_POINT('',(1.328518530473E1,-3.783335181488E0,3.695701396510E0));
#3090=LINE('',#3089,#3088);
#3091=CURVE_STYLE('',#333,POSITIVE_LENGTH_MEASURE(2.E-2),#170);
#3092=PRESENTATION_STYLE_ASSIGNMENT((#3091));
#3093=STYLED_ITEM('',(#3092),#3090);
#3094=CARTESIAN_POINT('',(1.328518530473E1,-3.699999999793E0,3.007911277729E0));
#3095=DIRECTION('',(1.E0,0.E0,0.E0));
#3096=DIRECTION('',(0.E0,9.198796354562E-1,-3.922007856609E-1));
#3097=AXIS2_PLACEMENT_3D('',#3094,#3095,#3096);
#3099=CURVE_STYLE('',#333,POSITIVE_LENGTH_MEASURE(2.E-2),#170);
#3100=PRESENTATION_STYLE_ASSIGNMENT((#3099));
#3101=STYLED_ITEM('',(#3100),#3098);
#3102=DIRECTION('',(7.071067813623E-1,7.019728503090E-1,8.505361356493E-2));
#3103=VECTOR('',#3102,4.033129257809E-1);
#3104=CARTESIAN_POINT('',(1.300000000012E1,-2.494005439411E0,
-5.845965983059E0));
#3105=LINE('',#3104,#3103);
#3106=CURVE_STYLE('',#333,POSITIVE_LENGTH_MEASURE(2.E-2),#170);
#3107=PRESENTATION_STYLE_ASSIGNMENT((#3106));
#3108=STYLED_ITEM('',(#3107),#3105);
#3109=CARTESIAN_POINT('',(1.328518530473E1,-3.700000003672E0,
-5.992088722271E0));
#3110=DIRECTION('',(1.E0,-1.475568202148E-10,0.E0));
#3111=DIRECTION('',(1.464854904045E-10,9.927395255591E-1,1.202839739646E-1));
#3112=AXIS2_PLACEMENT_3D('',#3109,#3110,#3111);
#3114=CURVE_STYLE('',#333,POSITIVE_LENGTH_MEASURE(2.E-2),#170);
#3115=PRESENTATION_STYLE_ASSIGNMENT((#3114));
#3116=STYLED_ITEM('',(#3115),#3113);
#3117=DIRECTION('',(7.071067810091E-1,-7.019728506421E-1,-8.505361375237E-2));
#3118=VECTOR('',#3117,4.033129256964E-1);
#3119=CARTESIAN_POINT('',(1.299999999988E1,-4.905994567857E0,
-6.138211461414E0));
#3120=LINE('',#3119,#3118);
#3121=CURVE_STYLE('',#333,POSITIVE_LENGTH_MEASURE(2.E-2),#170);
#3122=PRESENTATION_STYLE_ASSIGNMENT((#3121));
#3123=STYLED_ITEM('',(#3122),#3120);
#3124=CARTESIAN_POINT('',(1.328518530473E1,-3.700000003672E0,
-5.992088722271E0));
#3125=DIRECTION('',(1.E0,-1.475568202148E-10,0.E0));
#3126=DIRECTION('',(-1.464854904045E-10,-9.927395255591E-1,-1.202839739645E-1));
#3127=AXIS2_PLACEMENT_3D('',#3124,#3125,#3126);
#3129=CURVE_STYLE('',#333,POSITIVE_LENGTH_MEASURE(2.E-2),#170);
#3130=PRESENTATION_STYLE_ASSIGNMENT((#3129));
#3131=STYLED_ITEM('',(#3130),#3128);
#3132=DIRECTION('',(-1.E0,1.446953667998E-10,-6.372680161364E-13));
#3133=VECTOR('',#3132,3.999999999990E-1);
#3134=CARTESIAN_POINT('',(1.368518530495E1,-2.210890715392E0,
-5.811662761324E0));
#3135=LINE('',#3134,#3133);
#3136=CURVE_STYLE('',#333,POSITIVE_LENGTH_MEASURE(2.E-2),#170);
#3137=PRESENTATION_STYLE_ASSIGNMENT((#3136));
#3138=STYLED_ITEM('',(#3137),#3135);
#3139=DIRECTION('',(-1.E0,1.497180157632E-10,-1.620925615957E-13));
#3140=VECTOR('',#3139,3.999999999990E-1);
#3141=CARTESIAN_POINT('',(1.368518530451E1,-5.189109292069E0,
-6.172514683218E0));
#3142=LINE('',#3141,#3140);
#3143=CURVE_STYLE('',#333,POSITIVE_LENGTH_MEASURE(2.E-2),#170);
#3144=PRESENTATION_STYLE_ASSIGNMENT((#3143));
#3145=STYLED_ITEM('',(#3144),#3142);
#3146=CARTESIAN_POINT('',(1.368518530473E1,-3.700000003730E0,
-5.992088722271E0));
#3147=DIRECTION('',(-1.E0,1.475568202148E-10,0.E0));
#3148=DIRECTION('',(-1.464854904043E-10,-9.927395255591E-1,-1.202839739645E-1));
#3149=AXIS2_PLACEMENT_3D('',#3146,#3147,#3148);
#3151=CURVE_STYLE('',#333,POSITIVE_LENGTH_MEASURE(2.E-2),#170);
#3152=PRESENTATION_STYLE_ASSIGNMENT((#3151));
#3153=STYLED_ITEM('',(#3152),#3150);
#3154=CARTESIAN_POINT('',(1.368518530473E1,-3.700000003730E0,
-5.992088722271E0));
#3155=DIRECTION('',(-1.E0,1.475568202148E-10,0.E0));
#3156=DIRECTION('',(1.464854904043E-10,9.927395255591E-1,1.202839739646E-1));
#3157=AXIS2_PLACEMENT_3D('',#3154,#3155,#3156);
#3159=CURVE_STYLE('',#333,POSITIVE_LENGTH_MEASURE(2.E-2),#170);
#3160=PRESENTATION_STYLE_ASSIGNMENT((#3159));
#3161=STYLED_ITEM('',(#3160),#3158);
#3162=DIRECTION('',(1.337869239674E-10,9.198796354574E-1,-3.922007856581E-1));
#3163=VECTOR('',#3162,6.928203230273E-1);
#3164=CARTESIAN_POINT('',(1.368518530465E1,-4.253976128218E0,
-6.408154166040E0));
#3165=LINE('',#3164,#3163);
#3166=CURVE_STYLE('',#333,POSITIVE_LENGTH_MEASURE(2.E-2),#170);
#3167=PRESENTATION_STYLE_ASSIGNMENT((#3166));
#3168=STYLED_ITEM('',(#3167),#3165);
#3169=DIRECTION('',(1.163161669739E-10,7.995956614928E-1,6.005387399011E-1));
#3170=VECTOR('',#3169,6.928203230280E-1);
#3171=CARTESIAN_POINT('',(1.368518530474E1,-3.616664822034E0,
-6.679878841051E0));
#3172=LINE('',#3171,#3170);
#3173=CURVE_STYLE('',#333,POSITIVE_LENGTH_MEASURE(2.E-2),#170);
#3174=PRESENTATION_STYLE_ASSIGNMENT((#3173));
#3175=STYLED_ITEM('',(#3174),#3172);
#3176=DIRECTION('',(-1.748101279435E-11,-1.202839739644E-1,9.927395255591E-1));
#3177=VECTOR('',#3176,6.928203230276E-1);
#3178=CARTESIAN_POINT('',(1.368518530482E1,-3.062688697547E0,
-6.263813397282E0));
#3179=LINE('',#3178,#3177);
#3180=CURVE_STYLE('',#333,POSITIVE_LENGTH_MEASURE(2.E-2),#170);
#3181=PRESENTATION_STYLE_ASSIGNMENT((#3180));
#3182=STYLED_ITEM('',(#3181),#3179);
#3183=DIRECTION('',(-1.337920518679E-10,-9.198796354574E-1,3.922007856581E-1));
#3184=VECTOR('',#3183,6.928203230273E-1);
#3185=CARTESIAN_POINT('',(1.368518530481E1,-3.146023879244E0,
-5.576023278502E0));
#3186=LINE('',#3185,#3184);
#3187=CURVE_STYLE('',#333,POSITIVE_LENGTH_MEASURE(2.E-2),#170);
#3188=PRESENTATION_STYLE_ASSIGNMENT((#3187));
#3189=STYLED_ITEM('',(#3188),#3186);
#3190=DIRECTION('',(-1.163110390734E-10,-7.995956614928E-1,-6.005387399010E-1));
#3191=VECTOR('',#3190,6.928203230280E-1);
#3192=CARTESIAN_POINT('',(1.368518530472E1,-3.783335185428E0,
-5.304298603491E0));
#3193=LINE('',#3192,#3191);
#3194=CURVE_STYLE('',#333,POSITIVE_LENGTH_MEASURE(2.E-2),#170);
#3195=PRESENTATION_STYLE_ASSIGNMENT((#3194));
#3196=STYLED_ITEM('',(#3195),#3193);
#3197=DIRECTION('',(1.748614069485E-11,1.202839739644E-1,-9.927395255591E-1));
#3198=VECTOR('',#3197,6.928203230276E-1);
#3199=CARTESIAN_POINT('',(1.368518530464E1,-4.337311309915E0,
-5.720364047260E0));
#3200=LINE('',#3199,#3198);
#3201=CURVE_STYLE('',#333,POSITIVE_LENGTH_MEASURE(2.E-2),#170);
#3202=PRESENTATION_STYLE_ASSIGNMENT((#3201));
#3203=STYLED_ITEM('',(#3202),#3200);
#3204=DIRECTION('',(1.E0,-1.475986000083E-10,8.038014698260E-13));
#3205=VECTOR('',#3204,4.000000000013E-1);
#3206=CARTESIAN_POINT('',(1.328518530474E1,-3.616664821975E0,
-6.679878841052E0));
#3207=LINE('',#3206,#3205);
#3208=CURVE_STYLE('',#333,POSITIVE_LENGTH_MEASURE(2.E-2),#170);
#3209=PRESENTATION_STYLE_ASSIGNMENT((#3208));
#3210=STYLED_ITEM('',(#3209),#3207);
#3211=DIRECTION('',(1.591700314276E-11,1.202839739646E-1,-9.927395255591E-1));
#3212=VECTOR('',#3211,6.928203230275E-1);
#3213=CARTESIAN_POINT('',(1.328518530464E1,-4.337311309856E0,
-5.720364047260E0));
#3214=LINE('',#3213,#3212);
#3215=CURVE_STYLE('',#333,POSITIVE_LENGTH_MEASURE(2.E-2),#170);
#3216=PRESENTATION_STYLE_ASSIGNMENT((#3215));
#3217=STYLED_ITEM('',(#3216),#3214);
#3218=DIRECTION('',(1.E0,-1.470712440717E-10,-2.531308496139E-13));
#3219=VECTOR('',#3218,4.000000000011E-1);
#3220=CARTESIAN_POINT('',(1.328518530465E1,-4.253976128159E0,
-6.408154166040E0));
#3221=LINE('',#3220,#3219);
#3222=CURVE_STYLE('',#333,POSITIVE_LENGTH_MEASURE(2.E-2),#170);
#3223=PRESENTATION_STYLE_ASSIGNMENT((#3222));
#3224=STYLED_ITEM('',(#3223),#3221);
#3225=DIRECTION('',(1.E0,-1.468802857119E-10,-8.215650382227E-14));
#3226=VECTOR('',#3225,4.E-1);
#3227=CARTESIAN_POINT('',(1.328518530464E1,-4.337311309856E0,
-5.720364047260E0));
#3228=LINE('',#3227,#3226);
#3229=CURVE_STYLE('',#333,POSITIVE_LENGTH_MEASURE(2.E-2),#170);
#3230=PRESENTATION_STYLE_ASSIGNMENT((#3229));
#3231=STYLED_ITEM('',(#3230),#3228);
#3232=DIRECTION('',(1.E0,-1.473510202745E-10,-7.793765632877E-13));
#3233=VECTOR('',#3232,3.999999999996E-1);
#3234=CARTESIAN_POINT('',(1.328518530472E1,-3.783335185369E0,
-5.304298603490E0));
#3235=LINE('',#3234,#3233);
#3236=CURVE_STYLE('',#333,POSITIVE_LENGTH_MEASURE(2.E-2),#170);
#3237=PRESENTATION_STYLE_ASSIGNMENT((#3236));
#3238=STYLED_ITEM('',(#3237),#3235);
#3239=DIRECTION('',(-1.591956709301E-11,-1.202839739646E-1,9.927395255591E-1));
#3240=VECTOR('',#3239,6.928203230275E-1);
#3241=CARTESIAN_POINT('',(1.328518530482E1,-3.062688697488E0,
-6.263813397282E0));
#3242=LINE('',#3241,#3240);
#3243=CURVE_STYLE('',#333,POSITIVE_LENGTH_MEASURE(2.E-2),#170);
#3244=PRESENTATION_STYLE_ASSIGNMENT((#3243));
#3245=STYLED_ITEM('',(#3244),#3242);
#3246=DIRECTION('',(1.E0,-1.480193745357E-10,2.331468351721E-13));
#3247=VECTOR('',#3246,3.999999999985E-1);
#3248=CARTESIAN_POINT('',(1.328518530481E1,-3.146023879185E0,
-5.576023278502E0));
#3249=LINE('',#3248,#3247);
#3250=CURVE_STYLE('',#333,POSITIVE_LENGTH_MEASURE(2.E-2),#170);
#3251=PRESENTATION_STYLE_ASSIGNMENT((#3250));
#3252=STYLED_ITEM('',(#3251),#3249);
#3253=DIRECTION('',(1.E0,-1.482203249027E-10,1.110223024626E-13));
#3254=VECTOR('',#3253,3.999999999996E-1);
#3255=CARTESIAN_POINT('',(1.328518530482E1,-3.062688697488E0,
-6.263813397282E0));
#3256=LINE('',#3255,#3254);
#3257=CURVE_STYLE('',#333,POSITIVE_LENGTH_MEASURE(2.E-2),#170);
#3258=PRESENTATION_STYLE_ASSIGNMENT((#3257));
#3259=STYLED_ITEM('',(#3258),#3256);
#3260=CARTESIAN_POINT('',(1.328518530473E1,-3.700000003672E0,
-5.992088722271E0));
#3261=DIRECTION('',(1.E0,-1.475568202148E-10,0.E0));
#3262=DIRECTION('',(1.774766362017E-11,1.202839739629E-1,-9.927395255593E-1));
#3263=AXIS2_PLACEMENT_3D('',#3260,#3261,#3262);
#3265=CURVE_STYLE('',#333,POSITIVE_LENGTH_MEASURE(2.E-2),#170);
#3266=PRESENTATION_STYLE_ASSIGNMENT((#3265));
#3267=STYLED_ITEM('',(#3266),#3264);
#3268=DIRECTION('',(-1.187416639089E-10,-7.995956614927E-1,-6.005387399011E-1));
#3269=VECTOR('',#3268,6.928203230284E-1);
#3270=CARTESIAN_POINT('',(1.328518530482E1,-3.062688697488E0,
-6.263813397282E0));
#3271=LINE('',#3270,#3269);
#3272=CURVE_STYLE('',#333,POSITIVE_LENGTH_MEASURE(2.E-2),#170);
#3273=PRESENTATION_STYLE_ASSIGNMENT((#3272));
#3274=STYLED_ITEM('',(#3273),#3271);
#3275=DIRECTION('',(2.773500981012E-1,-1.155651041402E-1,9.537932846211E-1));
#3276=VECTOR('',#3275,7.211102550945E-1);
#3277=CARTESIAN_POINT('',(1.308518530473E1,-3.700000003642E0,
-5.992088722271E0));
#3278=LINE('',#3277,#3276);
#3279=CURVE_STYLE('',#333,POSITIVE_LENGTH_MEASURE(2.E-2),#170);
#3280=PRESENTATION_STYLE_ASSIGNMENT((#3279));
#3281=STYLED_ITEM('',(#3280),#3278);
#3282=DIRECTION('',(2.773500981326E-1,1.155651040579E-1,-9.537932846219E-1));
#3283=VECTOR('',#3282,7.211102550939E-1);
#3284=CARTESIAN_POINT('',(1.308518530473E1,-3.700000003642E0,
-5.992088722271E0));
#3285=LINE('',#3284,#3283);
#3286=CURVE_STYLE('',#333,POSITIVE_LENGTH_MEASURE(2.E-2),#170);
#3287=PRESENTATION_STYLE_ASSIGNMENT((#3286));
#3288=STYLED_ITEM('',(#3287),#3285);
#3289=CARTESIAN_POINT('',(1.328518530473E1,-3.700000003672E0,
-5.992088722271E0));
#3290=DIRECTION('',(1.E0,-1.475568202148E-10,0.E0));
#3291=DIRECTION('',(-1.179852985856E-10,-7.995956614932E-1,-6.005387399005E-1));
#3292=AXIS2_PLACEMENT_3D('',#3289,#3290,#3291);
#3294=CURVE_STYLE('',#333,POSITIVE_LENGTH_MEASURE(2.E-2),#170);
#3295=PRESENTATION_STYLE_ASSIGNMENT((#3294));
#3296=STYLED_ITEM('',(#3295),#3293);
#3297=DIRECTION('',(-1.334536104350E-10,-9.198796354572E-1,3.922007856585E-1));
#3298=VECTOR('',#3297,6.928203230277E-1);
#3299=CARTESIAN_POINT('',(1.328518530474E1,-3.616664821975E0,
-6.679878841052E0));
#3300=LINE('',#3299,#3298);
#3301=CURVE_STYLE('',#333,POSITIVE_LENGTH_MEASURE(2.E-2),#170);
#3302=PRESENTATION_STYLE_ASSIGNMENT((#3301));
#3303=STYLED_ITEM('',(#3302),#3300);
#3304=CARTESIAN_POINT('',(1.328518530473E1,-3.700000003672E0,
-5.992088722271E0));
#3305=DIRECTION('',(1.E0,-1.475568202148E-10,0.E0));
#3306=DIRECTION('',(-1.357355261560E-10,-9.198796354574E-1,3.922007856579E-1));
#3307=AXIS2_PLACEMENT_3D('',#3304,#3305,#3306);
#3309=CURVE_STYLE('',#333,POSITIVE_LENGTH_MEASURE(2.E-2),#170);
#3310=PRESENTATION_STYLE_ASSIGNMENT((#3309));
#3311=STYLED_ITEM('',(#3310),#3308);
#3312=CARTESIAN_POINT('',(1.328518530473E1,-3.700000003672E0,
-5.992088722271E0));
#3313=DIRECTION('',(1.E0,-1.475568202148E-10,0.E0));
#3314=DIRECTION('',(-1.774766362017E-11,-1.202839739634E-1,9.927395255592E-1));
#3315=AXIS2_PLACEMENT_3D('',#3312,#3313,#3314);
#3317=CURVE_STYLE('',#333,POSITIVE_LENGTH_MEASURE(2.E-2),#170);
#3318=PRESENTATION_STYLE_ASSIGNMENT((#3317));
#3319=STYLED_ITEM('',(#3318),#3316);
#3320=DIRECTION('',(1.169238231827E-10,7.995956614927E-1,6.005387399012E-1));
#3321=VECTOR('',#3320,6.928203230284E-1);
#3322=CARTESIAN_POINT('',(1.328518530464E1,-4.337311309856E0,
-5.720364047260E0));
#3323=LINE('',#3322,#3321);
#3324=CURVE_STYLE('',#333,POSITIVE_LENGTH_MEASURE(2.E-2),#170);
#3325=PRESENTATION_STYLE_ASSIGNMENT((#3324));
#3326=STYLED_ITEM('',(#3325),#3323);
#3327=CARTESIAN_POINT('',(1.328518530473E1,-3.700000003672E0,
-5.992088722271E0));
#3328=DIRECTION('',(1.E0,-1.475568202148E-10,0.E0));
#3329=DIRECTION('',(1.179852985856E-10,7.995956614930E-1,6.005387399008E-1));
#3330=AXIS2_PLACEMENT_3D('',#3327,#3328,#3329);
#3332=CURVE_STYLE('',#333,POSITIVE_LENGTH_MEASURE(2.E-2),#170);
#3333=PRESENTATION_STYLE_ASSIGNMENT((#3332));
#3334=STYLED_ITEM('',(#3333),#3331);
#3335=DIRECTION('',(1.352637593104E-10,9.198796354572E-1,-3.922007856585E-1));
#3336=VECTOR('',#3335,6.928203230277E-1);
#3337=CARTESIAN_POINT('',(1.328518530472E1,-3.783335185369E0,
-5.304298603490E0));
#3338=LINE('',#3337,#3336);
#3339=CURVE_STYLE('',#333,POSITIVE_LENGTH_MEASURE(2.E-2),#170);
#3340=PRESENTATION_STYLE_ASSIGNMENT((#3339));
#3341=STYLED_ITEM('',(#3340),#3338);
#3342=CARTESIAN_POINT('',(1.328518530473E1,-3.700000003672E0,
-5.992088722271E0));
#3343=DIRECTION('',(1.E0,-1.475568202148E-10,0.E0));
#3344=DIRECTION('',(1.357355261560E-10,9.198796354574E-1,-3.922007856581E-1));
#3345=AXIS2_PLACEMENT_3D('',#3342,#3343,#3344);
#3347=CURVE_STYLE('',#333,POSITIVE_LENGTH_MEASURE(2.E-2),#170);
#3348=PRESENTATION_STYLE_ASSIGNMENT((#3347));
#3349=STYLED_ITEM('',(#3348),#3346);
#3350=DIRECTION('',(-7.071067809660E-1,7.019728506710E-1,8.505361387247E-2));
#3351=VECTOR('',#3350,2.730584232187E-1);
#3352=CARTESIAN_POINT('',(-1.299999999987E1,-2.402570311191E0,
-5.834887366878E0));
#3353=LINE('',#3352,#3351);
#3354=CURVE_STYLE('',#333,POSITIVE_LENGTH_MEASURE(2.E-2),#170);
#3355=PRESENTATION_STYLE_ASSIGNMENT((#3354));
#3356=STYLED_ITEM('',(#3355),#3353);
#3357=CARTESIAN_POINT('',(-1.319308146275E1,-3.699999999766E0,
-5.992088722271E0));
#3358=DIRECTION('',(-1.E0,1.475568360729E-10,0.E0));
#3359=DIRECTION('',(1.464854904043E-10,9.927395255479E-1,1.202839740573E-1));
#3360=AXIS2_PLACEMENT_3D('',#3357,#3358,#3359);
#3362=CURVE_STYLE('',#333,POSITIVE_LENGTH_MEASURE(2.E-2),#170);
#3363=PRESENTATION_STYLE_ASSIGNMENT((#3362));
#3364=STYLED_ITEM('',(#3363),#3361);
#3365=DIRECTION('',(-7.071067814065E-1,-7.019728502632E-1,-8.505361357571E-2));
#3366=VECTOR('',#3365,2.730584233091E-1);
#3367=CARTESIAN_POINT('',(-1.300000000013E1,-4.997429688389E0,
-6.149290077737E0));
#3368=LINE('',#3367,#3366);
#3369=CURVE_STYLE('',#333,POSITIVE_LENGTH_MEASURE(2.E-2),#170);
#3370=PRESENTATION_STYLE_ASSIGNMENT((#3369));
#3371=STYLED_ITEM('',(#3370),#3368);
#3372=CARTESIAN_POINT('',(-1.319308146275E1,-3.699999999766E0,
-5.992088722271E0));
#3373=DIRECTION('',(-1.E0,1.475568360729E-10,0.E0));
#3374=DIRECTION('',(-1.464854904044E-10,-9.927395255479E-1,-1.202839740572E-1));
#3375=AXIS2_PLACEMENT_3D('',#3372,#3373,#3374);
#3377=CURVE_STYLE('',#333,POSITIVE_LENGTH_MEASURE(2.E-2),#170);
#3378=PRESENTATION_STYLE_ASSIGNMENT((#3377));
#3379=STYLED_ITEM('',(#3378),#3376);
#3380=DIRECTION('',(1.E0,-1.487299172710E-10,-2.819966482550E-13));
#3381=VECTOR('',#3380,3.999999999998E-1);
#3382=CARTESIAN_POINT('',(-1.359308146253E1,-2.210890711385E0,
-5.811662761185E0));
#3383=LINE('',#3382,#3381);
#3384=CURVE_STYLE('',#333,POSITIVE_LENGTH_MEASURE(2.E-2),#170);
#3385=PRESENTATION_STYLE_ASSIGNMENT((#3384));
#3386=STYLED_ITEM('',(#3385),#3383);
#3387=DIRECTION('',(1.E0,-1.475086719439E-10,-2.153832667774E-13));
#3388=VECTOR('',#3387,3.999999999998E-1);
#3389=CARTESIAN_POINT('',(-1.359308146297E1,-5.189109288028E0,
-6.172514683357E0));
#3390=LINE('',#3389,#3388);
#3391=CURVE_STYLE('',#333,POSITIVE_LENGTH_MEASURE(2.E-2),#170);
#3392=PRESENTATION_STYLE_ASSIGNMENT((#3391));
#3393=STYLED_ITEM('',(#3392),#3390);
#3394=CARTESIAN_POINT('',(-1.359308146275E1,-3.699999999707E0,
-5.992088722271E0));
#3395=DIRECTION('',(1.E0,-1.475568360729E-10,0.E0));
#3396=DIRECTION('',(-1.464854904043E-10,-9.927395255479E-1,-1.202839740573E-1));
#3397=AXIS2_PLACEMENT_3D('',#3394,#3395,#3396);
#3399=CURVE_STYLE('',#333,POSITIVE_LENGTH_MEASURE(2.E-2),#170);
#3400=PRESENTATION_STYLE_ASSIGNMENT((#3399));
#3401=STYLED_ITEM('',(#3400),#3398);
#3402=CARTESIAN_POINT('',(-1.359308146275E1,-3.699999999707E0,
-5.992088722271E0));
#3403=DIRECTION('',(1.E0,-1.475568360729E-10,0.E0));
#3404=DIRECTION('',(1.464854904043E-10,9.927395255479E-1,1.202839740572E-1));
#3405=AXIS2_PLACEMENT_3D('',#3402,#3403,#3404);
#3407=CURVE_STYLE('',#333,POSITIVE_LENGTH_MEASURE(2.E-2),#170);
#3408=PRESENTATION_STYLE_ASSIGNMENT((#3407));
#3409=STYLED_ITEM('',(#3408),#3406);
#3410=DIRECTION('',(1.171494508048E-10,7.995956614368E-1,6.005387399756E-1));
#3411=VECTOR('',#3410,6.928203230270E-1);
#3412=CARTESIAN_POINT('',(-1.359308146284E1,-4.337311305916E0,
-5.720364047319E0));
#3413=LINE('',#3412,#3411);
#3414=CURVE_STYLE('',#333,POSITIVE_LENGTH_MEASURE(2.E-2),#170);
#3415=PRESENTATION_STYLE_ASSIGNMENT((#3414));
#3416=STYLED_ITEM('',(#3415),#3413);
#3417=DIRECTION('',(1.318485775793E-10,9.198796354939E-1,-3.922007855723E-1));
#3418=VECTOR('',#3417,6.928203230283E-1);
#3419=CARTESIAN_POINT('',(-1.359308146276E1,-3.783335181468E0,
-5.304298603499E0));
#3420=LINE('',#3419,#3418);
#3421=CURVE_STYLE('',#333,POSITIVE_LENGTH_MEASURE(2.E-2),#170);
#3422=PRESENTATION_STYLE_ASSIGNMENT((#3421));
#3423=STYLED_ITEM('',(#3422),#3420);
#3424=DIRECTION('',(1.470169072497E-11,1.202839740571E-1,-9.927395255479E-1));
#3425=VECTOR('',#3424,6.928203230272E-1);
#3426=CARTESIAN_POINT('',(-1.359308146267E1,-3.146023875258E0,
-5.576023278451E0));
#3427=LINE('',#3426,#3425);
#3428=CURVE_STYLE('',#333,POSITIVE_LENGTH_MEASURE(2.E-2),#170);
#3429=PRESENTATION_STYLE_ASSIGNMENT((#3428));
#3430=STYLED_ITEM('',(#3429),#3427);
#3431=DIRECTION('',(-1.171494508048E-10,-7.995956614369E-1,-6.005387399754E-1));
#3432=VECTOR('',#3431,6.928203230273E-1);
#3433=CARTESIAN_POINT('',(-1.359308146266E1,-3.062688693497E0,
-6.263813397223E0));
#3434=LINE('',#3433,#3432);
#3435=CURVE_STYLE('',#333,POSITIVE_LENGTH_MEASURE(2.E-2),#170);
#3436=PRESENTATION_STYLE_ASSIGNMENT((#3435));
#3437=STYLED_ITEM('',(#3436),#3434);
#3438=DIRECTION('',(-1.318408857287E-10,-9.198796354939E-1,3.922007855725E-1));
#3439=VECTOR('',#3438,6.928203230277E-1);
#3440=CARTESIAN_POINT('',(-1.359308146274E1,-3.616664817945E0,
-6.679878841043E0));
#3441=LINE('',#3440,#3439);
#3442=CURVE_STYLE('',#333,POSITIVE_LENGTH_MEASURE(2.E-2),#170);
#3443=PRESENTATION_STYLE_ASSIGNMENT((#3442));
#3444=STYLED_ITEM('',(#3443),#3441);
#3445=DIRECTION('',(-1.470425467522E-11,-1.202839740575E-1,9.927395255478E-1));
#3446=VECTOR('',#3445,6.928203230274E-1);
#3447=CARTESIAN_POINT('',(-1.359308146283E1,-4.253976124154E0,
-6.408154166091E0));
#3448=LINE('',#3447,#3446);
#3449=CURVE_STYLE('',#333,POSITIVE_LENGTH_MEASURE(2.E-2),#170);
#3450=PRESENTATION_STYLE_ASSIGNMENT((#3449));
#3451=STYLED_ITEM('',(#3450),#3448);
#3452=DIRECTION('',(-1.E0,1.468380972375E-10,-1.070254995743E-12));
#3453=VECTOR('',#3452,3.999999999984E-1);
#3454=CARTESIAN_POINT('',(-1.319308146276E1,-3.783335181527E0,
-5.304298603498E0));
#3455=LINE('',#3454,#3453);
#3456=CURVE_STYLE('',#333,POSITIVE_LENGTH_MEASURE(2.E-2),#170);
#3457=PRESENTATION_STYLE_ASSIGNMENT((#3456));
#3458=STYLED_ITEM('',(#3457),#3455);
#3459=DIRECTION('',(-1.758613475454E-11,-1.202839740575E-1,9.927395255478E-1));
#3460=VECTOR('',#3459,6.928203230275E-1);
#3461=CARTESIAN_POINT('',(-1.319308146283E1,-4.253976124213E0,
-6.408154166091E0));
#3462=LINE('',#3461,#3460);
#3463=CURVE_STYLE('',#333,POSITIVE_LENGTH_MEASURE(2.E-2),#170);
#3464=PRESENTATION_STYLE_ASSIGNMENT((#3463));
#3465=STYLED_ITEM('',(#3464),#3462);
#3466=DIRECTION('',(-1.E0,1.475175537286E-10,5.750955267582E-13));
#3467=VECTOR('',#3466,3.999999999984E-1);
#3468=CARTESIAN_POINT('',(-1.319308146284E1,-4.337311305975E0,
-5.720364047319E0));
#3469=LINE('',#3468,#3467);
#3470=CURVE_STYLE('',#333,POSITIVE_LENGTH_MEASURE(2.E-2),#170);
#3471=PRESENTATION_STYLE_ASSIGNMENT((#3470));
#3472=STYLED_ITEM('',(#3471),#3469);
#3473=DIRECTION('',(-1.E0,1.474265154398E-10,8.082423619264E-13));
#3474=VECTOR('',#3473,4.000000000004E-1);
#3475=CARTESIAN_POINT('',(-1.319308146283E1,-4.253976124213E0,
-6.408154166091E0));
#3476=LINE('',#3475,#3474);
#3477=CURVE_STYLE('',#333,POSITIVE_LENGTH_MEASURE(2.E-2),#170);
#3478=PRESENTATION_STYLE_ASSIGNMENT((#3477));
#3479=STYLED_ITEM('',(#3478),#3476);
#3480=DIRECTION('',(-1.E0,1.482869382832E-10,1.283417816459E-12));
#3481=VECTOR('',#3480,4.000000000024E-1);
#3482=CARTESIAN_POINT('',(-1.319308146274E1,-3.616664818004E0,
-6.679878841044E0));
#3483=LINE('',#3482,#3481);
#3484=CURVE_STYLE('',#333,POSITIVE_LENGTH_MEASURE(2.E-2),#170);
#3485=PRESENTATION_STYLE_ASSIGNMENT((#3484));
#3486=STYLED_ITEM('',(#3485),#3483);
#3487=DIRECTION('',(1.758869870477E-11,1.202839740575E-1,-9.927395255478E-1));
#3488=VECTOR('',#3487,6.928203230281E-1);
#3489=CARTESIAN_POINT('',(-1.319308146267E1,-3.146023875317E0,
-5.576023278450E0));
#3490=LINE('',#3489,#3488);
#3491=CURVE_STYLE('',#333,POSITIVE_LENGTH_MEASURE(2.E-2),#170);
#3492=PRESENTATION_STYLE_ASSIGNMENT((#3491));
#3493=STYLED_ITEM('',(#3492),#3490);
#3494=DIRECTION('',(-1.E0,1.464117715950E-10,4.440892098487E-14));
#3495=VECTOR('',#3494,4.000000000012E-1);
#3496=CARTESIAN_POINT('',(-1.319308146266E1,-3.062688693555E0,
-6.263813397223E0));
#3497=LINE('',#3496,#3495);
#3498=CURVE_STYLE('',#333,POSITIVE_LENGTH_MEASURE(2.E-2),#170);
#3499=PRESENTATION_STYLE_ASSIGNMENT((#3498));
#3500=STYLED_ITEM('',(#3499),#3497);
#3501=DIRECTION('',(-1.E0,1.474209643251E-10,-2.027267242970E-12));
#3502=VECTOR('',#3501,3.999999999992E-1);
#3503=CARTESIAN_POINT('',(-1.319308146267E1,-3.146023875317E0,
-5.576023278450E0));
#3504=LINE('',#3503,#3502);
#3505=CURVE_STYLE('',#333,POSITIVE_LENGTH_MEASURE(2.E-2),#170);
#3506=PRESENTATION_STYLE_ASSIGNMENT((#3505));
#3507=STYLED_ITEM('',(#3506),#3504);
#3508=CARTESIAN_POINT('',(-1.319308146275E1,-3.699999999765E0,
-5.992088722271E0));
#3509=DIRECTION('',(-1.E0,1.475568360729E-10,0.E0));
#3510=DIRECTION('',(-1.774766362017E-11,-1.202839740555E-1,9.927395255481E-1));
#3511=AXIS2_PLACEMENT_3D('',#3508,#3509,#3510);
#3513=CURVE_STYLE('',#333,POSITIVE_LENGTH_MEASURE(2.E-2),#170);
#3514=PRESENTATION_STYLE_ASSIGNMENT((#3513));
#3515=STYLED_ITEM('',(#3514),#3512);
#3516=DIRECTION('',(-1.330203028429E-10,-9.198796354941E-1,3.922007855720E-1));
#3517=VECTOR('',#3516,6.928203230279E-1);
#3518=CARTESIAN_POINT('',(-1.319308146267E1,-3.146023875317E0,
-5.576023278450E0));
#3519=LINE('',#3518,#3517);
#3520=CURVE_STYLE('',#333,POSITIVE_LENGTH_MEASURE(2.E-2),#170);
#3521=PRESENTATION_STYLE_ASSIGNMENT((#3520));
#3522=STYLED_ITEM('',(#3521),#3519);
#3523=DIRECTION('',(-2.773500981E-1,1.155651042290E-1,-9.537932846107E-1));
#3524=VECTOR('',#3523,7.211102550941E-1);
#3525=CARTESIAN_POINT('',(-1.299308146275E1,-3.699999999795E0,
-5.992088722271E0));
#3526=LINE('',#3525,#3524);
#3527=CURVE_STYLE('',#333,POSITIVE_LENGTH_MEASURE(2.E-2),#170);
#3528=PRESENTATION_STYLE_ASSIGNMENT((#3527));
#3529=STYLED_ITEM('',(#3528),#3526);
#3530=DIRECTION('',(-2.773500981339E-1,-1.155651041481E-1,9.537932846106E-1));
#3531=VECTOR('',#3530,7.211102550940E-1);
#3532=CARTESIAN_POINT('',(-1.299308146275E1,-3.699999999795E0,
-5.992088722271E0));
#3533=LINE('',#3532,#3531);
#3534=CURVE_STYLE('',#333,POSITIVE_LENGTH_MEASURE(2.E-2),#170);
#3535=PRESENTATION_STYLE_ASSIGNMENT((#3534));
#3536=STYLED_ITEM('',(#3535),#3533);
#3537=CARTESIAN_POINT('',(-1.319308146275E1,-3.699999999765E0,
-5.992088722271E0));
#3538=DIRECTION('',(-1.E0,1.475568360729E-10,0.E0));
#3539=DIRECTION('',(-1.357355261560E-10,-9.198796354937E-1,3.922007855729E-1));
#3540=AXIS2_PLACEMENT_3D('',#3537,#3538,#3539);
#3542=CURVE_STYLE('',#333,POSITIVE_LENGTH_MEASURE(2.E-2),#170);
#3543=PRESENTATION_STYLE_ASSIGNMENT((#3542));
#3544=STYLED_ITEM('',(#3543),#3541);
#3545=DIRECTION('',(-1.171827821580E-10,-7.995956614364E-1,-6.005387399760E-1));
#3546=VECTOR('',#3545,6.928203230276E-1);
#3547=CARTESIAN_POINT('',(-1.319308146276E1,-3.783335181527E0,
-5.304298603498E0));
#3548=LINE('',#3547,#3546);
#3549=CURVE_STYLE('',#333,POSITIVE_LENGTH_MEASURE(2.E-2),#170);
#3550=PRESENTATION_STYLE_ASSIGNMENT((#3549));
#3551=STYLED_ITEM('',(#3550),#3548);
#3552=CARTESIAN_POINT('',(-1.319308146275E1,-3.699999999765E0,
-5.992088722271E0));
#3553=DIRECTION('',(-1.E0,1.475568360729E-10,0.E0));
#3554=DIRECTION('',(-1.179852985856E-10,-7.995956614379E-1,-6.005387399741E-1));
#3555=AXIS2_PLACEMENT_3D('',#3552,#3553,#3554);
#3557=CURVE_STYLE('',#333,POSITIVE_LENGTH_MEASURE(2.E-2),#170);
#3558=PRESENTATION_STYLE_ASSIGNMENT((#3557));
#3559=STYLED_ITEM('',(#3558),#3556);
#3560=CARTESIAN_POINT('',(-1.319308146275E1,-3.699999999765E0,
-5.992088722271E0));
#3561=DIRECTION('',(-1.E0,1.475568360729E-10,0.E0));
#3562=DIRECTION('',(1.774766362017E-11,1.202839740560E-1,-9.927395255480E-1));
#3563=AXIS2_PLACEMENT_3D('',#3560,#3561,#3562);
#3565=CURVE_STYLE('',#333,POSITIVE_LENGTH_MEASURE(2.E-2),#170);
#3566=PRESENTATION_STYLE_ASSIGNMENT((#3565));
#3567=STYLED_ITEM('',(#3566),#3564);
#3568=DIRECTION('',(1.348278877682E-10,9.198796354937E-1,-3.922007855729E-1));
#3569=VECTOR('',#3568,6.928203230274E-1);
#3570=CARTESIAN_POINT('',(-1.319308146283E1,-4.253976124213E0,
-6.408154166091E0));
#3571=LINE('',#3570,#3569);
#3572=CURVE_STYLE('',#333,POSITIVE_LENGTH_MEASURE(2.E-2),#170);
#3573=PRESENTATION_STYLE_ASSIGNMENT((#3572));
#3574=STYLED_ITEM('',(#3573),#3571);
#3575=CARTESIAN_POINT('',(-1.319308146275E1,-3.699999999765E0,
-5.992088722271E0));
#3576=DIRECTION('',(-1.E0,1.475568360729E-10,0.E0));
#3577=DIRECTION('',(1.357355261560E-10,9.198796354947E-1,-3.922007855706E-1));
#3578=AXIS2_PLACEMENT_3D('',#3575,#3576,#3577);
#3580=CURVE_STYLE('',#333,POSITIVE_LENGTH_MEASURE(2.E-2),#170);
#3581=PRESENTATION_STYLE_ASSIGNMENT((#3580));
#3582=STYLED_ITEM('',(#3581),#3579);
#3583=DIRECTION('',(1.153803251332E-10,7.995956614370E-1,6.005387399754E-1));
#3584=VECTOR('',#3583,6.928203230282E-1);
#3585=CARTESIAN_POINT('',(-1.319308146274E1,-3.616664818004E0,
-6.679878841044E0));
#3586=LINE('',#3585,#3584);
#3587=CURVE_STYLE('',#333,POSITIVE_LENGTH_MEASURE(2.E-2),#170);
#3588=PRESENTATION_STYLE_ASSIGNMENT((#3587));
#3589=STYLED_ITEM('',(#3588),#3586);
#3590=CARTESIAN_POINT('',(-1.319308146275E1,-3.699999999765E0,
-5.992088722271E0));
#3591=DIRECTION('',(-1.E0,1.475568360729E-10,0.E0));
#3592=DIRECTION('',(1.179852985855E-10,7.995956614359E-1,6.005387399768E-1));
#3593=AXIS2_PLACEMENT_3D('',#3590,#3591,#3592);
#3595=CURVE_STYLE('',#333,POSITIVE_LENGTH_MEASURE(2.E-2),#170);
#3596=PRESENTATION_STYLE_ASSIGNMENT((#3595));
#3597=STYLED_ITEM('',(#3596),#3594);
#3598=DIRECTION('',(-7.071067811850E-1,7.019728504684E-1,8.505361372365E-2));
#3599=VECTOR('',#3598,2.730584232639E-1);
#3600=CARTESIAN_POINT('',(-1.3E1,-2.402570311195E0,3.165112633156E0));
#3601=LINE('',#3600,#3599);
#3602=CURVE_STYLE('',#333,POSITIVE_LENGTH_MEASURE(2.E-2),#170);
#3603=PRESENTATION_STYLE_ASSIGNMENT((#3602));
#3604=STYLED_ITEM('',(#3603),#3601);
#3605=CARTESIAN_POINT('',(-1.319308146275E1,-3.699999999793E0,
3.007911277729E0));
#3606=DIRECTION('',(-1.E0,0.E0,0.E0));
#3607=DIRECTION('',(0.E0,9.927395255480E-1,1.202839740560E-1));
#3608=AXIS2_PLACEMENT_3D('',#3605,#3606,#3607);
#3610=CURVE_STYLE('',#333,POSITIVE_LENGTH_MEASURE(2.E-2),#170);
#3611=PRESENTATION_STYLE_ASSIGNMENT((#3610));
#3612=STYLED_ITEM('',(#3611),#3609);
#3613=DIRECTION('',(-7.071067811850E-1,-7.019728504685E-1,-8.505361372301E-2));
#3614=VECTOR('',#3613,2.730584232639E-1);
#3615=CARTESIAN_POINT('',(-1.3E1,-4.997429688391E0,2.850709922301E0));
#3616=LINE('',#3615,#3614);
#3617=CURVE_STYLE('',#333,POSITIVE_LENGTH_MEASURE(2.E-2),#170);
#3618=PRESENTATION_STYLE_ASSIGNMENT((#3617));
#3619=STYLED_ITEM('',(#3618),#3616);
#3620=CARTESIAN_POINT('',(-1.319308146275E1,-3.699999999793E0,
3.007911277729E0));
#3621=DIRECTION('',(-1.E0,0.E0,0.E0));
#3622=DIRECTION('',(0.E0,-9.927395255480E-1,-1.202839740558E-1));
#3623=AXIS2_PLACEMENT_3D('',#3620,#3621,#3622);
#3625=CURVE_STYLE('',#333,POSITIVE_LENGTH_MEASURE(2.E-2),#170);
#3626=PRESENTATION_STYLE_ASSIGNMENT((#3625));
#3627=STYLED_ITEM('',(#3626),#3624);
#3628=DIRECTION('',(1.E0,-3.058664432852E-12,-6.217248937920E-13));
#3629=VECTOR('',#3628,3.999999999988E-1);
#3630=CARTESIAN_POINT('',(-1.359308146275E1,-2.210890711471E0,
3.188337238813E0));
#3631=LINE('',#3630,#3629);
#3632=CURVE_STYLE('',#333,POSITIVE_LENGTH_MEASURE(2.E-2),#170);
#3633=PRESENTATION_STYLE_ASSIGNMENT((#3632));
#3634=STYLED_ITEM('',(#3633),#3631);
#3635=DIRECTION('',(1.E0,3.119726699206E-12,1.032507412905E-13));
#3636=VECTOR('',#3635,3.999999999988E-1);
#3637=CARTESIAN_POINT('',(-1.359308146275E1,-5.189109288115E0,
2.827485316645E0));
#3638=LINE('',#3637,#3636);
#3639=CURVE_STYLE('',#333,POSITIVE_LENGTH_MEASURE(2.E-2),#170);
#3640=PRESENTATION_STYLE_ASSIGNMENT((#3639));
#3641=STYLED_ITEM('',(#3640),#3638);
#3642=CARTESIAN_POINT('',(-1.359308146275E1,-3.699999999793E0,
3.007911277729E0));
#3643=DIRECTION('',(1.E0,0.E0,0.E0));
#3644=DIRECTION('',(0.E0,-9.927395255480E-1,-1.202839740559E-1));
#3645=AXIS2_PLACEMENT_3D('',#3642,#3643,#3644);
#3647=CURVE_STYLE('',#333,POSITIVE_LENGTH_MEASURE(2.E-2),#170);
#3648=PRESENTATION_STYLE_ASSIGNMENT((#3647));
#3649=STYLED_ITEM('',(#3648),#3646);
#3650=CARTESIAN_POINT('',(-1.359308146275E1,-3.699999999793E0,
3.007911277729E0));
#3651=DIRECTION('',(1.E0,0.E0,0.E0));
#3652=DIRECTION('',(0.E0,9.927395255480E-1,1.202839740559E-1));
#3653=AXIS2_PLACEMENT_3D('',#3650,#3651,#3652);
#3655=CURVE_STYLE('',#333,POSITIVE_LENGTH_MEASURE(2.E-2),#170);
#3656=PRESENTATION_STYLE_ASSIGNMENT((#3655));
#3657=STYLED_ITEM('',(#3656),#3654);
#3658=DIRECTION('',(0.E0,7.995956614379E-1,6.005387399741E-1));
#3659=VECTOR('',#3658,6.928203230274E-1);
#3660=CARTESIAN_POINT('',(-1.359308146275E1,-4.337311306002E0,
3.279635952682E0));
#3661=LINE('',#3660,#3659);
#3662=CURVE_STYLE('',#333,POSITIVE_LENGTH_MEASURE(2.E-2),#170);
#3663=PRESENTATION_STYLE_ASSIGNMENT((#3662));
#3664=STYLED_ITEM('',(#3663),#3661);
#3665=DIRECTION('',(0.E0,9.198796354934E-1,-3.922007855735E-1));
#3666=VECTOR('',#3665,6.928203230277E-1);
#3667=CARTESIAN_POINT('',(-1.359308146275E1,-3.783335181553E0,
3.695701396501E0));
#3668=LINE('',#3667,#3666);
#3669=CURVE_STYLE('',#333,POSITIVE_LENGTH_MEASURE(2.E-2),#170);
#3670=PRESENTATION_STYLE_ASSIGNMENT((#3669));
#3671=STYLED_ITEM('',(#3670),#3668);
#3672=DIRECTION('',(0.E0,1.202839740558E-1,-9.927395255480E-1));
#3673=VECTOR('',#3672,6.928203230277E-1);
#3674=CARTESIAN_POINT('',(-1.359308146275E1,-3.146023875344E0,
3.423976721549E0));
#3675=LINE('',#3674,#3673);
#3676=CURVE_STYLE('',#333,POSITIVE_LENGTH_MEASURE(2.E-2),#170);
#3677=PRESENTATION_STYLE_ASSIGNMENT((#3676));
#3678=STYLED_ITEM('',(#3677),#3675);
#3679=DIRECTION('',(0.E0,-7.995956614379E-1,-6.005387399741E-1));
#3680=VECTOR('',#3679,6.928203230274E-1);
#3681=CARTESIAN_POINT('',(-1.359308146275E1,-3.062688693584E0,
2.736186602776E0));
#3682=LINE('',#3681,#3680);
#3683=CURVE_STYLE('',#333,POSITIVE_LENGTH_MEASURE(2.E-2),#170);
#3684=PRESENTATION_STYLE_ASSIGNMENT((#3683));
#3685=STYLED_ITEM('',(#3684),#3682);
#3686=DIRECTION('',(0.E0,-9.198796354934E-1,3.922007855735E-1));
#3687=VECTOR('',#3686,6.928203230277E-1);
#3688=CARTESIAN_POINT('',(-1.359308146275E1,-3.616664818033E0,
2.320121158957E0));
#3689=LINE('',#3688,#3687);
#3690=CURVE_STYLE('',#333,POSITIVE_LENGTH_MEASURE(2.E-2),#170);
#3691=PRESENTATION_STYLE_ASSIGNMENT((#3690));
#3692=STYLED_ITEM('',(#3691),#3689);
#3693=DIRECTION('',(0.E0,-1.202839740558E-1,9.927395255480E-1));
#3694=VECTOR('',#3693,6.928203230277E-1);
#3695=CARTESIAN_POINT('',(-1.359308146275E1,-4.253976124242E0,
2.591845833909E0));
#3696=LINE('',#3695,#3694);
#3697=CURVE_STYLE('',#333,POSITIVE_LENGTH_MEASURE(2.E-2),#170);
#3698=PRESENTATION_STYLE_ASSIGNMENT((#3697));
#3699=STYLED_ITEM('',(#3698),#3696);
#3700=DIRECTION('',(-1.E0,-1.754152378903E-12,-1.267874694118E-12));
#3701=VECTOR('',#3700,4.000000000012E-1);
#3702=CARTESIAN_POINT('',(-1.319308146275E1,-3.783335181553E0,
3.695701396502E0));
#3703=LINE('',#3702,#3701);
#3704=CURVE_STYLE('',#333,POSITIVE_LENGTH_MEASURE(2.E-2),#170);
#3705=PRESENTATION_STYLE_ASSIGNMENT((#3704));
#3706=STYLED_ITEM('',(#3705),#3703);
#3707=DIRECTION('',(0.E0,-1.202839740562E-1,9.927395255480E-1));
#3708=VECTOR('',#3707,6.928203230279E-1);
#3709=CARTESIAN_POINT('',(-1.319308146275E1,-4.253976124242E0,
2.591845833909E0));
#3710=LINE('',#3709,#3708);
#3711=CURVE_STYLE('',#333,POSITIVE_LENGTH_MEASURE(2.E-2),#170);
#3712=PRESENTATION_STYLE_ASSIGNMENT((#3711));
#3713=STYLED_ITEM('',(#3712),#3710);
#3714=DIRECTION('',(-1.E0,7.616129948915E-13,7.238654120543E-13));
#3715=VECTOR('',#3714,4.000000000007E-1);
#3716=CARTESIAN_POINT('',(-1.319308146275E1,-4.337311306002E0,
3.279635952682E0));
#3717=LINE('',#3716,#3715);
#3718=CURVE_STYLE('',#333,POSITIVE_LENGTH_MEASURE(2.E-2),#170);
#3719=PRESENTATION_STYLE_ASSIGNMENT((#3718));
#3720=STYLED_ITEM('',(#3719),#3717);
#3721=DIRECTION('',(-1.E0,-9.325873406835E-14,1.069144772712E-12));
#3722=VECTOR('',#3721,4.000000000007E-1);
#3723=CARTESIAN_POINT('',(-1.319308146275E1,-4.253976124242E0,
2.591845833909E0));
#3724=LINE('',#3723,#3722);
#3725=CURVE_STYLE('',#333,POSITIVE_LENGTH_MEASURE(2.E-2),#170);
#3726=PRESENTATION_STYLE_ASSIGNMENT((#3725));
#3727=STYLED_ITEM('',(#3726),#3724);
#3728=DIRECTION('',(-1.E0,1.126876369991E-12,1.191269305419E-12));
#3729=VECTOR('',#3728,4.000000000012E-1);
#3730=CARTESIAN_POINT('',(-1.319308146275E1,-3.616664818033E0,
2.320121158956E0));
#3731=LINE('',#3730,#3729);
#3732=CURVE_STYLE('',#333,POSITIVE_LENGTH_MEASURE(2.E-2),#170);
#3733=PRESENTATION_STYLE_ASSIGNMENT((#3732));
#3734=STYLED_ITEM('',(#3733),#3731);
#3735=DIRECTION('',(0.E0,1.202839740562E-1,-9.927395255480E-1));
#3736=VECTOR('',#3735,6.928203230279E-1);
#3737=CARTESIAN_POINT('',(-1.319308146275E1,-3.146023875344E0,
3.423976721549E0));
#3738=LINE('',#3737,#3736);
#3739=CURVE_STYLE('',#333,POSITIVE_LENGTH_MEASURE(2.E-2),#170);
#3740=PRESENTATION_STYLE_ASSIGNMENT((#3739));
#3741=STYLED_ITEM('',(#3740),#3738);
#3742=DIRECTION('',(-1.E0,-7.571721027930E-13,-7.227551890297E-13));
#3743=VECTOR('',#3742,4.000000000007E-1);
#3744=CARTESIAN_POINT('',(-1.319308146275E1,-3.062688693584E0,
2.736186602776E0));
#3745=LINE('',#3744,#3743);
#3746=CURVE_STYLE('',#333,POSITIVE_LENGTH_MEASURE(2.E-2),#170);
#3747=PRESENTATION_STYLE_ASSIGNMENT((#3746));
#3748=STYLED_ITEM('',(#3747),#3745);
#3749=DIRECTION('',(-1.E0,9.325873406835E-14,-1.071365218761E-12));
#3750=VECTOR('',#3749,4.000000000007E-1);
#3751=CARTESIAN_POINT('',(-1.319308146275E1,-3.146023875344E0,
3.423976721549E0));
#3752=LINE('',#3751,#3750);
#3753=CURVE_STYLE('',#333,POSITIVE_LENGTH_MEASURE(2.E-2),#170);
#3754=PRESENTATION_STYLE_ASSIGNMENT((#3753));
#3755=STYLED_ITEM('',(#3754),#3752);
#3756=CARTESIAN_POINT('',(-1.319308146275E1,-3.699999999793E0,
3.007911277729E0));
#3757=DIRECTION('',(-1.E0,0.E0,0.E0));
#3758=DIRECTION('',(0.E0,-1.202839740544E-1,9.927395255482E-1));
#3759=AXIS2_PLACEMENT_3D('',#3756,#3757,#3758);
#3761=CURVE_STYLE('',#333,POSITIVE_LENGTH_MEASURE(2.E-2),#170);
#3762=PRESENTATION_STYLE_ASSIGNMENT((#3761));
#3763=STYLED_ITEM('',(#3762),#3760);
#3764=DIRECTION('',(6.897026168500E-13,-9.198796354932E-1,3.922007855739E-1));
#3765=VECTOR('',#3764,6.928203230271E-1);
#3766=CARTESIAN_POINT('',(-1.319308146275E1,-3.146023875344E0,
3.423976721549E0));
#3767=LINE('',#3766,#3765);
#3768=CURVE_STYLE('',#333,POSITIVE_LENGTH_MEASURE(2.E-2),#170);
#3769=PRESENTATION_STYLE_ASSIGNMENT((#3768));
#3770=STYLED_ITEM('',(#3769),#3767);
#3771=DIRECTION('',(-2.773500981160E-1,1.155651041866E-1,-9.537932846112E-1));
#3772=VECTOR('',#3771,7.211102550939E-1);
#3773=CARTESIAN_POINT('',(-1.299308146275E1,-3.699999999793E0,
3.007911277729E0));
#3774=LINE('',#3773,#3772);
#3775=CURVE_STYLE('',#333,POSITIVE_LENGTH_MEASURE(2.E-2),#170);
#3776=PRESENTATION_STYLE_ASSIGNMENT((#3775));
#3777=STYLED_ITEM('',(#3776),#3774);
#3778=DIRECTION('',(-2.773500981160E-1,-1.155651041863E-1,9.537932846112E-1));
#3779=VECTOR('',#3778,7.211102550939E-1);
#3780=CARTESIAN_POINT('',(-1.299308146275E1,-3.699999999793E0,
3.007911277729E0));
#3781=LINE('',#3780,#3779);
#3782=CURVE_STYLE('',#333,POSITIVE_LENGTH_MEASURE(2.E-2),#170);
#3783=PRESENTATION_STYLE_ASSIGNMENT((#3782));
#3784=STYLED_ITEM('',(#3783),#3781);
#3785=CARTESIAN_POINT('',(-1.319308146275E1,-3.699999999793E0,
3.007911277729E0));
#3786=DIRECTION('',(-1.E0,0.E0,0.E0));
#3787=DIRECTION('',(0.E0,-9.198796354943E-1,3.922007855715E-1));
#3788=AXIS2_PLACEMENT_3D('',#3785,#3786,#3787);
#3790=CURVE_STYLE('',#333,POSITIVE_LENGTH_MEASURE(2.E-2),#170);
#3791=PRESENTATION_STYLE_ASSIGNMENT((#3790));
#3792=STYLED_ITEM('',(#3791),#3789);
#3793=DIRECTION('',(-6.845747163514E-13,-7.995956614379E-1,-6.005387399742E-1));
#3794=VECTOR('',#3793,6.928203230287E-1);
#3795=CARTESIAN_POINT('',(-1.319308146275E1,-3.783335181553E0,
3.695701396502E0));
#3796=LINE('',#3795,#3794);
#3797=CURVE_STYLE('',#333,POSITIVE_LENGTH_MEASURE(2.E-2),#170);
#3798=PRESENTATION_STYLE_ASSIGNMENT((#3797));
#3799=STYLED_ITEM('',(#3798),#3796);
#3800=CARTESIAN_POINT('',(-1.319308146275E1,-3.699999999793E0,
3.007911277729E0));
#3801=DIRECTION('',(-1.E0,0.E0,0.E0));
#3802=DIRECTION('',(0.E0,-7.995956614374E-1,-6.005387399747E-1));
#3803=AXIS2_PLACEMENT_3D('',#3800,#3801,#3802);
#3805=CURVE_STYLE('',#333,POSITIVE_LENGTH_MEASURE(2.E-2),#170);
#3806=PRESENTATION_STYLE_ASSIGNMENT((#3805));
#3807=STYLED_ITEM('',(#3806),#3804);
#3808=CARTESIAN_POINT('',(-1.319308146275E1,-3.699999999793E0,
3.007911277729E0));
#3809=DIRECTION('',(-1.E0,0.E0,0.E0));
#3810=DIRECTION('',(0.E0,1.202839740544E-1,-9.927395255482E-1));
#3811=AXIS2_PLACEMENT_3D('',#3808,#3809,#3810);
#3813=CURVE_STYLE('',#333,POSITIVE_LENGTH_MEASURE(2.E-2),#170);
#3814=PRESENTATION_STYLE_ASSIGNMENT((#3813));
#3815=STYLED_ITEM('',(#3814),#3812);
#3816=DIRECTION('',(6.897026168498E-13,9.198796354933E-1,-3.922007855738E-1));
#3817=VECTOR('',#3816,6.928203230273E-1);
#3818=CARTESIAN_POINT('',(-1.319308146275E1,-4.253976124242E0,
2.591845833909E0));
#3819=LINE('',#3818,#3817);
#3820=CURVE_STYLE('',#333,POSITIVE_LENGTH_MEASURE(2.E-2),#170);
#3821=PRESENTATION_STYLE_ASSIGNMENT((#3820));
#3822=STYLED_ITEM('',(#3821),#3819);
#3823=CARTESIAN_POINT('',(-1.319308146275E1,-3.699999999793E0,
3.007911277729E0));
#3824=DIRECTION('',(-1.E0,0.E0,0.E0));
#3825=DIRECTION('',(0.E0,9.198796354943E-1,-3.922007855715E-1));
#3826=AXIS2_PLACEMENT_3D('',#3823,#3824,#3825);
#3828=CURVE_STYLE('',#333,POSITIVE_LENGTH_MEASURE(2.E-2),#170);
#3829=PRESENTATION_STYLE_ASSIGNMENT((#3828));
#3830=STYLED_ITEM('',(#3829),#3827);
#3831=DIRECTION('',(-6.845747163516E-13,7.995956614378E-1,6.005387399743E-1));
#3832=VECTOR('',#3831,6.928203230285E-1);
#3833=CARTESIAN_POINT('',(-1.319308146275E1,-3.616664818033E0,
2.320121158956E0));
#3834=LINE('',#3833,#3832);
#3835=CURVE_STYLE('',#333,POSITIVE_LENGTH_MEASURE(2.E-2),#170);
#3836=PRESENTATION_STYLE_ASSIGNMENT((#3835));
#3837=STYLED_ITEM('',(#3836),#3834);
#3838=CARTESIAN_POINT('',(-1.319308146275E1,-3.699999999793E0,
3.007911277729E0));
#3839=DIRECTION('',(-1.E0,0.E0,0.E0));
#3840=DIRECTION('',(0.E0,7.995956614374E-1,6.005387399747E-1));
#3841=AXIS2_PLACEMENT_3D('',#3838,#3839,#3840);
#3843=CURVE_STYLE('',#333,POSITIVE_LENGTH_MEASURE(2.E-2),#170);
#3844=PRESENTATION_STYLE_ASSIGNMENT((#3843));
#3845=STYLED_ITEM('',(#3844),#3842);
#3846=DIRECTION('',(0.E0,-1.E0,0.E0));
#3847=VECTOR('',#3846,5.7E0);
#3848=CARTESIAN_POINT('',(1.26E1,-1.2E0,8.907911277729E0));
#3849=LINE('',#3848,#3847);
#3850=CURVE_STYLE('',#333,POSITIVE_LENGTH_MEASURE(2.E-2),#170);
#3851=PRESENTATION_STYLE_ASSIGNMENT((#3850));
#3852=STYLED_ITEM('',(#3851),#3849);
#3853=DIRECTION('',(0.E0,0.E0,1.E0));
#3854=VECTOR('',#3853,7.E-1);
#3855=CARTESIAN_POINT('',(1.21E1,-7.4E0,8.907911277729E0));
#3856=LINE('',#3855,#3854);
#3857=CURVE_STYLE('',#333,POSITIVE_LENGTH_MEASURE(2.E-2),#170);
#3858=PRESENTATION_STYLE_ASSIGNMENT((#3857));
#3859=STYLED_ITEM('',(#3858),#3856);
#3860=DIRECTION('',(0.E0,0.E0,-1.E0));
#3861=VECTOR('',#3860,7.E-1);
#3862=CARTESIAN_POINT('',(1.26E1,-6.9E0,9.607911277729E0));
#3863=LINE('',#3862,#3861);
#3864=CURVE_STYLE('',#333,POSITIVE_LENGTH_MEASURE(2.E-2),#170);
#3865=PRESENTATION_STYLE_ASSIGNMENT((#3864));
#3866=STYLED_ITEM('',(#3865),#3863);
#3867=DIRECTION('',(-1.E0,0.E0,0.E0));
#3868=VECTOR('',#3867,8.6E0);
#3869=CARTESIAN_POINT('',(1.21E1,-7.4E0,8.907911277729E0));
#3870=LINE('',#3869,#3868);
#3871=CURVE_STYLE('',#333,POSITIVE_LENGTH_MEASURE(2.E-2),#170);
#3872=PRESENTATION_STYLE_ASSIGNMENT((#3871));
#3873=STYLED_ITEM('',(#3872),#3870);
#3874=DIRECTION('',(0.E0,0.E0,1.E0));
#3875=VECTOR('',#3874,7.E-1);
#3876=CARTESIAN_POINT('',(3.5E0,-6.4E0,8.907911277729E0));
#3877=LINE('',#3876,#3875);
#3878=CURVE_STYLE('',#333,POSITIVE_LENGTH_MEASURE(2.E-2),#170);
#3879=PRESENTATION_STYLE_ASSIGNMENT((#3878));
#3880=STYLED_ITEM('',(#3879),#3877);
#3881=DIRECTION('',(0.E0,0.E0,-1.E0));
#3882=VECTOR('',#3881,7.E-1);
#3883=CARTESIAN_POINT('',(3.5E0,-7.4E0,9.607911277729E0));
#3884=LINE('',#3883,#3882);
#3885=CURVE_STYLE('',#333,POSITIVE_LENGTH_MEASURE(2.E-2),#170);
#3886=PRESENTATION_STYLE_ASSIGNMENT((#3885));
#3887=STYLED_ITEM('',(#3886),#3884);
#3888=DIRECTION('',(-1.E0,0.E0,0.E0));
#3889=VECTOR('',#3888,7.6E0);
#3890=CARTESIAN_POINT('',(1.11E1,-6.4E0,9.607911277729E0));
#3891=LINE('',#3890,#3889);
#3892=CURVE_STYLE('',#333,POSITIVE_LENGTH_MEASURE(2.E-2),#170);
#3893=PRESENTATION_STYLE_ASSIGNMENT((#3892));
#3894=STYLED_ITEM('',(#3893),#3891);
#3895=DIRECTION('',(1.E0,0.E0,0.E0));
#3896=VECTOR('',#3895,7.6E0);
#3897=CARTESIAN_POINT('',(3.5E0,-6.4E0,8.907911277729E0));
#3898=LINE('',#3897,#3896);
#3899=CURVE_STYLE('',#333,POSITIVE_LENGTH_MEASURE(2.E-2),#170);
#3900=PRESENTATION_STYLE_ASSIGNMENT((#3899));
#3901=STYLED_ITEM('',(#3900),#3898);
#3902=DIRECTION('',(0.E0,0.E0,-1.E0));
#3903=VECTOR('',#3902,7.E-1);
#3904=CARTESIAN_POINT('',(1.11E1,-6.4E0,9.607911277729E0));
#3905=LINE('',#3904,#3903);
#3906=CURVE_STYLE('',#333,POSITIVE_LENGTH_MEASURE(2.E-2),#170);
#3907=PRESENTATION_STYLE_ASSIGNMENT((#3906));
#3908=STYLED_ITEM('',(#3907),#3905);
#3909=DIRECTION('',(0.E0,0.E0,1.E0));
#3910=VECTOR('',#3909,7.E-1);
#3911=CARTESIAN_POINT('',(1.16E1,-5.9E0,8.907911277729E0));
#3912=LINE('',#3911,#3910);
#3913=CURVE_STYLE('',#333,POSITIVE_LENGTH_MEASURE(2.E-2),#170);
#3914=PRESENTATION_STYLE_ASSIGNMENT((#3913));
#3915=STYLED_ITEM('',(#3914),#3912);
#3916=DIRECTION('',(0.E0,0.E0,1.E0));
#3917=VECTOR('',#3916,7.E-1);
#3918=CARTESIAN_POINT('',(1.16E1,-1.2E0,8.907911277729E0));
#3919=LINE('',#3918,#3917);
#3920=CURVE_STYLE('',#333,POSITIVE_LENGTH_MEASURE(2.E-2),#170);
#3921=PRESENTATION_STYLE_ASSIGNMENT((#3920));
#3922=STYLED_ITEM('',(#3921),#3919);
#3923=DIRECTION('',(0.E0,-1.E0,0.E0));
#3924=VECTOR('',#3923,4.7E0);
#3925=CARTESIAN_POINT('',(1.16E1,-1.2E0,9.607911277729E0));
#3926=LINE('',#3925,#3924);
#3927=CURVE_STYLE('',#333,POSITIVE_LENGTH_MEASURE(2.E-2),#170);
#3928=PRESENTATION_STYLE_ASSIGNMENT((#3927));
#3929=STYLED_ITEM('',(#3928),#3926);
#3930=DIRECTION('',(0.E0,1.E0,0.E0));
#3931=VECTOR('',#3930,4.7E0);
#3932=CARTESIAN_POINT('',(1.16E1,-5.9E0,8.907911277729E0));
#3933=LINE('',#3932,#3931);
#3934=CURVE_STYLE('',#333,POSITIVE_LENGTH_MEASURE(2.E-2),#170);
#3935=PRESENTATION_STYLE_ASSIGNMENT((#3934));
#3936=STYLED_ITEM('',(#3935),#3933);
#3937=DIRECTION('',(1.E0,0.E0,0.E0));
#3938=VECTOR('',#3937,1.E0);
#3939=CARTESIAN_POINT('',(1.16E1,-1.2E0,8.907911277729E0));
#3940=LINE('',#3939,#3938);
#3941=CURVE_STYLE('',#333,POSITIVE_LENGTH_MEASURE(2.E-2),#170);
#3942=PRESENTATION_STYLE_ASSIGNMENT((#3941));
#3943=STYLED_ITEM('',(#3942),#3940);
#3944=DIRECTION('',(0.E0,0.E0,1.E0));
#3945=VECTOR('',#3944,7.E-1);
#3946=CARTESIAN_POINT('',(1.26E1,-1.2E0,8.907911277729E0));
#3947=LINE('',#3946,#3945);
#3948=CURVE_STYLE('',#333,POSITIVE_LENGTH_MEASURE(2.E-2),#170);
#3949=PRESENTATION_STYLE_ASSIGNMENT((#3948));
#3950=STYLED_ITEM('',(#3949),#3947);
#3951=DIRECTION('',(-1.E0,0.E0,0.E0));
#3952=VECTOR('',#3951,1.E0);
#3953=CARTESIAN_POINT('',(1.26E1,-1.2E0,9.607911277729E0));
#3954=LINE('',#3953,#3952);
#3955=CURVE_STYLE('',#333,POSITIVE_LENGTH_MEASURE(2.E-2),#170);
#3956=PRESENTATION_STYLE_ASSIGNMENT((#3955));
#3957=STYLED_ITEM('',(#3956),#3954);
#3958=CARTESIAN_POINT('',(1.11E1,-5.9E0,9.607911277729E0));
#3959=DIRECTION('',(0.E0,0.E0,1.E0));
#3960=DIRECTION('',(0.E0,-1.E0,0.E0));
#3961=AXIS2_PLACEMENT_3D('',#3958,#3959,#3960);
#3963=CURVE_STYLE('',#333,POSITIVE_LENGTH_MEASURE(2.E-2),#170);
#3964=PRESENTATION_STYLE_ASSIGNMENT((#3963));
#3965=STYLED_ITEM('',(#3964),#3962);
#3966=DIRECTION('',(0.E0,-1.E0,0.E0));
#3967=VECTOR('',#3966,5.7E0);
#3968=CARTESIAN_POINT('',(1.26E1,-1.2E0,9.607911277729E0));
#3969=LINE('',#3968,#3967);
#3970=CURVE_STYLE('',#333,POSITIVE_LENGTH_MEASURE(2.E-2),#170);
#3971=PRESENTATION_STYLE_ASSIGNMENT((#3970));
#3972=STYLED_ITEM('',(#3971),#3969);
#3973=CARTESIAN_POINT('',(1.21E1,-6.9E0,9.607911277729E0));
#3974=DIRECTION('',(0.E0,0.E0,-1.E0));
#3975=DIRECTION('',(1.E0,0.E0,0.E0));
#3976=AXIS2_PLACEMENT_3D('',#3973,#3974,#3975);
#3978=CURVE_STYLE('',#333,POSITIVE_LENGTH_MEASURE(2.E-2),#170);
#3979=PRESENTATION_STYLE_ASSIGNMENT((#3978));
#3980=STYLED_ITEM('',(#3979),#3977);
#3981=DIRECTION('',(-1.E0,0.E0,0.E0));
#3982=VECTOR('',#3981,8.6E0);
#3983=CARTESIAN_POINT('',(1.21E1,-7.4E0,9.607911277729E0));
#3984=LINE('',#3983,#3982);
#3985=CURVE_STYLE('',#333,POSITIVE_LENGTH_MEASURE(2.E-2),#170);
#3986=PRESENTATION_STYLE_ASSIGNMENT((#3985));
#3987=STYLED_ITEM('',(#3986),#3984);
#3988=CARTESIAN_POINT('',(3.5E0,-6.9E0,9.607911277729E0));
#3989=DIRECTION('',(0.E0,0.E0,-1.E0));
#3990=DIRECTION('',(0.E0,-1.E0,0.E0));
#3991=AXIS2_PLACEMENT_3D('',#3988,#3989,#3990);
#3993=CURVE_STYLE('',#333,POSITIVE_LENGTH_MEASURE(2.E-2),#170);
#3994=PRESENTATION_STYLE_ASSIGNMENT((#3993));
#3995=STYLED_ITEM('',(#3994),#3992);
#3996=DIRECTION('',(0.E0,0.E0,1.E0));
#3997=VECTOR('',#3996,5.E-1);
#3998=CARTESIAN_POINT('',(7.1E0,-1.485650434139E0,8.907911277729E0));
#3999=LINE('',#3998,#3997);
#4000=CURVE_STYLE('',#333,POSITIVE_LENGTH_MEASURE(2.E-2),#170);
#4001=PRESENTATION_STYLE_ASSIGNMENT((#4000));
#4002=STYLED_ITEM('',(#4001),#3999);
#4003=DIRECTION('',(0.E0,0.E0,-1.E0));
#4004=VECTOR('',#4003,5.E-1);
#4005=CARTESIAN_POINT('',(6.6E0,-9.856504341390E-1,9.407911277729E0));
#4006=LINE('',#4005,#4004);
#4007=CURVE_STYLE('',#333,POSITIVE_LENGTH_MEASURE(2.E-2),#170);
#4008=PRESENTATION_STYLE_ASSIGNMENT((#4007));
#4009=STYLED_ITEM('',(#4008),#4006);
#4010=DIRECTION('',(1.E0,0.E0,0.E0));
#4011=VECTOR('',#4010,3.85E0);
#4012=CARTESIAN_POINT('',(7.1E0,-1.485650434139E0,8.907911277729E0));
#4013=LINE('',#4012,#4011);
#4014=CURVE_STYLE('',#333,POSITIVE_LENGTH_MEASURE(2.E-2),#170);
#4015=PRESENTATION_STYLE_ASSIGNMENT((#4014));
#4016=STYLED_ITEM('',(#4015),#4013);
#4017=DIRECTION('',(-1.E0,0.E0,0.E0));
#4018=VECTOR('',#4017,3.85E0);
#4019=CARTESIAN_POINT('',(1.095E1,-1.485650434139E0,9.407911277729E0));
#4020=LINE('',#4019,#4018);
#4021=CURVE_STYLE('',#333,POSITIVE_LENGTH_MEASURE(2.E-2),#170);
#4022=PRESENTATION_STYLE_ASSIGNMENT((#4021));
#4023=STYLED_ITEM('',(#4022),#4020);
#4024=DIRECTION('',(0.E0,0.E0,1.E0));
#4025=VECTOR('',#4024,5.E-1);
#4026=CARTESIAN_POINT('',(1.145E1,-1.985650434139E0,8.907911277729E0));
#4027=LINE('',#4026,#4025);
#4028=CURVE_STYLE('',#333,POSITIVE_LENGTH_MEASURE(2.E-2),#170);
#4029=PRESENTATION_STYLE_ASSIGNMENT((#4028));
#4030=STYLED_ITEM('',(#4029),#4027);
#4031=DIRECTION('',(0.E0,0.E0,-1.E0));
#4032=VECTOR('',#4031,5.E-1);
#4033=CARTESIAN_POINT('',(1.095E1,-1.485650434139E0,9.407911277729E0));
#4034=LINE('',#4033,#4032);
#4035=CURVE_STYLE('',#333,POSITIVE_LENGTH_MEASURE(2.E-2),#170);
#4036=PRESENTATION_STYLE_ASSIGNMENT((#4035));
#4037=STYLED_ITEM('',(#4036),#4034);
#4038=DIRECTION('',(0.E0,1.E0,0.E0));
#4039=VECTOR('',#4038,3.85E0);
#4040=CARTESIAN_POINT('',(1.145E1,-5.835650434139E0,9.407911277729E0));
#4041=LINE('',#4040,#4039);
#4042=CURVE_STYLE('',#333,POSITIVE_LENGTH_MEASURE(2.E-2),#170);
#4043=PRESENTATION_STYLE_ASSIGNMENT((#4042));
#4044=STYLED_ITEM('',(#4043),#4041);
#4045=DIRECTION('',(0.E0,0.E0,1.E0));
#4046=VECTOR('',#4045,5.E-1);
#4047=CARTESIAN_POINT('',(1.105E1,-6.235650434139E0,8.907911277729E0));
#4048=LINE('',#4047,#4046);
#4049=CURVE_STYLE('',#333,POSITIVE_LENGTH_MEASURE(2.E-2),#170);
#4050=PRESENTATION_STYLE_ASSIGNMENT((#4049));
#4051=STYLED_ITEM('',(#4050),#4048);
#4052=DIRECTION('',(0.E0,0.E0,-1.E0));
#4053=VECTOR('',#4052,5.E-1);
#4054=CARTESIAN_POINT('',(1.145E1,-5.835650434139E0,9.407911277729E0));
#4055=LINE('',#4054,#4053);
#4056=CURVE_STYLE('',#333,POSITIVE_LENGTH_MEASURE(2.E-2),#170);
#4057=PRESENTATION_STYLE_ASSIGNMENT((#4056));
#4058=STYLED_ITEM('',(#4057),#4055);
#4059=DIRECTION('',(-1.E0,0.E0,0.E0));
#4060=VECTOR('',#4059,2.21E1);
#4061=CARTESIAN_POINT('',(1.105E1,-6.235650434139E0,8.907911277729E0));
#4062=LINE('',#4061,#4060);
#4063=CURVE_STYLE('',#333,POSITIVE_LENGTH_MEASURE(2.E-2),#170);
#4064=PRESENTATION_STYLE_ASSIGNMENT((#4063));
#4065=STYLED_ITEM('',(#4064),#4062);
#4066=DIRECTION('',(1.E0,0.E0,0.E0));
#4067=VECTOR('',#4066,2.21E1);
#4068=CARTESIAN_POINT('',(-1.105E1,-6.235650434139E0,9.407911277729E0));
#4069=LINE('',#4068,#4067);
#4070=CURVE_STYLE('',#333,POSITIVE_LENGTH_MEASURE(2.E-2),#170);
#4071=PRESENTATION_STYLE_ASSIGNMENT((#4070));
#4072=STYLED_ITEM('',(#4071),#4069);
#4073=DIRECTION('',(0.E0,0.E0,1.E0));
#4074=VECTOR('',#4073,5.E-1);
#4075=CARTESIAN_POINT('',(-1.145E1,-5.835650434139E0,8.907911277729E0));
#4076=LINE('',#4075,#4074);
#4077=CURVE_STYLE('',#333,POSITIVE_LENGTH_MEASURE(2.E-2),#170);
#4078=PRESENTATION_STYLE_ASSIGNMENT((#4077));
#4079=STYLED_ITEM('',(#4078),#4076);
#4080=DIRECTION('',(0.E0,0.E0,-1.E0));
#4081=VECTOR('',#4080,5.E-1);
#4082=CARTESIAN_POINT('',(-1.105E1,-6.235650434139E0,9.407911277729E0));
#4083=LINE('',#4082,#4081);
#4084=CURVE_STYLE('',#333,POSITIVE_LENGTH_MEASURE(2.E-2),#170);
#4085=PRESENTATION_STYLE_ASSIGNMENT((#4084));
#4086=STYLED_ITEM('',(#4085),#4083);
#4087=DIRECTION('',(0.E0,-1.E0,0.E0));
#4088=VECTOR('',#4087,3.85E0);
#4089=CARTESIAN_POINT('',(-1.145E1,-1.985650434139E0,9.407911277729E0));
#4090=LINE('',#4089,#4088);
#4091=CURVE_STYLE('',#333,POSITIVE_LENGTH_MEASURE(2.E-2),#170);
#4092=PRESENTATION_STYLE_ASSIGNMENT((#4091));
#4093=STYLED_ITEM('',(#4092),#4090);
#4094=DIRECTION('',(0.E0,0.E0,1.E0));
#4095=VECTOR('',#4094,5.E-1);
#4096=CARTESIAN_POINT('',(-1.095E1,-1.485650434139E0,8.907911277729E0));
#4097=LINE('',#4096,#4095);
#4098=CURVE_STYLE('',#333,POSITIVE_LENGTH_MEASURE(2.E-2),#170);
#4099=PRESENTATION_STYLE_ASSIGNMENT((#4098));
#4100=STYLED_ITEM('',(#4099),#4097);
#4101=DIRECTION('',(0.E0,0.E0,-1.E0));
#4102=VECTOR('',#4101,5.E-1);
#4103=CARTESIAN_POINT('',(-1.145E1,-1.985650434139E0,9.407911277729E0));
#4104=LINE('',#4103,#4102);
#4105=CURVE_STYLE('',#333,POSITIVE_LENGTH_MEASURE(2.E-2),#170);
#4106=PRESENTATION_STYLE_ASSIGNMENT((#4105));
#4107=STYLED_ITEM('',(#4106),#4104);
#4108=DIRECTION('',(-1.E0,0.E0,0.E0));
#4109=VECTOR('',#4108,3.85E0);
#4110=CARTESIAN_POINT('',(-7.1E0,-1.485650434139E0,9.407911277729E0));
#4111=LINE('',#4110,#4109);
#4112=CURVE_STYLE('',#333,POSITIVE_LENGTH_MEASURE(2.E-2),#170);
#4113=PRESENTATION_STYLE_ASSIGNMENT((#4112));
#4114=STYLED_ITEM('',(#4113),#4111);
#4115=DIRECTION('',(0.E0,0.E0,1.E0));
#4116=VECTOR('',#4115,5.E-1);
#4117=CARTESIAN_POINT('',(-6.6E0,-9.856504341390E-1,8.907911277729E0));
#4118=LINE('',#4117,#4116);
#4119=CURVE_STYLE('',#333,POSITIVE_LENGTH_MEASURE(2.E-2),#170);
#4120=PRESENTATION_STYLE_ASSIGNMENT((#4119));
#4121=STYLED_ITEM('',(#4120),#4118);
#4122=DIRECTION('',(0.E0,0.E0,-1.E0));
#4123=VECTOR('',#4122,5.E-1);
#4124=CARTESIAN_POINT('',(-7.1E0,-1.485650434139E0,9.407911277729E0));
#4125=LINE('',#4124,#4123);
#4126=CURVE_STYLE('',#333,POSITIVE_LENGTH_MEASURE(2.E-2),#170);
#4127=PRESENTATION_STYLE_ASSIGNMENT((#4126));
#4128=STYLED_ITEM('',(#4127),#4125);
#4129=DIRECTION('',(0.E0,-1.E0,0.E0));
#4130=VECTOR('',#4129,8.E-1);
#4131=CARTESIAN_POINT('',(-6.6E0,-1.856504341390E-1,9.407911277729E0));
#4132=LINE('',#4131,#4130);
#4133=CURVE_STYLE('',#333,POSITIVE_LENGTH_MEASURE(2.E-2),#170);
#4134=PRESENTATION_STYLE_ASSIGNMENT((#4133));
#4135=STYLED_ITEM('',(#4134),#4132);
#4136=DIRECTION('',(0.E0,0.E0,1.E0));
#4137=VECTOR('',#4136,5.E-1);
#4138=CARTESIAN_POINT('',(-6.1E0,3.143495658610E-1,8.907911277729E0));
#4139=LINE('',#4138,#4137);
#4140=CURVE_STYLE('',#333,POSITIVE_LENGTH_MEASURE(2.E-2),#170);
#4141=PRESENTATION_STYLE_ASSIGNMENT((#4140));
#4142=STYLED_ITEM('',(#4141),#4139);
#4143=DIRECTION('',(0.E0,0.E0,-1.E0));
#4144=VECTOR('',#4143,5.E-1);
#4145=CARTESIAN_POINT('',(-6.6E0,-1.856504341390E-1,9.407911277729E0));
#4146=LINE('',#4145,#4144);
#4147=CURVE_STYLE('',#333,POSITIVE_LENGTH_MEASURE(2.E-2),#170);
#4148=PRESENTATION_STYLE_ASSIGNMENT((#4147));
#4149=STYLED_ITEM('',(#4148),#4146);
#4150=DIRECTION('',(-1.E0,0.E0,0.E0));
#4151=VECTOR('',#4150,1.22E1);
#4152=CARTESIAN_POINT('',(6.1E0,3.143495658610E-1,9.407911277729E0));
#4153=LINE('',#4152,#4151);
#4154=CURVE_STYLE('',#333,POSITIVE_LENGTH_MEASURE(2.E-2),#170);
#4155=PRESENTATION_STYLE_ASSIGNMENT((#4154));
#4156=STYLED_ITEM('',(#4155),#4153);
#4157=DIRECTION('',(0.E0,0.E0,1.E0));
#4158=VECTOR('',#4157,5.E-1);
#4159=CARTESIAN_POINT('',(6.6E0,-1.856504341390E-1,8.907911277729E0));
#4160=LINE('',#4159,#4158);
#4161=CURVE_STYLE('',#333,POSITIVE_LENGTH_MEASURE(2.E-2),#170);
#4162=PRESENTATION_STYLE_ASSIGNMENT((#4161));
#4163=STYLED_ITEM('',(#4162),#4160);
#4164=DIRECTION('',(0.E0,0.E0,-1.E0));
#4165=VECTOR('',#4164,5.E-1);
#4166=CARTESIAN_POINT('',(6.1E0,3.143495658610E-1,9.407911277729E0));
#4167=LINE('',#4166,#4165);
#4168=CURVE_STYLE('',#333,POSITIVE_LENGTH_MEASURE(2.E-2),#170);
#4169=PRESENTATION_STYLE_ASSIGNMENT((#4168));
#4170=STYLED_ITEM('',(#4169),#4167);
#4171=DIRECTION('',(0.E0,-1.E0,0.E0));
#4172=VECTOR('',#4171,8.E-1);
#4173=CARTESIAN_POINT('',(6.6E0,-1.856504341390E-1,8.907911277729E0));
#4174=LINE('',#4173,#4172);
#4175=CURVE_STYLE('',#333,POSITIVE_LENGTH_MEASURE(2.E-2),#170);
#4176=PRESENTATION_STYLE_ASSIGNMENT((#4175));
#4177=STYLED_ITEM('',(#4176),#4174);
#4178=CARTESIAN_POINT('',(-7.1E0,-9.856504341390E-1,9.407911277729E0));
#4179=DIRECTION('',(0.E0,0.E0,1.E0));
#4180=DIRECTION('',(0.E0,-1.E0,0.E0));
#4181=AXIS2_PLACEMENT_3D('',#4178,#4179,#4180);
#4183=CURVE_STYLE('',#333,POSITIVE_LENGTH_MEASURE(2.E-2),#170);
#4184=PRESENTATION_STYLE_ASSIGNMENT((#4183));
#4185=STYLED_ITEM('',(#4184),#4182);
#4186=CARTESIAN_POINT('',(-6.1E0,-1.856504341390E-1,9.407911277729E0));
#4187=DIRECTION('',(0.E0,0.E0,-1.E0));
#4188=DIRECTION('',(-1.E0,0.E0,0.E0));
#4189=AXIS2_PLACEMENT_3D('',#4186,#4187,#4188);
#4191=CURVE_STYLE('',#333,POSITIVE_LENGTH_MEASURE(2.E-2),#170);
#4192=PRESENTATION_STYLE_ASSIGNMENT((#4191));
#4193=STYLED_ITEM('',(#4192),#4190);
#4194=CARTESIAN_POINT('',(6.1E0,-1.856504341390E-1,9.407911277729E0));
#4195=DIRECTION('',(0.E0,0.E0,-1.E0));
#4196=DIRECTION('',(0.E0,1.E0,0.E0));
#4197=AXIS2_PLACEMENT_3D('',#4194,#4195,#4196);
#4199=CURVE_STYLE('',#333,POSITIVE_LENGTH_MEASURE(2.E-2),#170);
#4200=PRESENTATION_STYLE_ASSIGNMENT((#4199));
#4201=STYLED_ITEM('',(#4200),#4198);
#4202=DIRECTION('',(0.E0,-1.E0,0.E0));
#4203=VECTOR('',#4202,8.E-1);
#4204=CARTESIAN_POINT('',(6.6E0,-1.856504341390E-1,9.407911277729E0));
#4205=LINE('',#4204,#4203);
#4206=CURVE_STYLE('',#333,POSITIVE_LENGTH_MEASURE(2.E-2),#170);
#4207=PRESENTATION_STYLE_ASSIGNMENT((#4206));
#4208=STYLED_ITEM('',(#4207),#4205);
#4209=CARTESIAN_POINT('',(7.1E0,-9.856504341390E-1,9.407911277729E0));
#4210=DIRECTION('',(0.E0,0.E0,1.E0));
#4211=DIRECTION('',(-1.E0,0.E0,0.E0));
#4212=AXIS2_PLACEMENT_3D('',#4209,#4210,#4211);
#4214=CURVE_STYLE('',#333,POSITIVE_LENGTH_MEASURE(2.E-2),#170);
#4215=PRESENTATION_STYLE_ASSIGNMENT((#4214));
#4216=STYLED_ITEM('',(#4215),#4213);
#4217=CARTESIAN_POINT('',(1.095E1,-1.985650434139E0,9.407911277729E0));
#4218=DIRECTION('',(0.E0,0.E0,-1.E0));
#4219=DIRECTION('',(0.E0,1.E0,0.E0));
#4220=AXIS2_PLACEMENT_3D('',#4217,#4218,#4219);
#4222=CURVE_STYLE('',#333,POSITIVE_LENGTH_MEASURE(2.E-2),#170);
#4223=PRESENTATION_STYLE_ASSIGNMENT((#4222));
#4224=STYLED_ITEM('',(#4223),#4221);
#4225=CARTESIAN_POINT('',(1.105E1,-5.835650434139E0,9.407911277729E0));
#4226=DIRECTION('',(0.E0,0.E0,-1.E0));
#4227=DIRECTION('',(1.E0,-5.107025913276E-14,0.E0));
#4228=AXIS2_PLACEMENT_3D('',#4225,#4226,#4227);
#4230=CURVE_STYLE('',#333,POSITIVE_LENGTH_MEASURE(2.E-2),#170);
#4231=PRESENTATION_STYLE_ASSIGNMENT((#4230));
#4232=STYLED_ITEM('',(#4231),#4229);
#4233=CARTESIAN_POINT('',(-1.105E1,-5.835650434139E0,9.407911277729E0));
#4234=DIRECTION('',(0.E0,0.E0,-1.E0));
#4235=DIRECTION('',(0.E0,-1.E0,0.E0));
#4236=AXIS2_PLACEMENT_3D('',#4233,#4234,#4235);
#4238=CURVE_STYLE('',#333,POSITIVE_LENGTH_MEASURE(2.E-2),#170);
#4239=PRESENTATION_STYLE_ASSIGNMENT((#4238));
#4240=STYLED_ITEM('',(#4239),#4237);
#4241=CARTESIAN_POINT('',(-1.095E1,-1.985650434139E0,9.407911277729E0));
#4242=DIRECTION('',(0.E0,0.E0,-1.E0));
#4243=DIRECTION('',(-1.E0,0.E0,0.E0));
#4244=AXIS2_PLACEMENT_3D('',#4241,#4242,#4243);
#4246=CURVE_STYLE('',#333,POSITIVE_LENGTH_MEASURE(2.E-2),#170);
#4247=PRESENTATION_STYLE_ASSIGNMENT((#4246));
#4248=STYLED_ITEM('',(#4247),#4245);
#4249=CARTESIAN_POINT('',(-8.78E0,-3.6E0,9.407911277729E0));
#4250=DIRECTION('',(0.E0,0.E0,1.E0));
#4251=DIRECTION('',(2.473667364580E-1,9.689219254894E-1,0.E0));
#4252=AXIS2_PLACEMENT_3D('',#4249,#4250,#4251);
#4254=CURVE_STYLE('',#333,POSITIVE_LENGTH_MEASURE(2.E-2),#170);
#4255=PRESENTATION_STYLE_ASSIGNMENT((#4254));
#4256=STYLED_ITEM('',(#4255),#4253);
#4257=CARTESIAN_POINT('',(-8.78E0,-3.6E0,9.407911277729E0));
#4258=DIRECTION('',(0.E0,0.E0,1.E0));
#4259=DIRECTION('',(-2.473667364580E-1,-9.689219254894E-1,0.E0));
#4260=AXIS2_PLACEMENT_3D('',#4257,#4258,#4259);
#4262=CURVE_STYLE('',#333,POSITIVE_LENGTH_MEASURE(2.E-2),#170);
#4263=PRESENTATION_STYLE_ASSIGNMENT((#4262));
#4264=STYLED_ITEM('',(#4263),#4261);
#4265=CARTESIAN_POINT('',(8.78E0,-3.6E0,9.407911277729E0));
#4266=DIRECTION('',(0.E0,0.E0,1.E0));
#4267=DIRECTION('',(2.473667364580E-1,9.689219254894E-1,0.E0));
#4268=AXIS2_PLACEMENT_3D('',#4265,#4266,#4267);
#4270=CURVE_STYLE('',#333,POSITIVE_LENGTH_MEASURE(2.E-2),#170);
#4271=PRESENTATION_STYLE_ASSIGNMENT((#4270));
#4272=STYLED_ITEM('',(#4271),#4269);
#4273=CARTESIAN_POINT('',(8.78E0,-3.6E0,9.407911277729E0));
#4274=DIRECTION('',(0.E0,0.E0,1.E0));
#4275=DIRECTION('',(-2.473667364580E-1,-9.689219254894E-1,0.E0));
#4276=AXIS2_PLACEMENT_3D('',#4273,#4274,#4275);
#4278=CURVE_STYLE('',#333,POSITIVE_LENGTH_MEASURE(2.E-2),#170);
#4279=PRESENTATION_STYLE_ASSIGNMENT((#4278));
#4280=STYLED_ITEM('',(#4279),#4277);
#4281=DIRECTION('',(1.749146967895E-1,6.851312639539E-1,7.071067811866E-1));
#4282=VECTOR('',#4281,2.399251834473E-1);
#4283=CARTESIAN_POINT('',(-8.450916336028E0,-2.310997355955E0,
9.407911277729E0));
#4284=LINE('',#4283,#4282);
#4285=CURVE_STYLE('',#333,POSITIVE_LENGTH_MEASURE(2.E-2),#170);
#4286=PRESENTATION_STYLE_ASSIGNMENT((#4285));
#4287=STYLED_ITEM('',(#4286),#4284);
#4288=CARTESIAN_POINT('',(-8.78E0,-3.6E0,9.577564001922E0));
#4289=DIRECTION('',(0.E0,0.E0,1.E0));
#4290=DIRECTION('',(2.473667364580E-1,9.689219254894E-1,0.E0));
#4291=AXIS2_PLACEMENT_3D('',#4288,#4289,#4290);
#4293=CURVE_STYLE('',#333,POSITIVE_LENGTH_MEASURE(2.E-2),#170);
#4294=PRESENTATION_STYLE_ASSIGNMENT((#4293));
#4295=STYLED_ITEM('',(#4294),#4292);
#4296=DIRECTION('',(-1.749146967894E-1,-6.851312639539E-1,7.071067811865E-1));
#4297=VECTOR('',#4296,2.399251834473E-1);
#4298=CARTESIAN_POINT('',(-9.109083663972E0,-4.889002644045E0,
9.407911277729E0));
#4299=LINE('',#4298,#4297);
#4300=CURVE_STYLE('',#333,POSITIVE_LENGTH_MEASURE(2.E-2),#170);
#4301=PRESENTATION_STYLE_ASSIGNMENT((#4300));
#4302=STYLED_ITEM('',(#4301),#4299);
#4303=CARTESIAN_POINT('',(-8.78E0,-3.6E0,9.577564001922E0));
#4304=DIRECTION('',(0.E0,0.E0,1.E0));
#4305=DIRECTION('',(-2.473667364580E-1,-9.689219254894E-1,0.E0));
#4306=AXIS2_PLACEMENT_3D('',#4303,#4304,#4305);
#4308=CURVE_STYLE('',#333,POSITIVE_LENGTH_MEASURE(2.E-2),#170);
#4309=PRESENTATION_STYLE_ASSIGNMENT((#4308));
#4310=STYLED_ITEM('',(#4309),#4307);
#4311=DIRECTION('',(-1.776356839400E-14,0.E0,-1.E0));
#4312=VECTOR('',#4311,4.E-1);
#4313=CARTESIAN_POINT('',(-8.408949895313E0,-2.146617111766E0,
9.977564001922E0));
#4314=LINE('',#4313,#4312);
#4315=CURVE_STYLE('',#333,POSITIVE_LENGTH_MEASURE(2.E-2),#170);
#4316=PRESENTATION_STYLE_ASSIGNMENT((#4315));
#4317=STYLED_ITEM('',(#4316),#4314);
#4318=DIRECTION('',(-2.664535259100E-14,0.E0,-1.E0));
#4319=VECTOR('',#4318,4.E-1);
#4320=CARTESIAN_POINT('',(-9.151050104687E0,-5.053382888234E0,
9.977564001922E0));
#4321=LINE('',#4320,#4319);
#4322=CURVE_STYLE('',#333,POSITIVE_LENGTH_MEASURE(2.E-2),#170);
#4323=PRESENTATION_STYLE_ASSIGNMENT((#4322));
#4324=STYLED_ITEM('',(#4323),#4321);
#4325=CARTESIAN_POINT('',(-8.78E0,-3.6E0,9.977564001922E0));
#4326=DIRECTION('',(0.E0,0.E0,-1.E0));
#4327=DIRECTION('',(-2.473667364580E-1,-9.689219254894E-1,0.E0));
#4328=AXIS2_PLACEMENT_3D('',#4325,#4326,#4327);
#4330=CURVE_STYLE('',#333,POSITIVE_LENGTH_MEASURE(2.E-2),#170);
#4331=PRESENTATION_STYLE_ASSIGNMENT((#4330));
#4332=STYLED_ITEM('',(#4331),#4329);
#4333=CARTESIAN_POINT('',(-8.78E0,-3.6E0,9.977564001922E0));
#4334=DIRECTION('',(0.E0,0.E0,-1.E0));
#4335=DIRECTION('',(2.473667364580E-1,9.689219254894E-1,0.E0));
#4336=AXIS2_PLACEMENT_3D('',#4333,#4334,#4335);
#4338=CURVE_STYLE('',#333,POSITIVE_LENGTH_MEASURE(2.E-2),#170);
#4339=PRESENTATION_STYLE_ASSIGNMENT((#4338));
#4340=STYLED_ITEM('',(#4339),#4337);
#4341=DIRECTION('',(6.986868405686E-1,7.154276335285E-1,0.E0));
#4342=VECTOR('',#4341,6.928203230277E-1);
#4343=CARTESIAN_POINT('',(-8.592775641172E0,-4.267043506423E0,
9.977564001922E0));
#4344=LINE('',#4343,#4342);
#4345=CURVE_STYLE('',#333,POSITIVE_LENGTH_MEASURE(2.E-2),#170);
#4346=PRESENTATION_STYLE_ASSIGNMENT((#4345));
#4347=STYLED_ITEM('',(#4346),#4344);
#4348=DIRECTION('',(-2.702350849207E-1,9.627943699866E-1,0.E0));
#4349=VECTOR('',#4348,6.928203230272E-1);
#4350=CARTESIAN_POINT('',(-8.108711198594E0,-3.771380702259E0,
9.977564001922E0));
#4351=LINE('',#4350,#4349);
#4352=CURVE_STYLE('',#333,POSITIVE_LENGTH_MEASURE(2.E-2),#170);
#4353=PRESENTATION_STYLE_ASSIGNMENT((#4352));
#4354=STYLED_ITEM('',(#4353),#4351);
#4355=DIRECTION('',(-9.689219254894E-1,2.473667364580E-1,0.E0));
#4356=VECTOR('',#4355,6.928203230274E-1);
#4357=CARTESIAN_POINT('',(-8.295935557422E0,-3.104337195836E0,
9.977564001922E0));
#4358=LINE('',#4357,#4356);
#4359=CURVE_STYLE('',#333,POSITIVE_LENGTH_MEASURE(2.E-2),#170);
#4360=PRESENTATION_STYLE_ASSIGNMENT((#4359));
#4361=STYLED_ITEM('',(#4360),#4358);
#4362=DIRECTION('',(-6.986868405686E-1,-7.154276335285E-1,0.E0));
#4363=VECTOR('',#4362,6.928203230277E-1);
#4364=CARTESIAN_POINT('',(-8.967224358828E0,-2.932956493577E0,
9.977564001922E0));
#4365=LINE('',#4364,#4363);
#4366=CURVE_STYLE('',#333,POSITIVE_LENGTH_MEASURE(2.E-2),#170);
#4367=PRESENTATION_STYLE_ASSIGNMENT((#4366));
#4368=STYLED_ITEM('',(#4367),#4365);
#4369=DIRECTION('',(2.702350849207E-1,-9.627943699866E-1,0.E0));
#4370=VECTOR('',#4369,6.928203230272E-1);
#4371=CARTESIAN_POINT('',(-9.451288801406E0,-3.428619297741E0,
9.977564001922E0));
#4372=LINE('',#4371,#4370);
#4373=CURVE_STYLE('',#333,POSITIVE_LENGTH_MEASURE(2.E-2),#170);
#4374=PRESENTATION_STYLE_ASSIGNMENT((#4373));
#4375=STYLED_ITEM('',(#4374),#4372);
#4376=DIRECTION('',(9.689219254894E-1,-2.473667364580E-1,0.E0));
#4377=VECTOR('',#4376,6.928203230274E-1);
#4378=CARTESIAN_POINT('',(-9.264064442578E0,-4.095662804164E0,
9.977564001922E0));
#4379=LINE('',#4378,#4377);
#4380=CURVE_STYLE('',#333,POSITIVE_LENGTH_MEASURE(2.E-2),#170);
#4381=PRESENTATION_STYLE_ASSIGNMENT((#4380));
#4382=STYLED_ITEM('',(#4381),#4379);
#4383=DIRECTION('',(-3.508304757816E-13,-3.108624468951E-14,1.E0));
#4384=VECTOR('',#4383,4.E-1);
#4385=CARTESIAN_POINT('',(-8.108711198594E0,-3.771380702259E0,
9.577564001922E0));
#4386=LINE('',#4385,#4384);
#4387=CURVE_STYLE('',#333,POSITIVE_LENGTH_MEASURE(2.E-2),#170);
#4388=PRESENTATION_STYLE_ASSIGNMENT((#4387));
#4389=STYLED_ITEM('',(#4388),#4386);
#4390=DIRECTION('',(9.689219254894E-1,-2.473667364581E-1,0.E0));
#4391=VECTOR('',#4390,6.928203230277E-1);
#4392=CARTESIAN_POINT('',(-9.264064442578E0,-4.095662804164E0,
9.577564001922E0));
#4393=LINE('',#4392,#4391);
#4394=CURVE_STYLE('',#333,POSITIVE_LENGTH_MEASURE(2.E-2),#170);
#4395=PRESENTATION_STYLE_ASSIGNMENT((#4394));
#4396=STYLED_ITEM('',(#4395),#4393);
#4397=DIRECTION('',(-4.085620730621E-13,3.907985046681E-13,1.E0));
#4398=VECTOR('',#4397,4.E-1);
#4399=CARTESIAN_POINT('',(-8.592775641172E0,-4.267043506423E0,
9.577564001922E0));
#4400=LINE('',#4399,#4398);
#4401=CURVE_STYLE('',#333,POSITIVE_LENGTH_MEASURE(2.E-2),#170);
#4402=PRESENTATION_STYLE_ASSIGNMENT((#4401));
#4403=STYLED_ITEM('',(#4402),#4400);
#4404=DIRECTION('',(2.353672812205E-13,0.E0,1.E0));
#4405=VECTOR('',#4404,4.E-1);
#4406=CARTESIAN_POINT('',(-9.264064442578E0,-4.095662804164E0,
9.577564001922E0));
#4407=LINE('',#4406,#4405);
#4408=CURVE_STYLE('',#333,POSITIVE_LENGTH_MEASURE(2.E-2),#170);
#4409=PRESENTATION_STYLE_ASSIGNMENT((#4408));
#4410=STYLED_ITEM('',(#4409),#4407);
#4411=DIRECTION('',(3.019806626981E-13,-1.632027846199E-13,1.E0));
#4412=VECTOR('',#4411,4.E-1);
#4413=CARTESIAN_POINT('',(-9.451288801406E0,-3.428619297741E0,
9.577564001922E0));
#4414=LINE('',#4413,#4412);
#4415=CURVE_STYLE('',#333,POSITIVE_LENGTH_MEASURE(2.E-2),#170);
#4416=PRESENTATION_STYLE_ASSIGNMENT((#4415));
#4417=STYLED_ITEM('',(#4416),#4414);
#4418=DIRECTION('',(-9.689219254894E-1,2.473667364581E-1,0.E0));
#4419=VECTOR('',#4418,6.928203230277E-1);
#4420=CARTESIAN_POINT('',(-8.295935557422E0,-3.104337195836E0,
9.577564001922E0));
#4421=LINE('',#4420,#4419);
#4422=CURVE_STYLE('',#333,POSITIVE_LENGTH_MEASURE(2.E-2),#170);
#4423=PRESENTATION_STYLE_ASSIGNMENT((#4422));
#4424=STYLED_ITEM('',(#4423),#4421);
#4425=DIRECTION('',(4.130029651606E-13,-3.885780586188E-13,1.E0));
#4426=VECTOR('',#4425,4.E-1);
#4427=CARTESIAN_POINT('',(-8.967224358828E0,-2.932956493577E0,
9.577564001922E0));
#4428=LINE('',#4427,#4426);
#4429=CURVE_STYLE('',#333,POSITIVE_LENGTH_MEASURE(2.E-2),#170);
#4430=PRESENTATION_STYLE_ASSIGNMENT((#4429));
#4431=STYLED_ITEM('',(#4430),#4428);
#4432=DIRECTION('',(-2.264854970235E-13,0.E0,1.E0));
#4433=VECTOR('',#4432,4.E-1);
#4434=CARTESIAN_POINT('',(-8.295935557422E0,-3.104337195836E0,
9.577564001922E0));
#4435=LINE('',#4434,#4433);
#4436=CURVE_STYLE('',#333,POSITIVE_LENGTH_MEASURE(2.E-2),#170);
#4437=PRESENTATION_STYLE_ASSIGNMENT((#4436));
#4438=STYLED_ITEM('',(#4437),#4435);
#4439=CARTESIAN_POINT('',(-8.78E0,-3.6E0,9.577564001922E0));
#4440=DIRECTION('',(0.E0,0.E0,1.E0));
#4441=DIRECTION('',(9.689219254895E-1,-2.473667364577E-1,0.E0));
#4442=AXIS2_PLACEMENT_3D('',#4439,#4440,#4441);
#4444=CURVE_STYLE('',#333,POSITIVE_LENGTH_MEASURE(2.E-2),#170);
#4445=PRESENTATION_STYLE_ASSIGNMENT((#4444));
#4446=STYLED_ITEM('',(#4445),#4443);
#4447=DIRECTION('',(2.702350849208E-1,-9.627943699866E-1,2.307555223662E-14));
#4448=VECTOR('',#4447,6.928203230272E-1);
#4449=CARTESIAN_POINT('',(-8.295935557422E0,-3.104337195836E0,
9.577564001922E0));
#4450=LINE('',#4449,#4448);
#4451=CURVE_STYLE('',#333,POSITIVE_LENGTH_MEASURE(2.E-2),#170);
#4452=PRESENTATION_STYLE_ASSIGNMENT((#4451));
#4453=STYLED_ITEM('',(#4452),#4450);
#4454=DIRECTION('',(-9.309100746594E-1,2.376622729307E-1,2.773500981126E-1));
#4455=VECTOR('',#4454,7.211102550928E-1);
#4456=CARTESIAN_POINT('',(-8.78E0,-3.6E0,9.377564001922E0));
#4457=LINE('',#4456,#4455);
#4458=CURVE_STYLE('',#333,POSITIVE_LENGTH_MEASURE(2.E-2),#170);
#4459=PRESENTATION_STYLE_ASSIGNMENT((#4458));
#4460=STYLED_ITEM('',(#4459),#4457);
#4461=DIRECTION('',(9.309100746594E-1,-2.376622729306E-1,2.773500981126E-1));
#4462=VECTOR('',#4461,7.211102550928E-1);
#4463=CARTESIAN_POINT('',(-8.78E0,-3.6E0,9.377564001922E0));
#4464=LINE('',#4463,#4462);
#4465=CURVE_STYLE('',#333,POSITIVE_LENGTH_MEASURE(2.E-2),#170);
#4466=PRESENTATION_STYLE_ASSIGNMENT((#4465));
#4467=STYLED_ITEM('',(#4466),#4464);
#4468=CARTESIAN_POINT('',(-8.78E0,-3.6E0,9.577564001922E0));
#4469=DIRECTION('',(0.E0,0.E0,1.E0));
#4470=DIRECTION('',(2.702350849203E-1,-9.627943699867E-1,0.E0));
#4471=AXIS2_PLACEMENT_3D('',#4468,#4469,#4470);
#4473=CURVE_STYLE('',#333,POSITIVE_LENGTH_MEASURE(2.E-2),#170);
#4474=PRESENTATION_STYLE_ASSIGNMENT((#4473));
#4475=STYLED_ITEM('',(#4474),#4472);
#4476=DIRECTION('',(-6.986868405685E-1,-7.154276335286E-1,-2.307555223660E-14));
#4477=VECTOR('',#4476,6.928203230278E-1);
#4478=CARTESIAN_POINT('',(-8.108711198594E0,-3.771380702259E0,
9.577564001922E0));
#4479=LINE('',#4478,#4477);
#4480=CURVE_STYLE('',#333,POSITIVE_LENGTH_MEASURE(2.E-2),#170);
#4481=PRESENTATION_STYLE_ASSIGNMENT((#4480));
#4482=STYLED_ITEM('',(#4481),#4479);
#4483=CARTESIAN_POINT('',(-8.78E0,-3.6E0,9.577564001922E0));
#4484=DIRECTION('',(0.E0,0.E0,1.E0));
#4485=DIRECTION('',(-6.986868405691E-1,-7.154276335281E-1,0.E0));
#4486=AXIS2_PLACEMENT_3D('',#4483,#4484,#4485);
#4488=CURVE_STYLE('',#333,POSITIVE_LENGTH_MEASURE(2.E-2),#170);
#4489=PRESENTATION_STYLE_ASSIGNMENT((#4488));
#4490=STYLED_ITEM('',(#4489),#4487);
#4491=CARTESIAN_POINT('',(-8.78E0,-3.6E0,9.577564001922E0));
#4492=DIRECTION('',(0.E0,0.E0,1.E0));
#4493=DIRECTION('',(-9.689219254895E-1,2.473667364577E-1,0.E0));
#4494=AXIS2_PLACEMENT_3D('',#4491,#4492,#4493);
#4496=CURVE_STYLE('',#333,POSITIVE_LENGTH_MEASURE(2.E-2),#170);
#4497=PRESENTATION_STYLE_ASSIGNMENT((#4496));
#4498=STYLED_ITEM('',(#4497),#4495);
#4499=DIRECTION('',(-2.702350849207E-1,9.627943699866E-1,2.307555223661E-14));
#4500=VECTOR('',#4499,6.928203230272E-1);
#4501=CARTESIAN_POINT('',(-9.264064442578E0,-4.095662804164E0,
9.577564001922E0));
#4502=LINE('',#4501,#4500);
#4503=CURVE_STYLE('',#333,POSITIVE_LENGTH_MEASURE(2.E-2),#170);
#4504=PRESENTATION_STYLE_ASSIGNMENT((#4503));
#4505=STYLED_ITEM('',(#4504),#4502);
#4506=CARTESIAN_POINT('',(-8.78E0,-3.6E0,9.577564001922E0));
#4507=DIRECTION('',(0.E0,0.E0,1.E0));
#4508=DIRECTION('',(-2.702350849203E-1,9.627943699867E-1,0.E0));
#4509=AXIS2_PLACEMENT_3D('',#4506,#4507,#4508);
#4511=CURVE_STYLE('',#333,POSITIVE_LENGTH_MEASURE(2.E-2),#170);
#4512=PRESENTATION_STYLE_ASSIGNMENT((#4511));
#4513=STYLED_ITEM('',(#4512),#4510);
#4514=DIRECTION('',(6.986868405685E-1,7.154276335286E-1,-2.307555223660E-14));
#4515=VECTOR('',#4514,6.928203230277E-1);
#4516=CARTESIAN_POINT('',(-9.451288801406E0,-3.428619297741E0,
9.577564001922E0));
#4517=LINE('',#4516,#4515);
#4518=CURVE_STYLE('',#333,POSITIVE_LENGTH_MEASURE(2.E-2),#170);
#4519=PRESENTATION_STYLE_ASSIGNMENT((#4518));
#4520=STYLED_ITEM('',(#4519),#4517);
#4521=CARTESIAN_POINT('',(-8.78E0,-3.6E0,9.577564001922E0));
#4522=DIRECTION('',(0.E0,0.E0,1.E0));
#4523=DIRECTION('',(6.986868405691E-1,7.154276335281E-1,0.E0));
#4524=AXIS2_PLACEMENT_3D('',#4521,#4522,#4523);
#4526=CURVE_STYLE('',#333,POSITIVE_LENGTH_MEASURE(2.E-2),#170);
#4527=PRESENTATION_STYLE_ASSIGNMENT((#4526));
#4528=STYLED_ITEM('',(#4527),#4525);
#4529=DIRECTION('',(1.749146967895E-1,6.851312639539E-1,7.071067811866E-1));
#4530=VECTOR('',#4529,2.399251834473E-1);
#4531=CARTESIAN_POINT('',(9.109083663972E0,-2.310997355955E0,9.407911277729E0));
#4532=LINE('',#4531,#4530);
#4533=CURVE_STYLE('',#333,POSITIVE_LENGTH_MEASURE(2.E-2),#170);
#4534=PRESENTATION_STYLE_ASSIGNMENT((#4533));
#4535=STYLED_ITEM('',(#4534),#4532);
#4536=CARTESIAN_POINT('',(8.78E0,-3.6E0,9.577564001922E0));
#4537=DIRECTION('',(0.E0,0.E0,1.E0));
#4538=DIRECTION('',(2.473667364580E-1,9.689219254894E-1,0.E0));
#4539=AXIS2_PLACEMENT_3D('',#4536,#4537,#4538);
#4541=CURVE_STYLE('',#333,POSITIVE_LENGTH_MEASURE(2.E-2),#170);
#4542=PRESENTATION_STYLE_ASSIGNMENT((#4541));
#4543=STYLED_ITEM('',(#4542),#4540);
#4544=DIRECTION('',(-1.749146967894E-1,-6.851312639539E-1,7.071067811865E-1));
#4545=VECTOR('',#4544,2.399251834473E-1);
#4546=CARTESIAN_POINT('',(8.450916336028E0,-4.889002644045E0,9.407911277729E0));
#4547=LINE('',#4546,#4545);
#4548=CURVE_STYLE('',#333,POSITIVE_LENGTH_MEASURE(2.E-2),#170);
#4549=PRESENTATION_STYLE_ASSIGNMENT((#4548));
#4550=STYLED_ITEM('',(#4549),#4547);
#4551=CARTESIAN_POINT('',(8.78E0,-3.6E0,9.577564001922E0));
#4552=DIRECTION('',(0.E0,0.E0,1.E0));
#4553=DIRECTION('',(-2.473667364580E-1,-9.689219254894E-1,0.E0));
#4554=AXIS2_PLACEMENT_3D('',#4551,#4552,#4553);
#4556=CURVE_STYLE('',#333,POSITIVE_LENGTH_MEASURE(2.E-2),#170);
#4557=PRESENTATION_STYLE_ASSIGNMENT((#4556));
#4558=STYLED_ITEM('',(#4557),#4555);
#4559=DIRECTION('',(-2.220446049250E-14,0.E0,-1.E0));
#4560=VECTOR('',#4559,4.E-1);
#4561=CARTESIAN_POINT('',(9.151050104687E0,-2.146617111766E0,9.977564001922E0));
#4562=LINE('',#4561,#4560);
#4563=CURVE_STYLE('',#333,POSITIVE_LENGTH_MEASURE(2.E-2),#170);
#4564=PRESENTATION_STYLE_ASSIGNMENT((#4563));
#4565=STYLED_ITEM('',(#4564),#4562);
#4566=DIRECTION('',(-2.220446049250E-14,0.E0,-1.E0));
#4567=VECTOR('',#4566,4.E-1);
#4568=CARTESIAN_POINT('',(8.408949895313E0,-5.053382888234E0,9.977564001922E0));
#4569=LINE('',#4568,#4567);
#4570=CURVE_STYLE('',#333,POSITIVE_LENGTH_MEASURE(2.E-2),#170);
#4571=PRESENTATION_STYLE_ASSIGNMENT((#4570));
#4572=STYLED_ITEM('',(#4571),#4569);
#4573=CARTESIAN_POINT('',(8.78E0,-3.6E0,9.977564001922E0));
#4574=DIRECTION('',(0.E0,0.E0,-1.E0));
#4575=DIRECTION('',(-2.473667364580E-1,-9.689219254894E-1,0.E0));
#4576=AXIS2_PLACEMENT_3D('',#4573,#4574,#4575);
#4578=CURVE_STYLE('',#333,POSITIVE_LENGTH_MEASURE(2.E-2),#170);
#4579=PRESENTATION_STYLE_ASSIGNMENT((#4578));
#4580=STYLED_ITEM('',(#4579),#4577);
#4581=CARTESIAN_POINT('',(8.78E0,-3.6E0,9.977564001922E0));
#4582=DIRECTION('',(0.E0,0.E0,-1.E0));
#4583=DIRECTION('',(2.473667364580E-1,9.689219254894E-1,0.E0));
#4584=AXIS2_PLACEMENT_3D('',#4581,#4582,#4583);
#4586=CURVE_STYLE('',#333,POSITIVE_LENGTH_MEASURE(2.E-2),#170);
#4587=PRESENTATION_STYLE_ASSIGNMENT((#4586));
#4588=STYLED_ITEM('',(#4587),#4585);
#4589=DIRECTION('',(6.986868405686E-1,7.154276335285E-1,0.E0));
#4590=VECTOR('',#4589,6.928203230277E-1);
#4591=CARTESIAN_POINT('',(8.967224358828E0,-4.267043506423E0,9.977564001922E0));
#4592=LINE('',#4591,#4590);
#4593=CURVE_STYLE('',#333,POSITIVE_LENGTH_MEASURE(2.E-2),#170);
#4594=PRESENTATION_STYLE_ASSIGNMENT((#4593));
#4595=STYLED_ITEM('',(#4594),#4592);
#4596=DIRECTION('',(-2.702350849207E-1,9.627943699866E-1,0.E0));
#4597=VECTOR('',#4596,6.928203230272E-1);
#4598=CARTESIAN_POINT('',(9.451288801406E0,-3.771380702259E0,9.977564001922E0));
#4599=LINE('',#4598,#4597);
#4600=CURVE_STYLE('',#333,POSITIVE_LENGTH_MEASURE(2.E-2),#170);
#4601=PRESENTATION_STYLE_ASSIGNMENT((#4600));
#4602=STYLED_ITEM('',(#4601),#4599);
#4603=DIRECTION('',(-9.689219254894E-1,2.473667364580E-1,0.E0));
#4604=VECTOR('',#4603,6.928203230274E-1);
#4605=CARTESIAN_POINT('',(9.264064442578E0,-3.104337195836E0,9.977564001922E0));
#4606=LINE('',#4605,#4604);
#4607=CURVE_STYLE('',#333,POSITIVE_LENGTH_MEASURE(2.E-2),#170);
#4608=PRESENTATION_STYLE_ASSIGNMENT((#4607));
#4609=STYLED_ITEM('',(#4608),#4606);
#4610=DIRECTION('',(-6.986868405686E-1,-7.154276335285E-1,0.E0));
#4611=VECTOR('',#4610,6.928203230277E-1);
#4612=CARTESIAN_POINT('',(8.592775641172E0,-2.932956493577E0,9.977564001922E0));
#4613=LINE('',#4612,#4611);
#4614=CURVE_STYLE('',#333,POSITIVE_LENGTH_MEASURE(2.E-2),#170);
#4615=PRESENTATION_STYLE_ASSIGNMENT((#4614));
#4616=STYLED_ITEM('',(#4615),#4613);
#4617=DIRECTION('',(2.702350849207E-1,-9.627943699866E-1,0.E0));
#4618=VECTOR('',#4617,6.928203230272E-1);
#4619=CARTESIAN_POINT('',(8.108711198594E0,-3.428619297741E0,9.977564001922E0));
#4620=LINE('',#4619,#4618);
#4621=CURVE_STYLE('',#333,POSITIVE_LENGTH_MEASURE(2.E-2),#170);
#4622=PRESENTATION_STYLE_ASSIGNMENT((#4621));
#4623=STYLED_ITEM('',(#4622),#4620);
#4624=DIRECTION('',(9.689219254894E-1,-2.473667364580E-1,0.E0));
#4625=VECTOR('',#4624,6.928203230274E-1);
#4626=CARTESIAN_POINT('',(8.295935557422E0,-4.095662804164E0,9.977564001922E0));
#4627=LINE('',#4626,#4625);
#4628=CURVE_STYLE('',#333,POSITIVE_LENGTH_MEASURE(2.E-2),#170);
#4629=PRESENTATION_STYLE_ASSIGNMENT((#4628));
#4630=STYLED_ITEM('',(#4629),#4627);
#4631=DIRECTION('',(-3.508304757816E-13,-3.552713678801E-14,1.E0));
#4632=VECTOR('',#4631,4.E-1);
#4633=CARTESIAN_POINT('',(9.451288801406E0,-3.771380702259E0,9.577564001922E0));
#4634=LINE('',#4633,#4632);
#4635=CURVE_STYLE('',#333,POSITIVE_LENGTH_MEASURE(2.E-2),#170);
#4636=PRESENTATION_STYLE_ASSIGNMENT((#4635));
#4637=STYLED_ITEM('',(#4636),#4634);
#4638=DIRECTION('',(9.689219254894E-1,-2.473667364581E-1,0.E0));
#4639=VECTOR('',#4638,6.928203230277E-1);
#4640=CARTESIAN_POINT('',(8.295935557422E0,-4.095662804164E0,9.577564001922E0));
#4641=LINE('',#4640,#4639);
#4642=CURVE_STYLE('',#333,POSITIVE_LENGTH_MEASURE(2.E-2),#170);
#4643=PRESENTATION_STYLE_ASSIGNMENT((#4642));
#4644=STYLED_ITEM('',(#4643),#4641);
#4645=DIRECTION('',(-4.130029651606E-13,3.907985046681E-13,1.E0));
#4646=VECTOR('',#4645,4.E-1);
#4647=CARTESIAN_POINT('',(8.967224358828E0,-4.267043506423E0,9.577564001922E0));
#4648=LINE('',#4647,#4646);
#4649=CURVE_STYLE('',#333,POSITIVE_LENGTH_MEASURE(2.E-2),#170);
#4650=PRESENTATION_STYLE_ASSIGNMENT((#4649));
#4651=STYLED_ITEM('',(#4650),#4648);
#4652=DIRECTION('',(2.264854970235E-13,0.E0,1.E0));
#4653=VECTOR('',#4652,4.E-1);
#4654=CARTESIAN_POINT('',(8.295935557422E0,-4.095662804164E0,9.577564001922E0));
#4655=LINE('',#4654,#4653);
#4656=CURVE_STYLE('',#333,POSITIVE_LENGTH_MEASURE(2.E-2),#170);
#4657=PRESENTATION_STYLE_ASSIGNMENT((#4656));
#4658=STYLED_ITEM('',(#4657),#4655);
#4659=DIRECTION('',(3.064215547966E-13,-1.643130076445E-13,1.E0));
#4660=VECTOR('',#4659,4.E-1);
#4661=CARTESIAN_POINT('',(8.108711198594E0,-3.428619297741E0,9.577564001922E0));
#4662=LINE('',#4661,#4660);
#4663=CURVE_STYLE('',#333,POSITIVE_LENGTH_MEASURE(2.E-2),#170);
#4664=PRESENTATION_STYLE_ASSIGNMENT((#4663));
#4665=STYLED_ITEM('',(#4664),#4662);
#4666=DIRECTION('',(-9.689219254894E-1,2.473667364581E-1,0.E0));
#4667=VECTOR('',#4666,6.928203230277E-1);
#4668=CARTESIAN_POINT('',(9.264064442578E0,-3.104337195836E0,9.577564001922E0));
#4669=LINE('',#4668,#4667);
#4670=CURVE_STYLE('',#333,POSITIVE_LENGTH_MEASURE(2.E-2),#170);
#4671=PRESENTATION_STYLE_ASSIGNMENT((#4670));
#4672=STYLED_ITEM('',(#4671),#4669);
#4673=DIRECTION('',(4.041211809636E-13,-3.885780586188E-13,1.E0));
#4674=VECTOR('',#4673,4.E-1);
#4675=CARTESIAN_POINT('',(8.592775641172E0,-2.932956493577E0,9.577564001922E0));
#4676=LINE('',#4675,#4674);
#4677=CURVE_STYLE('',#333,POSITIVE_LENGTH_MEASURE(2.E-2),#170);
#4678=PRESENTATION_STYLE_ASSIGNMENT((#4677));
#4679=STYLED_ITEM('',(#4678),#4676);
#4680=DIRECTION('',(-2.353672812205E-13,0.E0,1.E0));
#4681=VECTOR('',#4680,4.E-1);
#4682=CARTESIAN_POINT('',(9.264064442578E0,-3.104337195836E0,9.577564001922E0));
#4683=LINE('',#4682,#4681);
#4684=CURVE_STYLE('',#333,POSITIVE_LENGTH_MEASURE(2.E-2),#170);
#4685=PRESENTATION_STYLE_ASSIGNMENT((#4684));
#4686=STYLED_ITEM('',(#4685),#4683);
#4687=CARTESIAN_POINT('',(8.78E0,-3.6E0,9.577564001922E0));
#4688=DIRECTION('',(0.E0,0.E0,1.E0));
#4689=DIRECTION('',(9.689219254895E-1,-2.473667364577E-1,0.E0));
#4690=AXIS2_PLACEMENT_3D('',#4687,#4688,#4689);
#4692=CURVE_STYLE('',#333,POSITIVE_LENGTH_MEASURE(2.E-2),#170);
#4693=PRESENTATION_STYLE_ASSIGNMENT((#4692));
#4694=STYLED_ITEM('',(#4693),#4691);
#4695=DIRECTION('',(2.702350849208E-1,-9.627943699866E-1,2.307555223662E-14));
#4696=VECTOR('',#4695,6.928203230272E-1);
#4697=CARTESIAN_POINT('',(9.264064442578E0,-3.104337195836E0,9.577564001922E0));
#4698=LINE('',#4697,#4696);
#4699=CURVE_STYLE('',#333,POSITIVE_LENGTH_MEASURE(2.E-2),#170);
#4700=PRESENTATION_STYLE_ASSIGNMENT((#4699));
#4701=STYLED_ITEM('',(#4700),#4698);
#4702=DIRECTION('',(-9.309100746594E-1,2.376622729307E-1,2.773500981126E-1));
#4703=VECTOR('',#4702,7.211102550928E-1);
#4704=CARTESIAN_POINT('',(8.78E0,-3.6E0,9.377564001922E0));
#4705=LINE('',#4704,#4703);
#4706=CURVE_STYLE('',#333,POSITIVE_LENGTH_MEASURE(2.E-2),#170);
#4707=PRESENTATION_STYLE_ASSIGNMENT((#4706));
#4708=STYLED_ITEM('',(#4707),#4705);
#4709=DIRECTION('',(9.309100746594E-1,-2.376622729306E-1,2.773500981126E-1));
#4710=VECTOR('',#4709,7.211102550928E-1);
#4711=CARTESIAN_POINT('',(8.78E0,-3.6E0,9.377564001922E0));
#4712=LINE('',#4711,#4710);
#4713=CURVE_STYLE('',#333,POSITIVE_LENGTH_MEASURE(2.E-2),#170);
#4714=PRESENTATION_STYLE_ASSIGNMENT((#4713));
#4715=STYLED_ITEM('',(#4714),#4712);
#4716=CARTESIAN_POINT('',(8.78E0,-3.6E0,9.577564001922E0));
#4717=DIRECTION('',(0.E0,0.E0,1.E0));
#4718=DIRECTION('',(2.702350849203E-1,-9.627943699867E-1,0.E0));
#4719=AXIS2_PLACEMENT_3D('',#4716,#4717,#4718);
#4721=CURVE_STYLE('',#333,POSITIVE_LENGTH_MEASURE(2.E-2),#170);
#4722=PRESENTATION_STYLE_ASSIGNMENT((#4721));
#4723=STYLED_ITEM('',(#4722),#4720);
#4724=DIRECTION('',(-6.986868405685E-1,-7.154276335286E-1,-2.307555223660E-14));
#4725=VECTOR('',#4724,6.928203230278E-1);
#4726=CARTESIAN_POINT('',(9.451288801406E0,-3.771380702259E0,9.577564001922E0));
#4727=LINE('',#4726,#4725);
#4728=CURVE_STYLE('',#333,POSITIVE_LENGTH_MEASURE(2.E-2),#170);
#4729=PRESENTATION_STYLE_ASSIGNMENT((#4728));
#4730=STYLED_ITEM('',(#4729),#4727);
#4731=CARTESIAN_POINT('',(8.78E0,-3.6E0,9.577564001922E0));
#4732=DIRECTION('',(0.E0,0.E0,1.E0));
#4733=DIRECTION('',(-6.986868405691E-1,-7.154276335281E-1,0.E0));
#4734=AXIS2_PLACEMENT_3D('',#4731,#4732,#4733);
#4736=CURVE_STYLE('',#333,POSITIVE_LENGTH_MEASURE(2.E-2),#170);
#4737=PRESENTATION_STYLE_ASSIGNMENT((#4736));
#4738=STYLED_ITEM('',(#4737),#4735);
#4739=CARTESIAN_POINT('',(8.78E0,-3.6E0,9.577564001922E0));
#4740=DIRECTION('',(0.E0,0.E0,1.E0));
#4741=DIRECTION('',(-9.689219254895E-1,2.473667364577E-1,0.E0));
#4742=AXIS2_PLACEMENT_3D('',#4739,#4740,#4741);
#4744=CURVE_STYLE('',#333,POSITIVE_LENGTH_MEASURE(2.E-2),#170);
#4745=PRESENTATION_STYLE_ASSIGNMENT((#4744));
#4746=STYLED_ITEM('',(#4745),#4743);
#4747=DIRECTION('',(-2.702350849207E-1,9.627943699866E-1,2.307555223661E-14));
#4748=VECTOR('',#4747,6.928203230272E-1);
#4749=CARTESIAN_POINT('',(8.295935557422E0,-4.095662804164E0,9.577564001922E0));
#4750=LINE('',#4749,#4748);
#4751=CURVE_STYLE('',#333,POSITIVE_LENGTH_MEASURE(2.E-2),#170);
#4752=PRESENTATION_STYLE_ASSIGNMENT((#4751));
#4753=STYLED_ITEM('',(#4752),#4750);
#4754=CARTESIAN_POINT('',(8.78E0,-3.6E0,9.577564001922E0));
#4755=DIRECTION('',(0.E0,0.E0,1.E0));
#4756=DIRECTION('',(-2.702350849203E-1,9.627943699867E-1,0.E0));
#4757=AXIS2_PLACEMENT_3D('',#4754,#4755,#4756);
#4759=CURVE_STYLE('',#333,POSITIVE_LENGTH_MEASURE(2.E-2),#170);
#4760=PRESENTATION_STYLE_ASSIGNMENT((#4759));
#4761=STYLED_ITEM('',(#4760),#4758);
#4762=DIRECTION('',(6.986868405686E-1,7.154276335286E-1,-2.307555223660E-14));
#4763=VECTOR('',#4762,6.928203230277E-1);
#4764=CARTESIAN_POINT('',(8.108711198594E0,-3.428619297741E0,9.577564001922E0));
#4765=LINE('',#4764,#4763);
#4766=CURVE_STYLE('',#333,POSITIVE_LENGTH_MEASURE(2.E-2),#170);
#4767=PRESENTATION_STYLE_ASSIGNMENT((#4766));
#4768=STYLED_ITEM('',(#4767),#4765);
#4769=CARTESIAN_POINT('',(8.78E0,-3.6E0,9.577564001922E0));
#4770=DIRECTION('',(0.E0,0.E0,1.E0));
#4771=DIRECTION('',(6.986868405691E-1,7.154276335281E-1,0.E0));
#4772=AXIS2_PLACEMENT_3D('',#4769,#4770,#4771);
#4774=CURVE_STYLE('',#333,POSITIVE_LENGTH_MEASURE(2.E-2),#170);
#4775=PRESENTATION_STYLE_ASSIGNMENT((#4774));
#4776=STYLED_ITEM('',(#4775),#4773);
#4777=DIRECTION('',(4.209154792309E-6,1.148093308815E-5,-9.999999999252E-1));
#4778=VECTOR('',#4777,1.599975809544E0);
#4779=CARTESIAN_POINT('',(3.220988093402E0,3.869998163078E1,1.050788708715E1));
#4780=LINE('',#4779,#4778);
#4781=CURVE_STYLE('',#333,POSITIVE_LENGTH_MEASURE(2.E-2),#170);
#4782=PRESENTATION_STYLE_ASSIGNMENT((#4781));
#4783=STYLED_ITEM('',(#4782),#4780);
#4784=DIRECTION('',(1.136468208929E-5,5.728544839988E-6,-9.999999999190E-1));
#4785=VECTOR('',#4784,1.599985800001E0);
#4786=CARTESIAN_POINT('',(4.178800984129E0,3.798734520560E1,1.050789707760E1));
#4787=LINE('',#4786,#4785);
#4788=CURVE_STYLE('',#333,POSITIVE_LENGTH_MEASURE(2.E-2),#170);
#4789=PRESENTATION_STYLE_ASSIGNMENT((#4788));
#4790=STYLED_ITEM('',(#4789),#4787);
#4791=DIRECTION('',(-5.713393185482E-6,5.395683905163E-13,9.999999999837E-1));
#4792=VECTOR('',#4791,1.599999998374E0);
#4793=CARTESIAN_POINT('',(1.12E1,1.206E1,8.907911277729E0));
#4794=LINE('',#4793,#4792);
#4795=CURVE_STYLE('',#333,POSITIVE_LENGTH_MEASURE(2.E-2),#170);
#4796=PRESENTATION_STYLE_ASSIGNMENT((#4795));
#4797=STYLED_ITEM('',(#4796),#4794);
#4798=DIRECTION('',(5.472333640299E-6,1.641793679060E-6,-9.999999999837E-1));
#4799=VECTOR('',#4798,1.599997171487E0);
#4800=CARTESIAN_POINT('',(1.047453815562E1,1.700259831457E1,1.050790844919E1));
#4801=LINE('',#4800,#4799);
#4802=CURVE_STYLE('',#333,POSITIVE_LENGTH_MEASURE(2.E-2),#170);
#4803=PRESENTATION_STYLE_ASSIGNMENT((#4802));
#4804=STYLED_ITEM('',(#4803),#4801);
#4805=DIRECTION('',(0.E0,-1.E0,0.E0));
#4806=VECTOR('',#4805,1.005999999321E1);
#4807=CARTESIAN_POINT('',(1.12E1,1.206E1,8.907911277729E0));
#4808=LINE('',#4807,#4806);
#4809=CURVE_STYLE('',#333,POSITIVE_LENGTH_MEASURE(2.E-2),#170);
#4810=PRESENTATION_STYLE_ASSIGNMENT((#4809));
#4811=STYLED_ITEM('',(#4810),#4808);
#4812=DIRECTION('',(-1.731688948351E-5,2.343075967051E-8,9.999999998501E-1));
#4813=VECTOR('',#4812,1.599999992098E0);
#4814=CARTESIAN_POINT('',(1.12E1,2.000000006790E0,8.907911277729E0));
#4815=LINE('',#4814,#4813);
#4816=CURVE_STYLE('',#333,POSITIVE_LENGTH_MEASURE(2.E-2),#170);
#4817=PRESENTATION_STYLE_ASSIGNMENT((#4816));
#4818=STYLED_ITEM('',(#4817),#4815);
#4819=DIRECTION('',(8.359803449158E-8,1.731688982098E-5,9.999999998501E-1));
#4820=VECTOR('',#4819,1.599999991563E0);
#4821=CARTESIAN_POINT('',(-9.699999993210E0,5.E-1,8.907911277729E0));
#4822=LINE('',#4821,#4820);
#4823=CURVE_STYLE('',#333,POSITIVE_LENGTH_MEASURE(2.E-2),#170);
#4824=PRESENTATION_STYLE_ASSIGNMENT((#4823));
#4825=STYLED_ITEM('',(#4824),#4822);
#4826=DIRECTION('',(2.061536174870E-8,-1.731689023606E-5,-9.999999998501E-1));
#4827=VECTOR('',#4826,1.599999991563E0);
#4828=CARTESIAN_POINT('',(9.699999960118E0,5.000277070242E-1,1.050791126905E1));
#4829=LINE('',#4828,#4827);
#4830=CURVE_STYLE('',#333,POSITIVE_LENGTH_MEASURE(2.E-2),#170);
#4831=PRESENTATION_STYLE_ASSIGNMENT((#4830));
#4832=STYLED_ITEM('',(#4831),#4829);
#4833=DIRECTION('',(-1.731688906720E-5,3.772630615447E-8,-9.999999998501E-1));
#4834=VECTOR('',#4833,1.599999992096E0);
#4835=CARTESIAN_POINT('',(-1.119997229298E1,1.999999939638E0,1.050791126958E1));
#4836=LINE('',#4835,#4834);
#4837=CURVE_STYLE('',#333,POSITIVE_LENGTH_MEASURE(2.E-2),#170);
#4838=PRESENTATION_STYLE_ASSIGNMENT((#4837));
#4839=STYLED_ITEM('',(#4838),#4836);
#4840=DIRECTION('',(5.472318577272E-6,-1.641779198056E-6,9.999999999837E-1));
#4841=VECTOR('',#4840,1.599995952437E0);
#4842=CARTESIAN_POINT('',(-1.047454691133E1,1.700260094143E1,8.907911277729E0));
#4843=LINE('',#4842,#4841);
#4844=CURVE_STYLE('',#333,POSITIVE_LENGTH_MEASURE(2.E-2),#170);
#4845=PRESENTATION_STYLE_ASSIGNMENT((#4844));
#4846=STYLED_ITEM('',(#4845),#4843);
#4847=DIRECTION('',(-5.713393771689E-6,1.294520048031E-12,-9.999999999837E-1));
#4848=VECTOR('',#4847,1.599999998371E0);
#4849=CARTESIAN_POINT('',(-1.119999085857E1,1.206E1,1.050791127607E1));
#4850=LINE('',#4849,#4848);
#4851=CURVE_STYLE('',#333,POSITIVE_LENGTH_MEASURE(2.E-2),#170);
#4852=PRESENTATION_STYLE_ASSIGNMENT((#4851));
#4853=STYLED_ITEM('',(#4852),#4850);
#4854=DIRECTION('',(-2.873609232621E-1,-9.578223738154E-1,7.389129309238E-7));
#4855=VECTOR('',#4854,2.190881311196E1);
#4856=CARTESIAN_POINT('',(-4.178801392219E0,3.798734969696E1,1.050789104143E1));
#4857=LINE('',#4856,#4855);
#4858=CURVE_STYLE('',#333,POSITIVE_LENGTH_MEASURE(2.E-2),#170);
#4859=PRESENTATION_STYLE_ASSIGNMENT((#4858));
#4860=STYLED_ITEM('',(#4859),#4857);
#4861=DIRECTION('',(-9.956729224568E-6,6.764393782527E-6,-9.999999999276E-1));
#4862=VECTOR('',#4861,1.599979763821E0);
#4863=CARTESIAN_POINT('',(-4.178801392219E0,3.798734969696E1,1.050789104143E1));
#4864=LINE('',#4863,#4862);
#4865=CURVE_STYLE('',#333,POSITIVE_LENGTH_MEASURE(2.E-2),#170);
#4866=PRESENTATION_STYLE_ASSIGNMENT((#4865));
#4867=STYLED_ITEM('',(#4866),#4864);
#4868=DIRECTION('',(-3.036355165541E-6,1.252308518389E-5,-9.999999999170E-1));
#4869=VECTOR('',#4868,1.599980128210E0);
#4870=CARTESIAN_POINT('',(-3.220983408279E0,3.869997996330E1,1.050789140581E1));
#4871=LINE('',#4870,#4869);
#4872=CURVE_STYLE('',#333,POSITIVE_LENGTH_MEASURE(2.E-2),#170);
#4873=PRESENTATION_STYLE_ASSIGNMENT((#4872));
#4874=STYLED_ITEM('',(#4873),#4871);
#4875=CARTESIAN_POINT('',(-3.369417951323E0,3.789941988050E1,1.090790130971E1));
#4876=CARTESIAN_POINT('',(-3.384269019129E0,3.794821504342E1,1.090789998268E1));
#4877=CARTESIAN_POINT('',(-3.410238707433E0,3.804258052153E1,1.090384353788E1));
#4878=CARTESIAN_POINT('',(-3.442706245425E0,3.818233542455E1,1.088383254900E1));
#4879=CARTESIAN_POINT('',(-3.455088863215E0,3.826351200266E1,1.086475921536E1));
#4880=CARTESIAN_POINT('',(-3.466793498496E0,3.834453949234E1,1.084158718063E1));
#4881=CARTESIAN_POINT('',(-3.468051102910E0,3.844109001936E1,1.080496413672E1));
#4882=CARTESIAN_POINT('',(-3.441174714875E0,3.852900354008E1,1.075717716397E1));
#4883=CARTESIAN_POINT('',(-3.409192095532E0,3.857892329229E1,1.072026457766E1));
#4884=CARTESIAN_POINT('',(-3.378481357561E0,3.861552247002E1,1.068746688247E1));
#4885=CARTESIAN_POINT('',(-3.343406649109E0,3.864374840743E1,1.065654911117E1));
#4886=CARTESIAN_POINT('',(-3.297675861681E0,3.867028464230E1,1.061813302503E1));
#4887=CARTESIAN_POINT('',(-3.261213866443E0,3.868525551040E1,1.058678544226E1));
#4888=CARTESIAN_POINT('',(-3.229302164967E0,3.869675464185E1,1.055058622476E1));
#4889=CARTESIAN_POINT('',(-3.222032736644E0,3.869998025185E1,1.052257161994E1));
#4890=CARTESIAN_POINT('',(-3.220983408279E0,3.869997996330E1,1.050789140581E1));
#4892=CURVE_STYLE('',#333,POSITIVE_LENGTH_MEASURE(2.E-2),#170);
#4893=PRESENTATION_STYLE_ASSIGNMENT((#4892));
#4894=STYLED_ITEM('',(#4893),#4891);
#4895=DIRECTION('',(9.999999999997E-1,2.588472190652E-7,-6.703929830319E-7));
#4896=VECTOR('',#4895,6.441971501683E0);
#4897=CARTESIAN_POINT('',(-3.220983408279E0,3.869997996330E1,1.050789140581E1));
#4898=LINE('',#4897,#4896);
#4899=CURVE_STYLE('',#333,POSITIVE_LENGTH_MEASURE(2.E-2),#170);
#4900=PRESENTATION_STYLE_ASSIGNMENT((#4899));
#4901=STYLED_ITEM('',(#4900),#4898);
#4902=CARTESIAN_POINT('',(3.220988093402E0,3.869998163078E1,1.050788708715E1));
#4903=CARTESIAN_POINT('',(3.222000360551E0,3.869998190712E1,1.052194620965E1));
#4904=CARTESIAN_POINT('',(3.229023239649E0,3.869705751962E1,1.054894484710E1));
#4905=CARTESIAN_POINT('',(3.259472218677E0,3.868586700055E1,1.058527922679E1));
#4906=CARTESIAN_POINT('',(3.295107396535E0,3.867139311487E1,1.061598267114E1));
#4907=CARTESIAN_POINT('',(3.339208408937E0,3.864650697831E1,1.065315305190E1));
#4908=CARTESIAN_POINT('',(3.376277642426E0,3.861704502871E1,1.068593610649E1));
#4909=CARTESIAN_POINT('',(3.407281782512E0,3.858244449849E1,1.071744720646E1));
#4910=CARTESIAN_POINT('',(3.437666267439E0,3.853283470778E1,1.075434043851E1));
#4911=CARTESIAN_POINT('',(3.467415507001E0,3.845360913794E1,1.079936446884E1));
#4912=CARTESIAN_POINT('',(3.466677188775E0,3.834521900764E1,1.084163986531E1));
#4913=CARTESIAN_POINT('',(3.455720537562E0,3.826775167615E1,1.086355446025E1));
#4914=CARTESIAN_POINT('',(3.443043431461E0,3.818416521856E1,1.088356559272E1));
#4915=CARTESIAN_POINT('',(3.410746174956E0,3.804418317400E1,1.090370767052E1));
#4916=CARTESIAN_POINT('',(3.384467867491E0,3.794873708111E1,1.090789996848E1));
#4917=CARTESIAN_POINT('',(3.369417968147E0,3.789941984410E1,1.090790130971E1));
#4919=CURVE_STYLE('',#333,POSITIVE_LENGTH_MEASURE(2.E-2),#170);
#4920=PRESENTATION_STYLE_ASSIGNMENT((#4919));
#4921=STYLED_ITEM('',(#4920),#4918);
#4922=CARTESIAN_POINT('',(-4.178801392219E0,3.798734969696E1,1.050789104143E1));
#4923=CARTESIAN_POINT('',(-4.156150547484E0,3.806284889437E1,1.049884336828E1));
#4924=CARTESIAN_POINT('',(-4.092157221841E0,3.821311992273E1,1.048684855661E1));
#4925=CARTESIAN_POINT('',(-3.928015587186E0,3.842355433565E1,1.050572145555E1));
#4926=CARTESIAN_POINT('',(-3.717922846312E0,3.858126721442E1,1.050581264923E1));
#4927=CARTESIAN_POINT('',(-3.467995259663E0,3.868073674847E1,1.048722391929E1));
#4928=CARTESIAN_POINT('',(-3.302096937552E0,3.869998064048E1,1.049900749823E1));
#4929=CARTESIAN_POINT('',(-3.220983408279E0,3.869997996330E1,1.050789140581E1));
#4931=CURVE_STYLE('',#333,POSITIVE_LENGTH_MEASURE(2.E-2),#170);
#4932=PRESENTATION_STYLE_ASSIGNMENT((#4931));
#4933=STYLED_ITEM('',(#4932),#4930);
#4934=CARTESIAN_POINT('',(-4.178801392219E0,3.798734969696E1,1.050789104143E1));
#4935=CARTESIAN_POINT('',(-4.178510437948E0,3.798831826885E1,1.052194633363E1));
#4936=CARTESIAN_POINT('',(-4.173691643642E0,3.799420568476E1,1.054894648757E1));
#4937=CARTESIAN_POINT('',(-4.154222707590E0,3.802015474881E1,1.058528018612E1));
#4938=CARTESIAN_POINT('',(-4.130119459133E0,3.805012679263E1,1.061598361181E1));
#4939=CARTESIAN_POINT('',(-4.093609709670E0,3.808521685104E1,1.065315377623E1));
#4940=CARTESIAN_POINT('',(-4.054739854967E0,3.811225802928E1,1.068593467490E1));
#4941=CARTESIAN_POINT('',(-4.012689914001E0,3.813200647183E1,1.071744683912E1));
#4942=CARTESIAN_POINT('',(-3.956444612771E0,3.814685411698E1,1.075433754816E1));
#4943=CARTESIAN_POINT('',(-3.872014303507E0,3.815258869324E1,1.079936108405E1));
#4944=CARTESIAN_POINT('',(-3.768397351602E0,3.812072780820E1,1.084164120090E1));
#4945=CARTESIAN_POINT('',(-3.697349548354E0,3.808797999055E1,1.086355460396E1));
#4946=CARTESIAN_POINT('',(-3.620944017399E0,3.805180353237E1,1.088356044519E1));
#4947=CARTESIAN_POINT('',(-3.496186235750E0,3.798072592206E1,1.090370773640E1));
#4948=CARTESIAN_POINT('',(-3.412233598036E0,3.792797903047E1,1.090789238406E1));
#4949=CARTESIAN_POINT('',(-3.369417951323E0,3.789941988050E1,1.090790130971E1));
#4951=CURVE_STYLE('',#333,POSITIVE_LENGTH_MEASURE(2.E-2),#170);
#4952=PRESENTATION_STYLE_ASSIGNMENT((#4951));
#4953=STYLED_ITEM('',(#4952),#4950);
#4954=CARTESIAN_POINT('',(-9.708087202257E0,1.677265200868E1,1.090790683969E1));
#4955=CARTESIAN_POINT('',(-9.795044382704E0,1.679874041306E1,1.090789037518E1));
#4956=CARTESIAN_POINT('',(-9.998277230985E0,1.685971318959E1,1.089097800770E1));
#4957=CARTESIAN_POINT('',(-1.029330620056E1,1.694822612234E1,1.078975586412E1));
#4958=CARTESIAN_POINT('',(-1.045120636503E1,1.699559844194E1,1.063920951336E1));
#4959=CARTESIAN_POINT('',(-1.047453727931E1,1.700259805168E1,1.054431348034E1));
#4960=CARTESIAN_POINT('',(-1.047453815565E1,1.700259831459E1,1.050790723014E1));
#4962=CURVE_STYLE('',#333,POSITIVE_LENGTH_MEASURE(2.E-2),#170);
#4963=PRESENTATION_STYLE_ASSIGNMENT((#4962));
#4964=STYLED_ITEM('',(#4963),#4961);
#4965=DIRECTION('',(2.873744589858E-1,9.578183127935E-1,-2.507112383587E-7));
#4966=VECTOR('',#4965,2.205717680445E1);
#4967=CARTESIAN_POINT('',(-9.708087202257E0,1.677265200868E1,1.090790683969E1));
#4968=LINE('',#4967,#4966);
#4969=CURVE_STYLE('',#333,POSITIVE_LENGTH_MEASURE(2.E-2),#170);
#4970=PRESENTATION_STYLE_ASSIGNMENT((#4969));
#4971=STYLED_ITEM('',(#4970),#4968);
#4972=DIRECTION('',(1.E0,-5.402672961081E-9,4.323039248068E-14));
#4973=VECTOR('',#4972,6.738835919471E0);
#4974=CARTESIAN_POINT('',(-3.369417951323E0,3.789941988050E1,1.090790130971E1));
#4975=LINE('',#4974,#4973);
#4976=CURVE_STYLE('',#333,POSITIVE_LENGTH_MEASURE(2.E-2),#170);
#4977=PRESENTATION_STYLE_ASSIGNMENT((#4976));
#4978=STYLED_ITEM('',(#4977),#4975);
#4979=DIRECTION('',(2.873744587204E-1,-9.578183128731E-1,2.507112428367E-7));
#4980=VECTOR('',#4979,2.205717676475E1);
#4981=CARTESIAN_POINT('',(3.369417968147E0,3.789941984410E1,1.090790130971E1));
#4982=LINE('',#4981,#4980);
#4983=CURVE_STYLE('',#333,POSITIVE_LENGTH_MEASURE(2.E-2),#170);
#4984=PRESENTATION_STYLE_ASSIGNMENT((#4983));
#4985=STYLED_ITEM('',(#4984),#4982);
#4986=CARTESIAN_POINT('',(9.708087201817E0,1.677265200854E1,1.090790683969E1));
#4987=CARTESIAN_POINT('',(1.016604504957E1,1.524619900622E1,1.090790683969E1));
#4988=CARTESIAN_POINT('',(1.039997166446E1,1.365367002816E1,1.090790680988E1));
#4989=CARTESIAN_POINT('',(1.039997166448E1,1.206000000001E1,1.090790680988E1));
#4991=CURVE_STYLE('',#333,POSITIVE_LENGTH_MEASURE(2.E-2),#170);
#4992=PRESENTATION_STYLE_ASSIGNMENT((#4991));
#4993=STYLED_ITEM('',(#4992),#4990);
#4994=CARTESIAN_POINT('',(9.7E0,2.E0,1.090789759130E1));
#4995=DIRECTION('',(0.E0,0.E0,-1.E0));
#4996=DIRECTION('',(9.999999988543E-1,-4.786813885268E-5,0.E0));
#4997=AXIS2_PLACEMENT_3D('',#4994,#4995,#4996);
#4999=CURVE_STYLE('',#333,POSITIVE_LENGTH_MEASURE(2.E-2),#170);
#5000=PRESENTATION_STYLE_ASSIGNMENT((#4999));
#5001=STYLED_ITEM('',(#5000),#4998);
#5002=CARTESIAN_POINT('',(-9.7E0,2.E0,1.090789759130E1));
#5003=DIRECTION('',(0.E0,0.E0,-1.E0));
#5004=DIRECTION('',(1.584612393867E-5,-9.999999998745E-1,0.E0));
#5005=AXIS2_PLACEMENT_3D('',#5002,#5003,#5004);
#5007=CURVE_STYLE('',#333,POSITIVE_LENGTH_MEASURE(2.E-2),#170);
#5008=PRESENTATION_STYLE_ASSIGNMENT((#5007));
#5009=STYLED_ITEM('',(#5008),#5006);
#5010=CARTESIAN_POINT('',(-1.039997166449E1,1.205999999999E1,1.090790680988E1));
#5011=CARTESIAN_POINT('',(-1.039997166448E1,1.365367002815E1,1.090790680988E1));
#5012=CARTESIAN_POINT('',(-1.016604505002E1,1.524619900636E1,1.090790683969E1));
#5013=CARTESIAN_POINT('',(-9.708087202257E0,1.677265200868E1,1.090790683969E1));
#5015=CURVE_STYLE('',#333,POSITIVE_LENGTH_MEASURE(2.E-2),#170);
#5016=PRESENTATION_STYLE_ASSIGNMENT((#5015));
#5017=STYLED_ITEM('',(#5016),#5014);
#5018=CARTESIAN_POINT('',(3.369417968147E0,3.789941984410E1,1.090790130971E1));
#5019=CARTESIAN_POINT('',(3.411758407927E0,3.792761679313E1,1.090789248551E1));
#5020=CARTESIAN_POINT('',(3.494718129188E0,3.797972786991E1,1.090385175547E1));
#5021=CARTESIAN_POINT('',(3.619259010307E0,3.805094266070E1,1.088383515722E1));
#5022=CARTESIAN_POINT('',(3.693472239039E0,3.808615854087E1,1.086475934127E1));
#5023=CARTESIAN_POINT('',(3.767740713266E0,3.812065473573E1,1.084157881080E1));
#5024=CARTESIAN_POINT('',(3.859851316194E0,3.814959911577E1,1.080495550223E1));
#5025=CARTESIAN_POINT('',(3.951771202808E0,3.814911300136E1,1.075717195006E1));
#5026=CARTESIAN_POINT('',(4.008774661606E0,3.813282877925E1,1.072025828570E1));
#5027=CARTESIAN_POINT('',(4.052653587832E0,3.811392370375E1,1.068746247297E1));
#5028=CARTESIAN_POINT('',(4.089767440531E0,3.808844050516E1,1.065654413916E1));
#5029=CARTESIAN_POINT('',(4.128322980584E0,3.805226587828E1,1.061812940311E1));
#5030=CARTESIAN_POINT('',(4.153137935652E0,3.802164558951E1,1.058678386953E1));
#5031=CARTESIAN_POINT('',(4.173321912033E0,3.799438541376E1,1.055058640459E1));
#5032=CARTESIAN_POINT('',(4.178499288191E0,3.798834854440E1,1.052257107516E1));
#5033=CARTESIAN_POINT('',(4.178800984129E0,3.798734520560E1,1.050789707760E1));
#5035=CURVE_STYLE('',#333,POSITIVE_LENGTH_MEASURE(2.E-2),#170);
#5036=PRESENTATION_STYLE_ASSIGNMENT((#5035));
#5037=STYLED_ITEM('',(#5036),#5034);
#5038=DIRECTION('',(2.873609967742E-1,-9.578223517608E-1,5.190418572550E-7));
#5039=VECTOR('',#5038,2.190880892731E1);
#5040=CARTESIAN_POINT('',(4.178800984129E0,3.798734520560E1,1.050789707760E1));
#5041=LINE('',#5040,#5039);
#5042=CURVE_STYLE('',#333,POSITIVE_LENGTH_MEASURE(2.E-2),#170);
#5043=PRESENTATION_STYLE_ASSIGNMENT((#5042));
#5044=STYLED_ITEM('',(#5043),#5041);
#5045=CARTESIAN_POINT('',(1.047453815562E1,1.700259831457E1,1.050790844919E1));
#5046=CARTESIAN_POINT('',(1.047453660818E1,1.700259785032E1,1.054431354335E1));
#5047=CARTESIAN_POINT('',(1.045120493743E1,1.699559801363E1,1.063921272956E1));
#5048=CARTESIAN_POINT('',(1.029330620098E1,1.694822612246E1,1.078975528268E1));
#5049=CARTESIAN_POINT('',(9.998277230268E0,1.685971318937E1,1.089097814685E1));
#5050=CARTESIAN_POINT('',(9.795044382549E0,1.679874041302E1,1.090789037524E1));
#5051=CARTESIAN_POINT('',(9.708087201817E0,1.677265200854E1,1.090790683969E1));
#5053=CURVE_STYLE('',#333,POSITIVE_LENGTH_MEASURE(2.E-2),#170);
#5054=PRESENTATION_STYLE_ASSIGNMENT((#5053));
#5055=STYLED_ITEM('',(#5054),#5052);
#5056=CARTESIAN_POINT('',(3.220988093402E0,3.869998163078E1,1.050788708715E1));
#5057=CARTESIAN_POINT('',(3.299810898167E0,3.869998163078E1,1.049883984277E1));
#5058=CARTESIAN_POINT('',(3.462132530872E0,3.868186976354E1,1.048684799371E1));
#5059=CARTESIAN_POINT('',(3.710855993140E0,3.858512410871E1,1.050571976430E1));
#5060=CARTESIAN_POINT('',(3.922289452968E0,3.842921546264E1,1.050580930293E1));
#5061=CARTESIAN_POINT('',(4.089384857641E0,3.821841369525E1,1.048722583645E1));
#5062=CARTESIAN_POINT('',(4.155491958494E0,3.806504047046E1,1.049901323398E1));
#5063=CARTESIAN_POINT('',(4.178800984129E0,3.798734520560E1,1.050789707760E1));
#5065=CURVE_STYLE('',#333,POSITIVE_LENGTH_MEASURE(2.E-2),#170);
#5066=PRESENTATION_STYLE_ASSIGNMENT((#5065));
#5067=STYLED_ITEM('',(#5066),#5064);
#5068=CARTESIAN_POINT('',(-6.E0,1.206E1,1.050791127773E1));
#5069=DIRECTION('',(0.E0,0.E0,-1.E0));
#5070=DIRECTION('',(9.578224948452E-1,2.873605198500E-1,0.E0));
#5071=AXIS2_PLACEMENT_3D('',#5068,#5069,#5070);
#5073=CURVE_STYLE('',#333,POSITIVE_LENGTH_MEASURE(2.E-2),#170);
#5074=PRESENTATION_STYLE_ASSIGNMENT((#5073));
#5075=STYLED_ITEM('',(#5074),#5072);
#5076=CARTESIAN_POINT('',(1.119999085857E1,1.206E1,1.050791127608E1));
#5077=CARTESIAN_POINT('',(1.119999085857E1,1.206E1,1.055505310007E1));
#5078=CARTESIAN_POINT('',(1.116583129792E1,1.206E1,1.065689487068E1));
#5079=CARTESIAN_POINT('',(1.098256759123E1,1.206E1,1.079920906549E1));
#5080=CARTESIAN_POINT('',(1.069792905561E1,1.206E1,1.089083372324E1));
#5081=CARTESIAN_POINT('',(1.049425370503E1,1.206000000001E1,1.090790875006E1));
#5082=CARTESIAN_POINT('',(1.039997166448E1,1.206000000001E1,1.090790680988E1));
#5084=CURVE_STYLE('',#333,POSITIVE_LENGTH_MEASURE(2.E-2),#170);
#5085=PRESENTATION_STYLE_ASSIGNMENT((#5084));
#5086=STYLED_ITEM('',(#5085),#5083);
#5087=DIRECTION('',(-1.978313216844E-6,9.999999999979E-1,4.534817008087E-7));
#5088=VECTOR('',#5087,1.006001113796E1);
#5089=CARTESIAN_POINT('',(1.039999156634E1,1.999988862066E0,1.090790224784E1));
#5090=LINE('',#5089,#5088);
#5091=CURVE_STYLE('',#333,POSITIVE_LENGTH_MEASURE(2.E-2),#170);
#5092=PRESENTATION_STYLE_ASSIGNMENT((#5091));
#5093=STYLED_ITEM('',(#5092),#5090);
#5094=DIRECTION('',(-1.845486484370E-6,-9.999999999983E-1,-6.450124756943E-10));
#5095=VECTOR('',#5094,1.005999995574E1);
#5096=CARTESIAN_POINT('',(1.119999085857E1,1.206E1,1.050791127608E1));
#5097=LINE('',#5096,#5095);
#5098=CURVE_STYLE('',#333,POSITIVE_LENGTH_MEASURE(2.E-2),#170);
#5099=PRESENTATION_STYLE_ASSIGNMENT((#5098));
#5100=STYLED_ITEM('',(#5099),#5097);
#5101=CARTESIAN_POINT('',(1.039999156634E1,1.999988862066E0,1.090790224784E1));
#5102=CARTESIAN_POINT('',(1.048990772062E1,1.999988864580E0,1.090786592050E1));
#5103=CARTESIAN_POINT('',(1.070084997642E1,2.000006235219E0,1.089118688703E1));
#5104=CARTESIAN_POINT('',(1.100781892363E1,1.999998224131E0,1.079117787828E1));
#5105=CARTESIAN_POINT('',(1.117492434742E1,2.000000390350E0,1.064063354476E1));
#5106=CARTESIAN_POINT('',(1.119996232686E1,2.000000044279E0,1.054502527731E1));
#5107=CARTESIAN_POINT('',(1.119997229298E1,2.000000044279E0,1.050791126959E1));
#5109=CURVE_STYLE('',#333,POSITIVE_LENGTH_MEASURE(2.E-2),#170);
#5110=PRESENTATION_STYLE_ASSIGNMENT((#5109));
#5111=STYLED_ITEM('',(#5110),#5108);
#5112=CARTESIAN_POINT('',(9.7E0,2.E0,1.050791126760E1));
#5113=DIRECTION('',(0.E0,0.E0,-1.E0));
#5114=DIRECTION('',(1.E0,1.358031197250E-8,0.E0));
#5115=AXIS2_PLACEMENT_3D('',#5112,#5113,#5114);
#5117=CURVE_STYLE('',#333,POSITIVE_LENGTH_MEASURE(2.E-2),#170);
#5118=PRESENTATION_STYLE_ASSIGNMENT((#5117));
#5119=STYLED_ITEM('',(#5118),#5116);
#5120=DIRECTION('',(1.E0,-1.814013401726E-13,0.E0));
#5121=VECTOR('',#5120,1.939999417925E1);
#5122=CARTESIAN_POINT('',(-9.699994922023E0,1.300000540741E0,1.090790224537E1));
#5123=LINE('',#5122,#5121);
#5124=CURVE_STYLE('',#333,POSITIVE_LENGTH_MEASURE(2.E-2),#170);
#5125=PRESENTATION_STYLE_ASSIGNMENT((#5124));
#5126=STYLED_ITEM('',(#5125),#5123);
#5127=CARTESIAN_POINT('',(9.699999257225E0,1.300000540738E0,1.090790224537E1));
#5128=CARTESIAN_POINT('',(9.699999257225E0,1.209314521194E0,1.090786583514E1));
#5129=CARTESIAN_POINT('',(9.700000256566E0,9.970442827942E-1,1.089094202520E1));
#5130=CARTESIAN_POINT('',(9.699999810948E0,6.892485185385E-1,1.078975320472E1));
#5131=CARTESIAN_POINT('',(9.699999882228E0,5.243560844887E-1,1.063922035712E1));
#5132=CARTESIAN_POINT('',(9.699999960118E0,5.000309519299E-1,1.054431367453E1));
#5133=CARTESIAN_POINT('',(9.699999960118E0,5.000277070242E-1,1.050791126905E1));
#5135=CURVE_STYLE('',#333,POSITIVE_LENGTH_MEASURE(2.E-2),#170);
#5136=PRESENTATION_STYLE_ASSIGNMENT((#5135));
#5137=STYLED_ITEM('',(#5136),#5134);
#5138=DIRECTION('',(-1.E0,-3.423950730985E-14,0.E0));
#5139=VECTOR('',#5138,1.939999981957E1);
#5140=CARTESIAN_POINT('',(9.699999960118E0,5.000277070242E-1,1.050791126905E1));
#5141=LINE('',#5140,#5139);
#5142=CURVE_STYLE('',#333,POSITIVE_LENGTH_MEASURE(2.E-2),#170);
#5143=PRESENTATION_STYLE_ASSIGNMENT((#5142));
#5144=STYLED_ITEM('',(#5143),#5141);
#5145=CARTESIAN_POINT('',(-9.699994922023E0,1.300000540741E0,1.090790224537E1));
#5146=CARTESIAN_POINT('',(-9.699994893995E0,1.210084386460E0,1.090786591803E1));
#5147=CARTESIAN_POINT('',(-9.700002375330E0,9.991544147162E-1,
1.089118688843E1));
#5148=CARTESIAN_POINT('',(-9.699998871712E0,6.921797938876E-1,
1.079117787776E1));
#5149=CARTESIAN_POINT('',(-9.699999471102E0,5.250759006554E-1,
1.064063354520E1));
#5150=CARTESIAN_POINT('',(-9.699999859456E0,5.000376731368E-1,
1.054502527678E1));
#5151=CARTESIAN_POINT('',(-9.699999859453E0,5.000277070236E-1,
1.050791126905E1));
#5153=CURVE_STYLE('',#333,POSITIVE_LENGTH_MEASURE(2.E-2),#170);
#5154=PRESENTATION_STYLE_ASSIGNMENT((#5153));
#5155=STYLED_ITEM('',(#5154),#5152);
#5156=CARTESIAN_POINT('',(-9.7E0,2.E0,1.050791126760E1));
#5157=DIRECTION('',(0.E0,0.E0,-1.E0));
#5158=DIRECTION('',(1.358078657931E-8,-1.E0,0.E0));
#5159=AXIS2_PLACEMENT_3D('',#5156,#5157,#5158);
#5161=CURVE_STYLE('',#333,POSITIVE_LENGTH_MEASURE(2.E-2),#170);
#5162=PRESENTATION_STYLE_ASSIGNMENT((#5161));
#5163=STYLED_ITEM('',(#5162),#5160);
#5164=DIRECTION('',(-1.978313318967E-6,-9.999999999979E-1,-4.534816080486E-7));
#5165=VECTOR('',#5164,1.006001318399E1);
#5166=CARTESIAN_POINT('',(-1.039997166449E1,1.205999999999E1,1.090790680988E1));
#5167=LINE('',#5166,#5165);
#5168=CURVE_STYLE('',#333,POSITIVE_LENGTH_MEASURE(2.E-2),#170);
#5169=PRESENTATION_STYLE_ASSIGNMENT((#5168));
#5170=STYLED_ITEM('',(#5169),#5167);
#5171=CARTESIAN_POINT('',(-1.039999156634E1,1.999986816015E0,1.090790224784E1));
#5172=CARTESIAN_POINT('',(-1.049068292205E1,1.999986816015E0,1.090786689728E1));
#5173=CARTESIAN_POINT('',(-1.070294342775E1,2.000006842401E0,1.089094409827E1));
#5174=CARTESIAN_POINT('',(-1.101075322928E1,1.999997684141E0,1.078975320352E1));
#5175=CARTESIAN_POINT('',(-1.117564358460E1,1.999999955802E0,1.063922035908E1));
#5176=CARTESIAN_POINT('',(-1.119996904770E1,1.999999939638E0,1.054431367445E1));
#5177=CARTESIAN_POINT('',(-1.119997229298E1,1.999999939638E0,1.050791126958E1));
#5179=CURVE_STYLE('',#333,POSITIVE_LENGTH_MEASURE(2.E-2),#170);
#5180=PRESENTATION_STYLE_ASSIGNMENT((#5179));
#5181=STYLED_ITEM('',(#5180),#5178);
#5182=DIRECTION('',(-1.845486305550E-6,9.999999999983E-1,6.450126455615E-10));
#5183=VECTOR('',#5182,1.006000006038E1);
#5184=CARTESIAN_POINT('',(-1.119997229298E1,1.999999939638E0,1.050791126958E1));
#5185=LINE('',#5184,#5183);
#5186=CURVE_STYLE('',#333,POSITIVE_LENGTH_MEASURE(2.E-2),#170);
#5187=PRESENTATION_STYLE_ASSIGNMENT((#5186));
#5188=STYLED_ITEM('',(#5187),#5185);
#5189=CARTESIAN_POINT('',(-1.039997166449E1,1.205999999999E1,1.090790680988E1));
#5190=CARTESIAN_POINT('',(-1.049425370503E1,1.205999999999E1,1.090790875006E1));
#5191=CARTESIAN_POINT('',(-1.069792905561E1,1.206E1,1.089083372324E1));
#5192=CARTESIAN_POINT('',(-1.098256759124E1,1.206E1,1.079920906548E1));
#5193=CARTESIAN_POINT('',(-1.116583129792E1,1.206E1,1.065689487068E1));
#5194=CARTESIAN_POINT('',(-1.119999085857E1,1.206E1,1.055505310007E1));
#5195=CARTESIAN_POINT('',(-1.119999085857E1,1.206E1,1.050791127607E1));
#5197=CURVE_STYLE('',#333,POSITIVE_LENGTH_MEASURE(2.E-2),#170);
#5198=PRESENTATION_STYLE_ASSIGNMENT((#5197));
#5199=STYLED_ITEM('',(#5198),#5196);
#5200=CARTESIAN_POINT('',(6.E0,1.206E1,1.050791127773E1));
#5201=DIRECTION('',(0.E0,0.E0,-1.E0));
#5202=DIRECTION('',(-1.E0,0.E0,0.E0));
#5203=AXIS2_PLACEMENT_3D('',#5200,#5201,#5202);
#5205=CURVE_STYLE('',#333,POSITIVE_LENGTH_MEASURE(2.E-2),#170);
#5206=PRESENTATION_STYLE_ASSIGNMENT((#5205));
#5207=STYLED_ITEM('',(#5206),#5204);
#5208=DIRECTION('',(0.E0,1.E0,0.E0));
#5209=VECTOR('',#5208,4.7E0);
#5210=CARTESIAN_POINT('',(-1.16E1,-5.9E0,9.607911277729E0));
#5211=LINE('',#5210,#5209);
#5212=CURVE_STYLE('',#333,POSITIVE_LENGTH_MEASURE(2.E-2),#170);
#5213=PRESENTATION_STYLE_ASSIGNMENT((#5212));
#5214=STYLED_ITEM('',(#5213),#5211);
#5215=DIRECTION('',(1.E0,0.E0,0.E0));
#5216=VECTOR('',#5215,1.E0);
#5217=CARTESIAN_POINT('',(-1.26E1,-1.2E0,8.907911277729E0));
#5218=LINE('',#5217,#5216);
#5219=CURVE_STYLE('',#333,POSITIVE_LENGTH_MEASURE(2.E-2),#170);
#5220=PRESENTATION_STYLE_ASSIGNMENT((#5219));
#5221=STYLED_ITEM('',(#5220),#5218);
#5222=DIRECTION('',(0.E0,0.E0,1.E0));
#5223=VECTOR('',#5222,7.E-1);
#5224=CARTESIAN_POINT('',(-1.16E1,-1.2E0,8.907911277729E0));
#5225=LINE('',#5224,#5223);
#5226=CURVE_STYLE('',#333,POSITIVE_LENGTH_MEASURE(2.E-2),#170);
#5227=PRESENTATION_STYLE_ASSIGNMENT((#5226));
#5228=STYLED_ITEM('',(#5227),#5225);
#5229=DIRECTION('',(-1.E0,0.E0,0.E0));
#5230=VECTOR('',#5229,1.E0);
#5231=CARTESIAN_POINT('',(-1.16E1,-1.2E0,9.607911277729E0));
#5232=LINE('',#5231,#5230);
#5233=CURVE_STYLE('',#333,POSITIVE_LENGTH_MEASURE(2.E-2),#170);
#5234=PRESENTATION_STYLE_ASSIGNMENT((#5233));
#5235=STYLED_ITEM('',(#5234),#5232);
#5236=CARTESIAN_POINT('',(-1.11E1,-5.9E0,9.607911277729E0));
#5237=DIRECTION('',(0.E0,0.E0,1.E0));
#5238=DIRECTION('',(-1.E0,0.E0,0.E0));
#5239=AXIS2_PLACEMENT_3D('',#5236,#5237,#5238);
#5241=CURVE_STYLE('',#333,POSITIVE_LENGTH_MEASURE(2.E-2),#170);
#5242=PRESENTATION_STYLE_ASSIGNMENT((#5241));
#5243=STYLED_ITEM('',(#5242),#5240);
#5244=CARTESIAN_POINT('',(-3.5E0,-6.9E0,9.607911277729E0));
#5245=DIRECTION('',(0.E0,0.E0,-1.E0));
#5246=DIRECTION('',(0.E0,1.E0,0.E0));
#5247=AXIS2_PLACEMENT_3D('',#5244,#5245,#5246);
#5249=CURVE_STYLE('',#333,POSITIVE_LENGTH_MEASURE(2.E-2),#170);
#5250=PRESENTATION_STYLE_ASSIGNMENT((#5249));
#5251=STYLED_ITEM('',(#5250),#5248);
#5252=DIRECTION('',(-1.E0,0.E0,0.E0));
#5253=VECTOR('',#5252,8.6E0);
#5254=CARTESIAN_POINT('',(-3.5E0,-7.4E0,9.607911277729E0));
#5255=LINE('',#5254,#5253);
#5256=CURVE_STYLE('',#333,POSITIVE_LENGTH_MEASURE(2.E-2),#170);
#5257=PRESENTATION_STYLE_ASSIGNMENT((#5256));
#5258=STYLED_ITEM('',(#5257),#5255);
#5259=CARTESIAN_POINT('',(-1.21E1,-6.9E0,9.607911277729E0));
#5260=DIRECTION('',(0.E0,0.E0,-1.E0));
#5261=DIRECTION('',(0.E0,-1.E0,0.E0));
#5262=AXIS2_PLACEMENT_3D('',#5259,#5260,#5261);
#5264=CURVE_STYLE('',#333,POSITIVE_LENGTH_MEASURE(2.E-2),#170);
#5265=PRESENTATION_STYLE_ASSIGNMENT((#5264));
#5266=STYLED_ITEM('',(#5265),#5263);
#5267=DIRECTION('',(0.E0,0.E0,-1.E0));
#5268=VECTOR('',#5267,7.E-1);
#5269=CARTESIAN_POINT('',(-1.16E1,-5.9E0,9.607911277729E0));
#5270=LINE('',#5269,#5268);
#5271=CURVE_STYLE('',#333,POSITIVE_LENGTH_MEASURE(2.E-2),#170);
#5272=PRESENTATION_STYLE_ASSIGNMENT((#5271));
#5273=STYLED_ITEM('',(#5272),#5270);
#5274=DIRECTION('',(0.E0,0.E0,1.E0));
#5275=VECTOR('',#5274,7.E-1);
#5276=CARTESIAN_POINT('',(-1.11E1,-6.4E0,8.907911277729E0));
#5277=LINE('',#5276,#5275);
#5278=CURVE_STYLE('',#333,POSITIVE_LENGTH_MEASURE(2.E-2),#170);
#5279=PRESENTATION_STYLE_ASSIGNMENT((#5278));
#5280=STYLED_ITEM('',(#5279),#5277);
#5281=DIRECTION('',(1.E0,0.E0,0.E0));
#5282=VECTOR('',#5281,7.6E0);
#5283=CARTESIAN_POINT('',(-1.11E1,-6.4E0,8.907911277729E0));
#5284=LINE('',#5283,#5282);
#5285=CURVE_STYLE('',#333,POSITIVE_LENGTH_MEASURE(2.E-2),#170);
#5286=PRESENTATION_STYLE_ASSIGNMENT((#5285));
#5287=STYLED_ITEM('',(#5286),#5284);
#5288=DIRECTION('',(-1.E0,0.E0,0.E0));
#5289=VECTOR('',#5288,7.6E0);
#5290=CARTESIAN_POINT('',(-3.5E0,-6.4E0,9.607911277729E0));
#5291=LINE('',#5290,#5289);
#5292=CURVE_STYLE('',#333,POSITIVE_LENGTH_MEASURE(2.E-2),#170);
#5293=PRESENTATION_STYLE_ASSIGNMENT((#5292));
#5294=STYLED_ITEM('',(#5293),#5291);
#5295=DIRECTION('',(0.E0,0.E0,1.E0));
#5296=VECTOR('',#5295,7.E-1);
#5297=CARTESIAN_POINT('',(-3.5E0,-7.4E0,8.907911277729E0));
#5298=LINE('',#5297,#5296);
#5299=CURVE_STYLE('',#333,POSITIVE_LENGTH_MEASURE(2.E-2),#170);
#5300=PRESENTATION_STYLE_ASSIGNMENT((#5299));
#5301=STYLED_ITEM('',(#5300),#5298);
#5302=DIRECTION('',(0.E0,0.E0,-1.E0));
#5303=VECTOR('',#5302,7.E-1);
#5304=CARTESIAN_POINT('',(-3.5E0,-6.4E0,9.607911277729E0));
#5305=LINE('',#5304,#5303);
#5306=CURVE_STYLE('',#333,POSITIVE_LENGTH_MEASURE(2.E-2),#170);
#5307=PRESENTATION_STYLE_ASSIGNMENT((#5306));
#5308=STYLED_ITEM('',(#5307),#5305);
#5309=DIRECTION('',(-1.E0,0.E0,0.E0));
#5310=VECTOR('',#5309,8.6E0);
#5311=CARTESIAN_POINT('',(-3.5E0,-7.4E0,8.907911277729E0));
#5312=LINE('',#5311,#5310);
#5313=CURVE_STYLE('',#333,POSITIVE_LENGTH_MEASURE(2.E-2),#170);
#5314=PRESENTATION_STYLE_ASSIGNMENT((#5313));
#5315=STYLED_ITEM('',(#5314),#5312);
#5316=DIRECTION('',(0.E0,0.E0,1.E0));
#5317=VECTOR('',#5316,7.E-1);
#5318=CARTESIAN_POINT('',(-1.26E1,-6.9E0,8.907911277729E0));
#5319=LINE('',#5318,#5317);
#5320=CURVE_STYLE('',#333,POSITIVE_LENGTH_MEASURE(2.E-2),#170);
#5321=PRESENTATION_STYLE_ASSIGNMENT((#5320));
#5322=STYLED_ITEM('',(#5321),#5319);
#5323=DIRECTION('',(0.E0,0.E0,-1.E0));
#5324=VECTOR('',#5323,7.E-1);
#5325=CARTESIAN_POINT('',(-1.21E1,-7.4E0,9.607911277729E0));
#5326=LINE('',#5325,#5324);
#5327=CURVE_STYLE('',#333,POSITIVE_LENGTH_MEASURE(2.E-2),#170);
#5328=PRESENTATION_STYLE_ASSIGNMENT((#5327));
#5329=STYLED_ITEM('',(#5328),#5326);
#5330=DIRECTION('',(0.E0,1.E0,0.E0));
#5331=VECTOR('',#5330,5.7E0);
#5332=CARTESIAN_POINT('',(-1.26E1,-6.9E0,8.907911277729E0));
#5333=LINE('',#5332,#5331);
#5334=CURVE_STYLE('',#333,POSITIVE_LENGTH_MEASURE(2.E-2),#170);
#5335=PRESENTATION_STYLE_ASSIGNMENT((#5334));
#5336=STYLED_ITEM('',(#5335),#5333);
#5337=DIRECTION('',(0.E0,0.E0,1.E0));
#5338=VECTOR('',#5337,7.E-1);
#5339=CARTESIAN_POINT('',(-1.26E1,-1.2E0,8.907911277729E0));
#5340=LINE('',#5339,#5338);
#5341=CURVE_STYLE('',#333,POSITIVE_LENGTH_MEASURE(2.E-2),#170);
#5342=PRESENTATION_STYLE_ASSIGNMENT((#5341));
#5343=STYLED_ITEM('',(#5342),#5340);
#5344=DIRECTION('',(0.E0,-1.E0,0.E0));
#5345=VECTOR('',#5344,5.7E0);
#5346=CARTESIAN_POINT('',(-1.26E1,-1.2E0,9.607911277729E0));
#5347=LINE('',#5346,#5345);
#5348=CURVE_STYLE('',#333,POSITIVE_LENGTH_MEASURE(2.E-2),#170);
#5349=PRESENTATION_STYLE_ASSIGNMENT((#5348));
#5350=STYLED_ITEM('',(#5349),#5347);
#5351=CARTESIAN_POINT('',(9.7E0,5.E-1,8.907911277729E0));
#5352=CARTESIAN_POINT('',(1.12E1,2.E0,8.907911277729E0));
#5353=VERTEX_POINT('',#5351);
#5354=VERTEX_POINT('',#5352);
#5355=CARTESIAN_POINT('',(9.699999960118E0,5.000277070242E-1,1.050791126905E1));
#5356=VERTEX_POINT('',#5355);
#5357=CARTESIAN_POINT('',(1.119992573762E1,2.000000020369E0,1.050791126760E1));
#5358=VERTEX_POINT('',#5357);
#5359=CARTESIAN_POINT('',(-1.28E1,-9.6E0,8.907911277730E0));
#5360=CARTESIAN_POINT('',(-1.279999999999E1,1.171649360982E1,8.907911277731E0));
#5361=VERTEX_POINT('',#5359);
#5362=VERTEX_POINT('',#5360);
#5363=CARTESIAN_POINT('',(-1.196488539809E1,1.740623190276E1,8.907911277729E0));
#5364=VERTEX_POINT('',#5363);
#5365=CARTESIAN_POINT('',(-4.104814537940E0,4.360475873226E1,8.907942004981E0));
#5366=VERTEX_POINT('',#5365);
#5367=CARTESIAN_POINT('',(-3.511162036041E0,4.38E1,8.907911277729E0));
#5368=VERTEX_POINT('',#5367);
#5369=CARTESIAN_POINT('',(-2.789783565545E0,4.38E1,8.907911277729E0));
#5370=VERTEX_POINT('',#5369);
#5371=CARTESIAN_POINT('',(-4.186358863484E0,3.914497210399E1,8.907911277729E0));
#5372=VERTEX_POINT('',#5371);
#5373=CARTESIAN_POINT('',(-3.994794364517E0,3.88875E1,8.907911277729E0));
#5374=VERTEX_POINT('',#5373);
#5375=CARTESIAN_POINT('',(3.994794364512E0,3.88875E1,8.907911277729E0));
#5376=VERTEX_POINT('',#5375);
#5377=CARTESIAN_POINT('',(4.186358863479E0,3.914497210398E1,8.907911277729E0));
#5378=VERTEX_POINT('',#5377);
#5379=CARTESIAN_POINT('',(2.789783565536E0,4.38E1,8.907911277729E0));
#5380=VERTEX_POINT('',#5379);
#5381=CARTESIAN_POINT('',(3.511162036041E0,4.38E1,8.907911277729E0));
#5382=VERTEX_POINT('',#5381);
#5383=CARTESIAN_POINT('',(4.104796770198E0,4.360473461613E1,8.907911277729E0));
#5384=VERTEX_POINT('',#5383);
#5385=CARTESIAN_POINT('',(1.196488539781E1,1.740623190368E1,8.907911277730E0));
#5386=VERTEX_POINT('',#5385);
#5387=CARTESIAN_POINT('',(1.28E1,1.171649361076E1,8.907911277729E0));
#5388=VERTEX_POINT('',#5387);
#5389=CARTESIAN_POINT('',(1.28E1,-9.6E0,8.907911277729E0));
#5390=VERTEX_POINT('',#5389);
#5391=CARTESIAN_POINT('',(9.5E0,-9.6E0,8.907911277729E0));
#5392=VERTEX_POINT('',#5391);
#5393=CARTESIAN_POINT('',(9.5E0,-1.66E1,8.907911277729E0));
#5394=VERTEX_POINT('',#5393);
#5395=CARTESIAN_POINT('',(6.E0,-1.66E1,8.907911277729E0));
#5396=VERTEX_POINT('',#5395);
#5397=CARTESIAN_POINT('',(6.E0,-9.6E0,8.907911277729E0));
#5398=VERTEX_POINT('',#5397);
#5399=CARTESIAN_POINT('',(-6.E0,-9.6E0,8.907911277729E0));
#5400=VERTEX_POINT('',#5399);
#5401=CARTESIAN_POINT('',(-6.E0,-1.66E1,8.907911277729E0));
#5402=VERTEX_POINT('',#5401);
#5403=CARTESIAN_POINT('',(-9.5E0,-1.66E1,8.907911277729E0));
#5404=VERTEX_POINT('',#5403);
#5405=CARTESIAN_POINT('',(-9.5E0,-9.6E0,8.907911277729E0));
#5406=VERTEX_POINT('',#5405);
#5407=CARTESIAN_POINT('',(1.26E1,-1.2E0,8.907911277729E0));
#5408=CARTESIAN_POINT('',(1.26E1,-6.9E0,8.907911277729E0));
#5409=VERTEX_POINT('',#5407);
#5410=VERTEX_POINT('',#5408);
#5411=CARTESIAN_POINT('',(1.16E1,-1.2E0,8.907911277729E0));
#5412=VERTEX_POINT('',#5411);
#5413=CARTESIAN_POINT('',(1.16E1,-5.9E0,8.907911277729E0));
#5414=VERTEX_POINT('',#5413);
#5415=CARTESIAN_POINT('',(1.11E1,-6.4E0,8.907911277729E0));
#5416=VERTEX_POINT('',#5415);
#5417=CARTESIAN_POINT('',(3.5E0,-6.4E0,8.907911277729E0));
#5418=VERTEX_POINT('',#5417);
#5419=CARTESIAN_POINT('',(3.5E0,-7.4E0,8.907911277729E0));
#5420=VERTEX_POINT('',#5419);
#5421=CARTESIAN_POINT('',(1.21E1,-7.4E0,8.907911277729E0));
#5422=VERTEX_POINT('',#5421);
#5423=CARTESIAN_POINT('',(7.1E0,-1.485650434139E0,8.907911277729E0));
#5424=CARTESIAN_POINT('',(6.6E0,-9.856504341390E-1,8.907911277729E0));
#5425=VERTEX_POINT('',#5423);
#5426=VERTEX_POINT('',#5424);
#5427=CARTESIAN_POINT('',(6.6E0,-1.856504341390E-1,8.907911277729E0));
#5428=VERTEX_POINT('',#5427);
#5429=CARTESIAN_POINT('',(6.1E0,3.143495658610E-1,8.907911277729E0));
#5430=VERTEX_POINT('',#5429);
#5431=CARTESIAN_POINT('',(-6.1E0,3.143495658610E-1,8.907911277729E0));
#5432=VERTEX_POINT('',#5431);
#5433=CARTESIAN_POINT('',(-6.6E0,-1.856504341390E-1,8.907911277729E0));
#5434=VERTEX_POINT('',#5433);
#5435=CARTESIAN_POINT('',(-6.6E0,-9.856504341390E-1,8.907911277729E0));
#5436=VERTEX_POINT('',#5435);
#5437=CARTESIAN_POINT('',(-7.1E0,-1.485650434139E0,8.907911277729E0));
#5438=VERTEX_POINT('',#5437);
#5439=CARTESIAN_POINT('',(-1.095E1,-1.485650434139E0,8.907911277729E0));
#5440=VERTEX_POINT('',#5439);
#5441=CARTESIAN_POINT('',(-1.145E1,-1.985650434139E0,8.907911277729E0));
#5442=VERTEX_POINT('',#5441);
#5443=CARTESIAN_POINT('',(-1.145E1,-5.835650434139E0,8.907911277729E0));
#5444=VERTEX_POINT('',#5443);
#5445=CARTESIAN_POINT('',(-1.105E1,-6.235650434139E0,8.907911277729E0));
#5446=VERTEX_POINT('',#5445);
#5447=CARTESIAN_POINT('',(1.105E1,-6.235650434139E0,8.907911277729E0));
#5448=VERTEX_POINT('',#5447);
#5449=CARTESIAN_POINT('',(1.145E1,-5.835650434139E0,8.907911277729E0));
#5450=VERTEX_POINT('',#5449);
#5451=CARTESIAN_POINT('',(1.145E1,-1.985650434139E0,8.907911277729E0));
#5452=VERTEX_POINT('',#5451);
#5453=CARTESIAN_POINT('',(1.095E1,-1.485650434139E0,8.907911277729E0));
#5454=VERTEX_POINT('',#5453);
#5455=CARTESIAN_POINT('',(4.178819277321E0,3.798735400497E1,8.907911277729E0));
#5456=CARTESIAN_POINT('',(3.220994827960E0,3.87E1,8.907911277729E0));
#5457=VERTEX_POINT('',#5455);
#5458=VERTEX_POINT('',#5456);
#5459=CARTESIAN_POINT('',(-3.220988266387E0,3.869999999999E1,8.907911277729E0));
#5460=VERTEX_POINT('',#5459);
#5461=CARTESIAN_POINT('',(-4.178817322780E0,3.798736051987E1,8.907911277729E0));
#5462=VERTEX_POINT('',#5461);
#5463=CARTESIAN_POINT('',(-1.047454691133E1,1.700260094143E1,8.907911277729E0));
#5464=VERTEX_POINT('',#5463);
#5465=CARTESIAN_POINT('',(-1.12E1,1.206E1,8.907911277729E0));
#5466=VERTEX_POINT('',#5465);
#5467=CARTESIAN_POINT('',(-1.12E1,2.E0,8.907911277729E0));
#5468=VERTEX_POINT('',#5467);
#5469=CARTESIAN_POINT('',(-9.7E0,5.E-1,8.907911277729E0));
#5470=VERTEX_POINT('',#5469);
#5471=CARTESIAN_POINT('',(1.12E1,1.206E1,8.907911277729E0));
#5472=VERTEX_POINT('',#5471);
#5473=CARTESIAN_POINT('',(1.047454691133E1,1.700260094146E1,8.907911277729E0));
#5474=VERTEX_POINT('',#5473);
#5475=CARTESIAN_POINT('',(-1.16E1,-5.9E0,8.907911277729E0));
#5476=CARTESIAN_POINT('',(-1.16E1,-1.2E0,8.907911277729E0));
#5477=VERTEX_POINT('',#5475);
#5478=VERTEX_POINT('',#5476);
#5479=CARTESIAN_POINT('',(-1.26E1,-1.2E0,8.907911277729E0));
#5480=VERTEX_POINT('',#5479);
#5481=CARTESIAN_POINT('',(-1.26E1,-6.9E0,8.907911277729E0));
#5482=VERTEX_POINT('',#5481);
#5483=CARTESIAN_POINT('',(-1.21E1,-7.4E0,8.907911277729E0));
#5484=VERTEX_POINT('',#5483);
#5485=CARTESIAN_POINT('',(-3.5E0,-7.4E0,8.907911277729E0));
#5486=VERTEX_POINT('',#5485);
#5487=CARTESIAN_POINT('',(-3.5E0,-6.4E0,8.907911277729E0));
#5488=VERTEX_POINT('',#5487);
#5489=CARTESIAN_POINT('',(-1.11E1,-6.4E0,8.907911277729E0));
#5490=VERTEX_POINT('',#5489);
#5491=CARTESIAN_POINT('',(7.1E0,-1.485650434139E0,9.407911277729E0));
#5492=VERTEX_POINT('',#5491);
#5493=CARTESIAN_POINT('',(6.6E0,-9.856504341390E-1,9.407911277729E0));
#5494=VERTEX_POINT('',#5493);
#5495=CARTESIAN_POINT('',(1.095E1,-1.485650434139E0,9.407911277729E0));
#5496=VERTEX_POINT('',#5495);
#5497=CARTESIAN_POINT('',(1.145E1,-1.985650434139E0,9.407911277729E0));
#5498=VERTEX_POINT('',#5497);
#5499=CARTESIAN_POINT('',(1.145E1,-5.835650434139E0,9.407911277729E0));
#5500=VERTEX_POINT('',#5499);
#5501=CARTESIAN_POINT('',(1.105E1,-6.235650434139E0,9.407911277729E0));
#5502=VERTEX_POINT('',#5501);
#5503=CARTESIAN_POINT('',(-1.105E1,-6.235650434139E0,9.407911277729E0));
#5504=VERTEX_POINT('',#5503);
#5505=CARTESIAN_POINT('',(-1.145E1,-5.835650434139E0,9.407911277729E0));
#5506=VERTEX_POINT('',#5505);
#5507=CARTESIAN_POINT('',(-1.145E1,-1.985650434139E0,9.407911277729E0));
#5508=VERTEX_POINT('',#5507);
#5509=CARTESIAN_POINT('',(-1.095E1,-1.485650434139E0,9.407911277729E0));
#5510=VERTEX_POINT('',#5509);
#5511=CARTESIAN_POINT('',(-7.1E0,-1.485650434139E0,9.407911277729E0));
#5512=VERTEX_POINT('',#5511);
#5513=CARTESIAN_POINT('',(-6.6E0,-9.856504341390E-1,9.407911277729E0));
#5514=VERTEX_POINT('',#5513);
#5515=CARTESIAN_POINT('',(-6.6E0,-1.856504341390E-1,9.407911277729E0));
#5516=VERTEX_POINT('',#5515);
#5517=CARTESIAN_POINT('',(-6.1E0,3.143495658610E-1,9.407911277729E0));
#5518=VERTEX_POINT('',#5517);
#5519=CARTESIAN_POINT('',(6.1E0,3.143495658610E-1,9.407911277729E0));
#5520=VERTEX_POINT('',#5519);
#5521=CARTESIAN_POINT('',(6.6E0,-1.856504341390E-1,9.407911277729E0));
#5522=VERTEX_POINT('',#5521);
#5523=CARTESIAN_POINT('',(-8.450916336028E0,-2.310997355955E0,
9.407911277729E0));
#5524=CARTESIAN_POINT('',(-9.109083663972E0,-4.889002644045E0,
9.407911277729E0));
#5525=VERTEX_POINT('',#5523);
#5526=VERTEX_POINT('',#5524);
#5527=CARTESIAN_POINT('',(9.109083663972E0,-2.310997355955E0,9.407911277729E0));
#5528=CARTESIAN_POINT('',(8.450916336028E0,-4.889002644045E0,9.407911277729E0));
#5529=VERTEX_POINT('',#5527);
#5530=VERTEX_POINT('',#5528);
#5531=CARTESIAN_POINT('',(-8.408949895313E0,-2.146617111766E0,
9.577564001922E0));
#5532=VERTEX_POINT('',#5531);
#5533=CARTESIAN_POINT('',(-9.151050104687E0,-5.053382888234E0,
9.577564001922E0));
#5534=VERTEX_POINT('',#5533);
#5535=CARTESIAN_POINT('',(-8.408949895313E0,-2.146617111766E0,
9.977564001922E0));
#5536=VERTEX_POINT('',#5535);
#5537=CARTESIAN_POINT('',(-9.151050104687E0,-5.053382888234E0,
9.977564001922E0));
#5538=VERTEX_POINT('',#5537);
#5539=CARTESIAN_POINT('',(-8.592775641172E0,-4.267043506423E0,
9.977564001922E0));
#5540=CARTESIAN_POINT('',(-8.108711198594E0,-3.771380702259E0,
9.977564001922E0));
#5541=VERTEX_POINT('',#5539);
#5542=VERTEX_POINT('',#5540);
#5543=CARTESIAN_POINT('',(-8.295935557422E0,-3.104337195836E0,
9.977564001922E0));
#5544=VERTEX_POINT('',#5543);
#5545=CARTESIAN_POINT('',(-8.967224358828E0,-2.932956493577E0,
9.977564001922E0));
#5546=VERTEX_POINT('',#5545);
#5547=CARTESIAN_POINT('',(-9.451288801406E0,-3.428619297741E0,
9.977564001922E0));
#5548=VERTEX_POINT('',#5547);
#5549=CARTESIAN_POINT('',(-9.264064442578E0,-4.095662804164E0,
9.977564001922E0));
#5550=VERTEX_POINT('',#5549);
#5551=CARTESIAN_POINT('',(-8.592775641172E0,-4.267043506423E0,
9.577564001922E0));
#5552=VERTEX_POINT('',#5551);
#5553=CARTESIAN_POINT('',(-8.108711198594E0,-3.771380702259E0,
9.577564001922E0));
#5554=VERTEX_POINT('',#5553);
#5555=CARTESIAN_POINT('',(-9.264064442578E0,-4.095662804164E0,
9.577564001922E0));
#5556=VERTEX_POINT('',#5555);
#5557=CARTESIAN_POINT('',(-9.451288801406E0,-3.428619297741E0,
9.577564001922E0));
#5558=VERTEX_POINT('',#5557);
#5559=CARTESIAN_POINT('',(-8.967224358828E0,-2.932956493577E0,
9.577564001922E0));
#5560=VERTEX_POINT('',#5559);
#5561=CARTESIAN_POINT('',(-8.295935557422E0,-3.104337195836E0,
9.577564001922E0));
#5562=VERTEX_POINT('',#5561);
#5563=CARTESIAN_POINT('',(-8.78E0,-3.6E0,9.377564001922E0));
#5564=VERTEX_POINT('',#5563);
#5565=CARTESIAN_POINT('',(9.151050104687E0,-2.146617111766E0,9.577564001922E0));
#5566=VERTEX_POINT('',#5565);
#5567=CARTESIAN_POINT('',(8.408949895313E0,-5.053382888234E0,9.577564001922E0));
#5568=VERTEX_POINT('',#5567);
#5569=CARTESIAN_POINT('',(9.151050104687E0,-2.146617111766E0,9.977564001922E0));
#5570=VERTEX_POINT('',#5569);
#5571=CARTESIAN_POINT('',(8.408949895313E0,-5.053382888234E0,9.977564001922E0));
#5572=VERTEX_POINT('',#5571);
#5573=CARTESIAN_POINT('',(8.967224358828E0,-4.267043506423E0,9.977564001922E0));
#5574=CARTESIAN_POINT('',(9.451288801406E0,-3.771380702259E0,9.977564001922E0));
#5575=VERTEX_POINT('',#5573);
#5576=VERTEX_POINT('',#5574);
#5577=CARTESIAN_POINT('',(9.264064442578E0,-3.104337195836E0,9.977564001922E0));
#5578=VERTEX_POINT('',#5577);
#5579=CARTESIAN_POINT('',(8.592775641172E0,-2.932956493577E0,9.977564001922E0));
#5580=VERTEX_POINT('',#5579);
#5581=CARTESIAN_POINT('',(8.108711198594E0,-3.428619297741E0,9.977564001922E0));
#5582=VERTEX_POINT('',#5581);
#5583=CARTESIAN_POINT('',(8.295935557422E0,-4.095662804164E0,9.977564001922E0));
#5584=VERTEX_POINT('',#5583);
#5585=CARTESIAN_POINT('',(8.967224358828E0,-4.267043506423E0,9.577564001922E0));
#5586=VERTEX_POINT('',#5585);
#5587=CARTESIAN_POINT('',(9.451288801406E0,-3.771380702259E0,9.577564001922E0));
#5588=VERTEX_POINT('',#5587);
#5589=CARTESIAN_POINT('',(8.295935557422E0,-4.095662804164E0,9.577564001922E0));
#5590=VERTEX_POINT('',#5589);
#5591=CARTESIAN_POINT('',(8.108711198594E0,-3.428619297741E0,9.577564001922E0));
#5592=VERTEX_POINT('',#5591);
#5593=CARTESIAN_POINT('',(8.592775641172E0,-2.932956493577E0,9.577564001922E0));
#5594=VERTEX_POINT('',#5593);
#5595=CARTESIAN_POINT('',(9.264064442578E0,-3.104337195836E0,9.577564001922E0));
#5596=VERTEX_POINT('',#5595);
#5597=CARTESIAN_POINT('',(8.78E0,-3.6E0,9.377564001922E0));
#5598=VERTEX_POINT('',#5597);
#5599=CARTESIAN_POINT('',(1.26E1,-6.9E0,9.607911277729E0));
#5600=VERTEX_POINT('',#5599);
#5601=CARTESIAN_POINT('',(1.26E1,-1.2E0,9.607911277729E0));
#5602=VERTEX_POINT('',#5601);
#5603=CARTESIAN_POINT('',(1.21E1,-7.4E0,9.607911277729E0));
#5604=VERTEX_POINT('',#5603);
#5605=CARTESIAN_POINT('',(3.5E0,-7.4E0,9.607911277729E0));
#5606=VERTEX_POINT('',#5605);
#5607=CARTESIAN_POINT('',(3.5E0,-6.4E0,9.607911277729E0));
#5608=VERTEX_POINT('',#5607);
#5609=CARTESIAN_POINT('',(1.11E1,-6.4E0,9.607911277729E0));
#5610=VERTEX_POINT('',#5609);
#5611=CARTESIAN_POINT('',(1.16E1,-5.9E0,9.607911277729E0));
#5612=VERTEX_POINT('',#5611);
#5613=CARTESIAN_POINT('',(1.16E1,-1.2E0,9.607911277729E0));
#5614=VERTEX_POINT('',#5613);
#5615=CARTESIAN_POINT('',(-1.16E1,-1.2E0,9.607911277729E0));
#5616=VERTEX_POINT('',#5615);
#5617=CARTESIAN_POINT('',(-1.26E1,-1.2E0,9.607911277729E0));
#5618=VERTEX_POINT('',#5617);
#5619=CARTESIAN_POINT('',(-1.16E1,-5.9E0,9.607911277729E0));
#5620=VERTEX_POINT('',#5619);
#5621=CARTESIAN_POINT('',(-1.11E1,-6.4E0,9.607911277729E0));
#5622=VERTEX_POINT('',#5621);
#5623=CARTESIAN_POINT('',(-3.5E0,-6.4E0,9.607911277729E0));
#5624=VERTEX_POINT('',#5623);
#5625=CARTESIAN_POINT('',(-3.5E0,-7.4E0,9.607911277729E0));
#5626=VERTEX_POINT('',#5625);
#5627=CARTESIAN_POINT('',(-1.21E1,-7.4E0,9.607911277729E0));
#5628=VERTEX_POINT('',#5627);
#5629=CARTESIAN_POINT('',(-1.26E1,-6.9E0,9.607911277729E0));
#5630=VERTEX_POINT('',#5629);
#5631=CARTESIAN_POINT('',(-1.3E1,-9.6E0,8.707911277729E0));
#5632=CARTESIAN_POINT('',(-1.3E1,1.171649360959E1,8.707911277730E0));
#5633=VERTEX_POINT('',#5631);
#5634=VERTEX_POINT('',#5632);
#5635=CARTESIAN_POINT('',(-1.3E1,3.470445091698E0,-1.009208872227E1));
#5636=CARTESIAN_POINT('',(-1.3E1,-9.6E0,-1.009208872227E1));
#5637=VERTEX_POINT('',#5635);
#5638=VERTEX_POINT('',#5636);
#5639=CARTESIAN_POINT('',(-1.3E1,5.017845396939E0,-9.780659217100E0));
#5640=VERTEX_POINT('',#5639);
#5641=CARTESIAN_POINT('',(-1.300003425665E1,1.171646518076E1,
-6.970510192020E0));
#5642=VERTEX_POINT('',#5641);
#5643=CARTESIAN_POINT('',(-1.299999999983E1,-2.402570311164E0,
-5.834887366949E0));
#5644=CARTESIAN_POINT('',(-1.300000000021E1,-4.997429688398E0,
-6.149290077812E0));
#5645=VERTEX_POINT('',#5643);
#5646=VERTEX_POINT('',#5644);
#5647=CARTESIAN_POINT('',(-1.3E1,-2.402570311196E0,3.165112633156E0));
#5648=CARTESIAN_POINT('',(-1.3E1,-4.997429688390E0,2.850709922302E0));
#5649=VERTEX_POINT('',#5647);
#5650=VERTEX_POINT('',#5648);
#5651=CARTESIAN_POINT('',(-1.319308146275E1,-2.210890711472E0,
3.188337238813E0));
#5652=VERTEX_POINT('',#5651);
#5653=CARTESIAN_POINT('',(-1.319308146275E1,-5.189109288113E0,
2.827485316646E0));
#5654=VERTEX_POINT('',#5653);
#5655=CARTESIAN_POINT('',(-1.359308146275E1,-2.210890711471E0,
3.188337238813E0));
#5656=VERTEX_POINT('',#5655);
#5657=CARTESIAN_POINT('',(-1.359308146275E1,-5.189109288115E0,
2.827485316645E0));
#5658=VERTEX_POINT('',#5657);
#5659=CARTESIAN_POINT('',(-1.359308146275E1,-4.337311306002E0,
3.279635952682E0));
#5660=CARTESIAN_POINT('',(-1.359308146275E1,-3.783335181553E0,
3.695701396501E0));
#5661=VERTEX_POINT('',#5659);
#5662=VERTEX_POINT('',#5660);
#5663=CARTESIAN_POINT('',(-1.359308146275E1,-3.146023875344E0,
3.423976721549E0));
#5664=VERTEX_POINT('',#5663);
#5665=CARTESIAN_POINT('',(-1.359308146275E1,-3.062688693584E0,
2.736186602776E0));
#5666=VERTEX_POINT('',#5665);
#5667=CARTESIAN_POINT('',(-1.359308146275E1,-3.616664818033E0,
2.320121158957E0));
#5668=VERTEX_POINT('',#5667);
#5669=CARTESIAN_POINT('',(-1.359308146275E1,-4.253976124242E0,
2.591845833909E0));
#5670=VERTEX_POINT('',#5669);
#5671=CARTESIAN_POINT('',(-1.319308146275E1,-4.337311306002E0,
3.279635952682E0));
#5672=VERTEX_POINT('',#5671);
#5673=CARTESIAN_POINT('',(-1.319308146275E1,-3.783335181553E0,
3.695701396502E0));
#5674=VERTEX_POINT('',#5673);
#5675=CARTESIAN_POINT('',(-1.319308146275E1,-4.253976124242E0,
2.591845833909E0));
#5676=VERTEX_POINT('',#5675);
#5677=CARTESIAN_POINT('',(-1.319308146275E1,-3.616664818033E0,
2.320121158956E0));
#5678=VERTEX_POINT('',#5677);
#5679=CARTESIAN_POINT('',(-1.319308146275E1,-3.062688693584E0,
2.736186602776E0));
#5680=VERTEX_POINT('',#5679);
#5681=CARTESIAN_POINT('',(-1.319308146275E1,-3.146023875344E0,
3.423976721549E0));
#5682=VERTEX_POINT('',#5681);
#5683=CARTESIAN_POINT('',(-1.299308146275E1,-3.699999999793E0,
3.007911277729E0));
#5684=VERTEX_POINT('',#5683);
#5685=CARTESIAN_POINT('',(-1.319308146253E1,-2.210890711444E0,
-5.811662761185E0));
#5686=VERTEX_POINT('',#5685);
#5687=CARTESIAN_POINT('',(-1.319308146297E1,-5.189109288087E0,
-6.172514683357E0));
#5688=VERTEX_POINT('',#5687);
#5689=CARTESIAN_POINT('',(-1.359308146253E1,-2.210890711385E0,
-5.811662761185E0));
#5690=VERTEX_POINT('',#5689);
#5691=CARTESIAN_POINT('',(-1.359308146297E1,-5.189109288028E0,
-6.172514683357E0));
#5692=VERTEX_POINT('',#5691);
#5693=CARTESIAN_POINT('',(-1.359308146284E1,-4.337311305916E0,
-5.720364047319E0));
#5694=CARTESIAN_POINT('',(-1.359308146276E1,-3.783335181468E0,
-5.304298603499E0));
#5695=VERTEX_POINT('',#5693);
#5696=VERTEX_POINT('',#5694);
#5697=CARTESIAN_POINT('',(-1.359308146267E1,-3.146023875258E0,
-5.576023278451E0));
#5698=VERTEX_POINT('',#5697);
#5699=CARTESIAN_POINT('',(-1.359308146266E1,-3.062688693497E0,
-6.263813397223E0));
#5700=VERTEX_POINT('',#5699);
#5701=CARTESIAN_POINT('',(-1.359308146274E1,-3.616664817945E0,
-6.679878841043E0));
#5702=VERTEX_POINT('',#5701);
#5703=CARTESIAN_POINT('',(-1.359308146283E1,-4.253976124154E0,
-6.408154166091E0));
#5704=VERTEX_POINT('',#5703);
#5705=CARTESIAN_POINT('',(-1.319308146284E1,-4.337311305975E0,
-5.720364047319E0));
#5706=VERTEX_POINT('',#5705);
#5707=CARTESIAN_POINT('',(-1.319308146276E1,-3.783335181527E0,
-5.304298603498E0));
#5708=VERTEX_POINT('',#5707);
#5709=CARTESIAN_POINT('',(-1.319308146283E1,-4.253976124213E0,
-6.408154166091E0));
#5710=VERTEX_POINT('',#5709);
#5711=CARTESIAN_POINT('',(-1.319308146274E1,-3.616664818004E0,
-6.679878841044E0));
#5712=VERTEX_POINT('',#5711);
#5713=CARTESIAN_POINT('',(-1.319308146266E1,-3.062688693555E0,
-6.263813397223E0));
#5714=VERTEX_POINT('',#5713);
#5715=CARTESIAN_POINT('',(-1.319308146267E1,-3.146023875317E0,
-5.576023278450E0));
#5716=VERTEX_POINT('',#5715);
#5717=CARTESIAN_POINT('',(-1.299308146275E1,-3.699999999795E0,
-5.992088722271E0));
#5718=VERTEX_POINT('',#5717);
#5719=CARTESIAN_POINT('',(-1.2E1,-9.6E0,-1.109208872227E1));
#5720=CARTESIAN_POINT('',(-1.2E1,3.470445091693E0,-1.109208872227E1));
#5721=VERTEX_POINT('',#5719);
#5722=VERTEX_POINT('',#5720);
#5723=CARTESIAN_POINT('',(1.2E1,3.470445091693E0,-1.109208872227E1));
#5724=CARTESIAN_POINT('',(1.2E1,-9.6E0,-1.109208872227E1));
#5725=VERTEX_POINT('',#5723);
#5726=VERTEX_POINT('',#5724);
#5727=CARTESIAN_POINT('',(-9.5E0,-9.6E0,-1.109208872227E1));
#5728=VERTEX_POINT('',#5727);
#5729=CARTESIAN_POINT('',(-9.5E0,-1.66E1,-1.109208872227E1));
#5730=VERTEX_POINT('',#5729);
#5731=CARTESIAN_POINT('',(-6.E0,-1.66E1,-1.109208872227E1));
#5732=VERTEX_POINT('',#5731);
#5733=CARTESIAN_POINT('',(-6.E0,-9.6E0,-1.109208872227E1));
#5734=VERTEX_POINT('',#5733);
#5735=CARTESIAN_POINT('',(6.E0,-9.6E0,-1.109208872227E1));
#5736=VERTEX_POINT('',#5735);
#5737=CARTESIAN_POINT('',(6.E0,-1.66E1,-1.109208872227E1));
#5738=VERTEX_POINT('',#5737);
#5739=CARTESIAN_POINT('',(9.5E0,-1.66E1,-1.109208872227E1));
#5740=VERTEX_POINT('',#5739);
#5741=CARTESIAN_POINT('',(9.5E0,-9.6E0,-1.109208872227E1));
#5742=VERTEX_POINT('',#5741);
#5743=CARTESIAN_POINT('',(1.3E1,-9.6E0,-1.009208872227E1));
#5744=CARTESIAN_POINT('',(1.3E1,3.470445091698E0,-1.009208872227E1));
#5745=VERTEX_POINT('',#5743);
#5746=VERTEX_POINT('',#5744);
#5747=CARTESIAN_POINT('',(1.3E1,-9.6E0,8.707911277729E0));
#5748=CARTESIAN_POINT('',(1.3E1,1.171649375994E1,8.707911277731E0));
#5749=VERTEX_POINT('',#5747);
#5750=VERTEX_POINT('',#5748);
#5751=CARTESIAN_POINT('',(1.300003425640E1,1.171646425726E1,-6.970512082690E0));
#5752=VERTEX_POINT('',#5751);
#5753=CARTESIAN_POINT('',(1.3E1,5.017845597070E0,-9.780659694337E0));
#5754=VERTEX_POINT('',#5753);
#5755=CARTESIAN_POINT('',(1.3E1,-2.494005435566E0,3.154034016904E0));
#5756=CARTESIAN_POINT('',(1.3E1,-4.905994564020E0,2.861788538554E0));
#5757=VERTEX_POINT('',#5755);
#5758=VERTEX_POINT('',#5756);
#5759=CARTESIAN_POINT('',(1.300000000019E1,-2.494005439407E0,
-5.845965982989E0));
#5760=CARTESIAN_POINT('',(1.299999999984E1,-4.905994567877E0,
-6.138211461347E0));
#5761=VERTEX_POINT('',#5759);
#5762=VERTEX_POINT('',#5760);
#5763=CARTESIAN_POINT('',(1.328518530495E1,-2.210890715334E0,
-5.811662761324E0));
#5764=VERTEX_POINT('',#5763);
#5765=CARTESIAN_POINT('',(1.328518530451E1,-5.189109292009E0,
-6.172514683217E0));
#5766=VERTEX_POINT('',#5765);
#5767=CARTESIAN_POINT('',(1.368518530495E1,-2.210890715392E0,
-5.811662761324E0));
#5768=VERTEX_POINT('',#5767);
#5769=CARTESIAN_POINT('',(1.368518530451E1,-5.189109292069E0,
-6.172514683218E0));
#5770=VERTEX_POINT('',#5769);
#5771=CARTESIAN_POINT('',(1.368518530465E1,-4.253976128218E0,
-6.408154166040E0));
#5772=CARTESIAN_POINT('',(1.368518530474E1,-3.616664822034E0,
-6.679878841051E0));
#5773=VERTEX_POINT('',#5771);
#5774=VERTEX_POINT('',#5772);
#5775=CARTESIAN_POINT('',(1.368518530482E1,-3.062688697547E0,
-6.263813397282E0));
#5776=VERTEX_POINT('',#5775);
#5777=CARTESIAN_POINT('',(1.368518530481E1,-3.146023879244E0,
-5.576023278502E0));
#5778=VERTEX_POINT('',#5777);
#5779=CARTESIAN_POINT('',(1.368518530472E1,-3.783335185428E0,
-5.304298603491E0));
#5780=VERTEX_POINT('',#5779);
#5781=CARTESIAN_POINT('',(1.368518530464E1,-4.337311309915E0,
-5.720364047260E0));
#5782=VERTEX_POINT('',#5781);
#5783=CARTESIAN_POINT('',(1.328518530465E1,-4.253976128159E0,
-6.408154166040E0));
#5784=VERTEX_POINT('',#5783);
#5785=CARTESIAN_POINT('',(1.328518530474E1,-3.616664821975E0,
-6.679878841052E0));
#5786=VERTEX_POINT('',#5785);
#5787=CARTESIAN_POINT('',(1.328518530464E1,-4.337311309856E0,
-5.720364047260E0));
#5788=VERTEX_POINT('',#5787);
#5789=CARTESIAN_POINT('',(1.328518530472E1,-3.783335185369E0,
-5.304298603490E0));
#5790=VERTEX_POINT('',#5789);
#5791=CARTESIAN_POINT('',(1.328518530481E1,-3.146023879185E0,
-5.576023278502E0));
#5792=VERTEX_POINT('',#5791);
#5793=CARTESIAN_POINT('',(1.328518530482E1,-3.062688697488E0,
-6.263813397282E0));
#5794=VERTEX_POINT('',#5793);
#5795=CARTESIAN_POINT('',(1.308518530473E1,-3.700000003642E0,
-5.992088722271E0));
#5796=VERTEX_POINT('',#5795);
#5797=CARTESIAN_POINT('',(1.328518530473E1,-2.210890711453E0,3.188337238672E0));
#5798=VERTEX_POINT('',#5797);
#5799=CARTESIAN_POINT('',(1.328518530473E1,-5.189109288135E0,2.827485316786E0));
#5800=VERTEX_POINT('',#5799);
#5801=CARTESIAN_POINT('',(1.368518530473E1,-2.210890711454E0,3.188337238672E0));
#5802=VERTEX_POINT('',#5801);
#5803=CARTESIAN_POINT('',(1.368518530473E1,-5.189109288132E0,2.827485316786E0));
#5804=VERTEX_POINT('',#5803);
#5805=CARTESIAN_POINT('',(1.368518530473E1,-4.253976124281E0,2.591845833962E0));
#5806=CARTESIAN_POINT('',(1.368518530473E1,-3.616664818098E0,2.320121158949E0));
#5807=VERTEX_POINT('',#5805);
#5808=VERTEX_POINT('',#5806);
#5809=CARTESIAN_POINT('',(1.368518530473E1,-3.062688693610E0,2.736186602716E0));
#5810=VERTEX_POINT('',#5809);
#5811=CARTESIAN_POINT('',(1.368518530473E1,-3.146023875305E0,3.423976721496E0));
#5812=VERTEX_POINT('',#5811);
#5813=CARTESIAN_POINT('',(1.368518530473E1,-3.783335181488E0,3.695701396509E0));
#5814=VERTEX_POINT('',#5813);
#5815=CARTESIAN_POINT('',(1.368518530473E1,-4.337311305976E0,3.279635952742E0));
#5816=VERTEX_POINT('',#5815);
#5817=CARTESIAN_POINT('',(1.328518530473E1,-4.253976124281E0,2.591845833962E0));
#5818=VERTEX_POINT('',#5817);
#5819=CARTESIAN_POINT('',(1.328518530473E1,-3.616664818098E0,2.320121158948E0));
#5820=VERTEX_POINT('',#5819);
#5821=CARTESIAN_POINT('',(1.328518530473E1,-4.337311305976E0,3.279635952742E0));
#5822=VERTEX_POINT('',#5821);
#5823=CARTESIAN_POINT('',(1.328518530473E1,-3.783335181488E0,3.695701396510E0));
#5824=VERTEX_POINT('',#5823);
#5825=CARTESIAN_POINT('',(1.328518530473E1,-3.146023875305E0,3.423976721496E0));
#5826=VERTEX_POINT('',#5825);
#5827=CARTESIAN_POINT('',(1.328518530473E1,-3.062688693610E0,2.736186602716E0));
#5828=VERTEX_POINT('',#5827);
#5829=CARTESIAN_POINT('',(1.308518530473E1,-3.699999999793E0,3.007911277729E0));
#5830=VERTEX_POINT('',#5829);
#5831=CARTESIAN_POINT('',(1.215644989672E1,1.746370400786E1,8.707911277730E0));
#5832=VERTEX_POINT('',#5831);
#5833=CARTESIAN_POINT('',(4.468984530887E0,4.308736051985E1,8.707911277729E0));
#5834=VERTEX_POINT('',#5833);
#5835=CARTESIAN_POINT('',(4.468984582306E0,4.308736034846E1,6.069415842179E0));
#5836=CARTESIAN_POINT('',(1.215648866740E1,1.746371605697E1,-4.680022433937E0));
#5837=VERTEX_POINT('',#5835);
#5838=VERTEX_POINT('',#5836);
#5839=CARTESIAN_POINT('',(1.119867961510E1,1.756320655445E1,-5.602157281884E0));
#5840=CARTESIAN_POINT('',(3.511162036042E0,4.318685007629E1,5.147272773146E0));
#5841=VERTEX_POINT('',#5839);
#5842=VERTEX_POINT('',#5840);
#5843=CARTESIAN_POINT('',(-3.511162036040E0,4.318685007629E1,5.147272773149E0));
#5844=CARTESIAN_POINT('',(-1.119876254506E1,1.756322765970E1,
-5.602148425998E0));
#5845=VERTEX_POINT('',#5843);
#5846=VERTEX_POINT('',#5844);
#5847=CARTESIAN_POINT('',(-1.200026004129E1,1.210334454753E1,
-7.892639354438E0));
#5848=VERTEX_POINT('',#5847);
#5849=CARTESIAN_POINT('',(-1.199999058026E1,5.404695473080E0,
-1.070280184069E1));
#5850=VERTEX_POINT('',#5849);
#5851=CARTESIAN_POINT('',(1.2E1,5.404695473147E0,-1.070280184085E1));
#5852=VERTEX_POINT('',#5851);
#5853=CARTESIAN_POINT('',(1.200003976364E1,1.210342141512E1,-7.892605448877E0));
#5854=VERTEX_POINT('',#5853);
#5855=CARTESIAN_POINT('',(-1.215648916170E1,1.746371440991E1,
-4.680014233550E0));
#5856=CARTESIAN_POINT('',(-4.468984517626E0,4.308736056405E1,6.069415282034E0));
#5857=VERTEX_POINT('',#5855);
#5858=VERTEX_POINT('',#5856);
#5859=CARTESIAN_POINT('',(-1.215644989746E1,1.746370400541E1,8.707911277730E0));
#5860=CARTESIAN_POINT('',(-4.468984530887E0,4.308736051986E1,8.707911277727E0));
#5861=VERTEX_POINT('',#5859);
#5862=VERTEX_POINT('',#5860);
#5863=CARTESIAN_POINT('',(-3.511162036041E0,4.38E1,6.069415396865E0));
#5864=VERTEX_POINT('',#5863);
#5865=CARTESIAN_POINT('',(2.789783565536E0,4.38E1,7.905168379303E0));
#5866=VERTEX_POINT('',#5865);
#5867=CARTESIAN_POINT('',(-2.789783565545E0,4.38E1,7.905168379303E0));
#5868=VERTEX_POINT('',#5867);
#5869=CARTESIAN_POINT('',(3.511162036041E0,4.38E1,6.069415396865E0));
#5870=VERTEX_POINT('',#5869);
#5871=CARTESIAN_POINT('',(4.186358863481E0,3.914497210397E1,1.080791127771E1));
#5872=VERTEX_POINT('',#5871);
#5873=CARTESIAN_POINT('',(3.384941272177E0,4.181623605184E1,1.080791127773E1));
#5874=VERTEX_POINT('',#5873);
#5875=VERTEX_POINT('',#1242);
#5876=VERTEX_POINT('',#1633);
#5877=CARTESIAN_POINT('',(2.493518720509E0,4.478750148568E1,8.041825831788E0));
#5878=VERTEX_POINT('',#5877);
#5879=VERTEX_POINT('',#1730);
#5880=CARTESIAN_POINT('',(3.994794364512E0,3.88875E1,1.080791127773E1));
#5881=VERTEX_POINT('',#5880);
#5882=CARTESIAN_POINT('',(4.194794364511E0,3.90875E1,1.080791127773E1));
#5883=VERTEX_POINT('',#5882);
#5884=CARTESIAN_POINT('',(-3.994794364517E0,3.88875E1,1.080791127773E1));
#5885=VERTEX_POINT('',#5884);
#5886=CARTESIAN_POINT('',(-4.186358863489E0,3.914497210397E1,1.080791127772E1));
#5887=VERTEX_POINT('',#5886);
#5888=CARTESIAN_POINT('',(-4.194794364517E0,3.90875E1,1.080791127770E1));
#5889=VERTEX_POINT('',#5888);
#5890=VERTEX_POINT('',#1796);
#5891=VERTEX_POINT('',#1801);
#5892=CARTESIAN_POINT('',(-2.493513132201E0,4.478750649770E1,9.943232513658E0));
#5893=VERTEX_POINT('',#5892);
#5894=VERTEX_POINT('',#1928);
#5895=VERTEX_POINT('',#1818);
#5896=VERTEX_POINT('',#1740);
#5897=VERTEX_POINT('',#1757);
#5898=CARTESIAN_POINT('',(-1.096826457076E0,4.666898393887E1,9.407910775772E0));
#5899=VERTEX_POINT('',#5898);
#5900=VERTEX_POINT('',#1781);
#5901=VERTEX_POINT('',#1621);
#5902=VERTEX_POINT('',#1688);
#5903=CARTESIAN_POINT('',(1.404826908285E0,4.659870484387E1,1.049048694317E1));
#5904=VERTEX_POINT('',#5903);
#5905=VERTEX_POINT('',#1616);
#5906=VERTEX_POINT('',#1448);
#5907=VERTEX_POINT('',#1432);
#5908=VERTEX_POINT('',#1643);
#5909=CARTESIAN_POINT('',(3.289155727638E0,4.178749901130E1,1.090791127767E1));
#5910=VERTEX_POINT('',#5909);
#5911=CARTESIAN_POINT('',(4.090573318944E0,3.911623506342E1,1.090791127768E1));
#5912=VERTEX_POINT('',#5911);
#5913=CARTESIAN_POINT('',(4.094794364509E0,3.90875E1,1.090791127773E1));
#5914=VERTEX_POINT('',#5913);
#5915=CARTESIAN_POINT('',(3.994794364510E0,3.89875E1,1.090791127772E1));
#5916=VERTEX_POINT('',#5915);
#5917=CARTESIAN_POINT('',(-3.994794364516E0,3.89875E1,1.090791127773E1));
#5918=VERTEX_POINT('',#5917);
#5919=CARTESIAN_POINT('',(-4.094794364516E0,3.90875E1,1.090791127773E1));
#5920=VERTEX_POINT('',#5919);
#5921=CARTESIAN_POINT('',(-4.090573318952E0,3.911623506342E1,1.090791127768E1));
#5922=VERTEX_POINT('',#5921);
#5923=CARTESIAN_POINT('',(-3.289155727646E0,4.178749901130E1,1.090791127767E1));
#5924=VERTEX_POINT('',#5923);
#5925=VERTEX_POINT('',#1919);
#5926=VERTEX_POINT('',#1493);
#5927=VERTEX_POINT('',#1480);
#5928=VERTEX_POINT('',#1488);
#5929=VERTEX_POINT('',#1408);
#5930=VERTEX_POINT('',#1516);
#5931=VERTEX_POINT('',#1522);
#5932=CARTESIAN_POINT('',(-1.344200009539E0,4.666249999986E1,1.080791127773E1));
#5933=CARTESIAN_POINT('',(-1.278056226762E0,4.658749999986E1,1.090791127773E1));
#5934=VERTEX_POINT('',#5932);
#5935=VERTEX_POINT('',#5933);
#5936=CARTESIAN_POINT('',(-1.013481095656E0,4.678749999986E1,1.080791127773E1));
#5937=CARTESIAN_POINT('',(-1.013481095656E0,4.668749999986E1,1.090791127773E1));
#5938=VERTEX_POINT('',#5936);
#5939=VERTEX_POINT('',#5937);
#5940=CARTESIAN_POINT('',(1.013481095656E0,4.668749999986E1,1.090791127773E1));
#5941=CARTESIAN_POINT('',(1.013481095656E0,4.678749999986E1,1.080791127773E1));
#5942=VERTEX_POINT('',#5940);
#5943=VERTEX_POINT('',#5941);
#5944=CARTESIAN_POINT('',(1.278056226762E0,4.658749999986E1,1.090791127773E1));
#5945=CARTESIAN_POINT('',(1.344200009539E0,4.666249999986E1,1.080791127773E1));
#5946=VERTEX_POINT('',#5944);
#5947=VERTEX_POINT('',#5945);
#5948=VERTEX_POINT('',#1587);
#5949=CARTESIAN_POINT('',(1.013481095656E0,4.678749999986E1,1.049048697268E1));
#5950=VERTEX_POINT('',#5949);
#5951=CARTESIAN_POINT('',(-1.013481095656E0,4.678749999986E1,1.049048697268E1));
#5952=VERTEX_POINT('',#5951);
#5953=CARTESIAN_POINT('',(-1.404826908284E0,4.659870484387E1,1.049048694317E1));
#5954=VERTEX_POINT('',#5953);
#5955=CARTESIAN_POINT('',(1.5E0,-9.6E0,7.329123457760E-1));
#5956=CARTESIAN_POINT('',(-1.5E0,-9.6E0,7.329123457760E-1));
#5957=VERTEX_POINT('',#5955);
#5958=VERTEX_POINT('',#5956);
#5959=CARTESIAN_POINT('',(-2.E0,-9.6E0,2.329123457760E-1));
#5960=VERTEX_POINT('',#5959);
#5961=CARTESIAN_POINT('',(-2.E0,-9.6E0,-7.267087654224E0));
#5962=VERTEX_POINT('',#5961);
#5963=CARTESIAN_POINT('',(-1.5E0,-9.6E0,-7.767087654224E0));
#5964=VERTEX_POINT('',#5963);
#5965=CARTESIAN_POINT('',(1.5E0,-9.6E0,-7.767087654224E0));
#5966=VERTEX_POINT('',#5965);
#5967=CARTESIAN_POINT('',(2.E0,-9.6E0,-7.267087654224E0));
#5968=VERTEX_POINT('',#5967);
#5969=CARTESIAN_POINT('',(2.E0,-9.6E0,2.329123457760E-1));
#5970=VERTEX_POINT('',#5969);
#5971=CARTESIAN_POINT('',(-1.5E0,-8.4E0,7.329123457760E-1));
#5972=CARTESIAN_POINT('',(1.5E0,-8.4E0,7.329123457760E-1));
#5973=VERTEX_POINT('',#5971);
#5974=VERTEX_POINT('',#5972);
#5975=CARTESIAN_POINT('',(2.E0,-8.4E0,2.329123457760E-1));
#5976=VERTEX_POINT('',#5975);
#5977=CARTESIAN_POINT('',(2.E0,-8.4E0,-7.267087654224E0));
#5978=VERTEX_POINT('',#5977);
#5979=CARTESIAN_POINT('',(1.5E0,-8.4E0,-7.767087654224E0));
#5980=VERTEX_POINT('',#5979);
#5981=CARTESIAN_POINT('',(-1.5E0,-8.4E0,-7.767087654224E0));
#5982=VERTEX_POINT('',#5981);
#5983=CARTESIAN_POINT('',(-2.E0,-8.4E0,-7.267087654224E0));
#5984=VERTEX_POINT('',#5983);
#5985=CARTESIAN_POINT('',(-2.E0,-8.4E0,2.329123457760E-1));
#5986=VERTEX_POINT('',#5985);
#5987=CARTESIAN_POINT('',(-1.524999786440E0,-8.4E0,-7.192087672921E0));
#5988=CARTESIAN_POINT('',(1.525000213560E0,-8.4E0,-7.192087654224E0));
#5989=VERTEX_POINT('',#5987);
#5990=VERTEX_POINT('',#5988);
#5991=CARTESIAN_POINT('',(1.525000168503E0,-8.4E0,1.579123457759E-1));
#5992=VERTEX_POINT('',#5991);
#5993=CARTESIAN_POINT('',(-1.524999831497E0,-8.4E0,1.579123270790E-1));
#5994=VERTEX_POINT('',#5993);
#5995=CARTESIAN_POINT('',(1.055000173867E0,-8.4E0,-7.170876571053E-1));
#5996=CARTESIAN_POINT('',(1.055000208196E0,-8.4E0,-6.317087657105E0));
#5997=VERTEX_POINT('',#5995);
#5998=VERTEX_POINT('',#5996);
#5999=CARTESIAN_POINT('',(-1.054999791804E0,-8.4E0,-6.317087670040E0));
#6000=VERTEX_POINT('',#5999);
#6001=CARTESIAN_POINT('',(-1.054999826133E0,-8.4E0,-7.170876700398E-1));
#6002=VERTEX_POINT('',#6001);
#6003=CARTESIAN_POINT('',(-1.524999786440E0,-1.16740018E1,-7.192087672921E0));
#6004=VERTEX_POINT('',#6003);
#6005=CARTESIAN_POINT('',(1.525000213560E0,-1.16740018E1,-7.192087654224E0));
#6006=VERTEX_POINT('',#6005);
#6007=CARTESIAN_POINT('',(-1.524999831497E0,-1.16740018E1,1.579123270790E-1));
#6008=VERTEX_POINT('',#6007);
#6009=CARTESIAN_POINT('',(1.525000168503E0,-1.16740018E1,1.579123457759E-1));
#6010=VERTEX_POINT('',#6009);
#6011=CARTESIAN_POINT('',(1.055000208196E0,-1.16740018E1,-6.317087657105E0));
#6012=CARTESIAN_POINT('',(1.055000173867E0,-1.16740018E1,-7.170876571052E-1));
#6013=VERTEX_POINT('',#6011);
#6014=VERTEX_POINT('',#6012);
#6015=CARTESIAN_POINT('',(-1.054999826133E0,-1.16740018E1,-7.170876700398E-1));
#6016=VERTEX_POINT('',#6015);
#6017=CARTESIAN_POINT('',(-1.054999791804E0,-1.16740018E1,-6.317087670040E0));
#6018=VERTEX_POINT('',#6017);
#6019=CARTESIAN_POINT('',(-9.5E0,-1.76E1,7.907911277729E0));
#6020=VERTEX_POINT('',#6019);
#6021=CARTESIAN_POINT('',(-9.5E0,-1.76E1,-1.009208872227E1));
#6022=VERTEX_POINT('',#6021);
#6023=CARTESIAN_POINT('',(-9.5E0,-1.485E1,-7.092088722271E0));
#6024=CARTESIAN_POINT('',(-9.5E0,-1.235E1,-7.092088722271E0));
#6025=VERTEX_POINT('',#6023);
#6026=VERTEX_POINT('',#6024);
#6027=CARTESIAN_POINT('',(-9.5E0,-1.485E1,4.907911277729E0));
#6028=CARTESIAN_POINT('',(-9.5E0,-1.235E1,4.907911277729E0));
#6029=VERTEX_POINT('',#6027);
#6030=VERTEX_POINT('',#6028);
#6031=CARTESIAN_POINT('',(-6.E0,-1.485E1,4.907911277729E0));
#6032=VERTEX_POINT('',#6031);
#6033=CARTESIAN_POINT('',(-6.E0,-1.235E1,4.907911277729E0));
#6034=VERTEX_POINT('',#6033);
#6035=CARTESIAN_POINT('',(9.5E0,-1.235E1,4.907911277729E0));
#6036=CARTESIAN_POINT('',(9.5E0,-1.485E1,4.907911277729E0));
#6037=VERTEX_POINT('',#6035);
#6038=VERTEX_POINT('',#6036);
#6039=CARTESIAN_POINT('',(6.E0,-1.235E1,4.907911277729E0));
#6040=VERTEX_POINT('',#6039);
#6041=CARTESIAN_POINT('',(6.E0,-1.485E1,4.907911277729E0));
#6042=VERTEX_POINT('',#6041);
#6043=CARTESIAN_POINT('',(-6.E0,-1.76E1,7.907911277729E0));
#6044=VERTEX_POINT('',#6043);
#6045=CARTESIAN_POINT('',(-6.E0,-1.76E1,-1.009208872227E1));
#6046=VERTEX_POINT('',#6045);
#6047=CARTESIAN_POINT('',(-6.E0,-1.235E1,-7.092088722271E0));
#6048=CARTESIAN_POINT('',(-6.E0,-1.485E1,-7.092088722271E0));
#6049=VERTEX_POINT('',#6047);
#6050=VERTEX_POINT('',#6048);
#6051=CARTESIAN_POINT('',(9.5E0,-1.235E1,-7.092088722271E0));
#6052=CARTESIAN_POINT('',(9.5E0,-1.485E1,-7.092088722271E0));
#6053=VERTEX_POINT('',#6051);
#6054=VERTEX_POINT('',#6052);
#6055=CARTESIAN_POINT('',(6.E0,-1.235E1,-7.092088722271E0));
#6056=VERTEX_POINT('',#6055);
#6057=CARTESIAN_POINT('',(6.E0,-1.485E1,-7.092088722271E0));
#6058=VERTEX_POINT('',#6057);
#6059=CARTESIAN_POINT('',(9.5E0,-1.76E1,7.907911277729E0));
#6060=VERTEX_POINT('',#6059);
#6061=CARTESIAN_POINT('',(9.5E0,-1.76E1,-1.009208872227E1));
#6062=VERTEX_POINT('',#6061);
#6063=CARTESIAN_POINT('',(6.E0,-1.76E1,7.907911277729E0));
#6064=VERTEX_POINT('',#6063);
#6065=CARTESIAN_POINT('',(6.E0,-1.76E1,-1.009208872227E1));
#6066=VERTEX_POINT('',#6065);
#6067=CARTESIAN_POINT('',(4.178800984129E0,3.798734520560E1,1.050789707760E1));
#6068=VERTEX_POINT('',#6067);
#6069=VERTEX_POINT('',#5056);
#6070=CARTESIAN_POINT('',(1.047453815562E1,1.700259831457E1,1.050790844919E1));
#6071=VERTEX_POINT('',#6070);
#6072=CARTESIAN_POINT('',(1.119999085857E1,1.206E1,1.050791127608E1));
#6073=VERTEX_POINT('',#6072);
#6074=VERTEX_POINT('',#5101);
#6075=CARTESIAN_POINT('',(1.039997166448E1,1.206000000001E1,1.090790680988E1));
#6076=VERTEX_POINT('',#6075);
#6077=VERTEX_POINT('',#5127);
#6078=VERTEX_POINT('',#5145);
#6079=VERTEX_POINT('',#5151);
#6080=VERTEX_POINT('',#5171);
#6081=VERTEX_POINT('',#5177);
#6082=VERTEX_POINT('',#5189);
#6083=VERTEX_POINT('',#5195);
#6084=VERTEX_POINT('',#4954);
#6085=VERTEX_POINT('',#4960);
#6086=VERTEX_POINT('',#4934);
#6087=VERTEX_POINT('',#4949);
#6088=VERTEX_POINT('',#4929);
#6089=VERTEX_POINT('',#4917);
#6090=VERTEX_POINT('',#5051);
#6091=CARTESIAN_POINT('',(-2.612196484509E0,4.430486848569E1,1.004842983251E1));
#6092=CARTESIAN_POINT('',(-2.672288010213E0,4.436757029415E1,1.012262078568E1));
#6093=CARTESIAN_POINT('',(-2.606971199406E0,4.440680454875E1,1.022032823434E1));
#6094=CARTESIAN_POINT('',(-2.490818644778E0,4.435312316690E1,1.018905366106E1));
#6095=CARTESIAN_POINT('',(-2.835539478753E0,4.355774755356E1,1.049725471932E1));
#6096=CARTESIAN_POINT('',(-2.912452353212E0,4.357979061031E1,1.060015544020E1));
#6097=CARTESIAN_POINT('',(-2.850969614801E0,4.359329747243E1,1.071925053375E1));
#6098=CARTESIAN_POINT('',(-2.719407276744E0,4.357306569573E1,1.065626509594E1));
#6099=CARTESIAN_POINT('',(-3.098847988422E0,4.267719430379E1,1.074834254974E1));
#6100=CARTESIAN_POINT('',(-3.189348605955E0,4.267239397879E1,1.084037546769E1));
#6101=CARTESIAN_POINT('',(-3.130831051926E0,4.266019578037E1,1.096589662749E1));
#6102=CARTESIAN_POINT('',(-2.987107094756E0,4.266043705140E1,1.090900226133E1));
#6103=CARTESIAN_POINT('',(-3.372271032266E0,4.176315110525E1,1.073893939136E1));
#6104=CARTESIAN_POINT('',(-3.459505896909E0,4.178843787280E1,1.083483886015E1));
#6105=CARTESIAN_POINT('',(-3.398171944768E0,4.176879853808E1,1.096775245716E1));
#6106=CARTESIAN_POINT('',(-3.260898222893E0,4.172825849639E1,1.089744573286E1));
#6107=(BOUNDED_SURFACE()B_SPLINE_SURFACE(3,3,((#6091,#6092,#6093,#6094),(#6095,
#6096,#6097,#6098),(#6099,#6100,#6101,#6102),(#6103,#6104,#6105,#6106)),
.UNSPECIFIED.,.F.,.F.,.F.)B_SPLINE_SURFACE_WITH_KNOTS((4,4),(4,4),(
1.028856087564E0,1.580126680487E0),(-6.740257099426E-1,1.360751892143E0),
.UNSPECIFIED.)GEOMETRIC_REPRESENTATION_ITEM()RATIONAL_B_SPLINE_SURFACE(((
1.546792450097E0,7.750236453606E-1,6.720553040921E-1,1.237887426291E0),(
1.580434302566E0,7.611817912336E-1,6.518782385972E-1,1.252523644656E0),(
1.620881096993E0,7.445400611481E-1,6.276198354367E-1,1.270120419862E0),(
1.663106611478E0,7.271664812467E-1,6.022946256538E-1,1.288491044698E0)))REPRESENTATION_ITEM('')SURFACE());
#6109=ORIENTED_EDGE('',*,*,#6108,.T.);
#6111=ORIENTED_EDGE('',*,*,#6110,.F.);
#6113=ORIENTED_EDGE('',*,*,#6112,.F.);
#6115=ORIENTED_EDGE('',*,*,#6114,.F.);
#6116=EDGE_LOOP('',(#6109,#6111,#6113,#6115));
#6117=FACE_OUTER_BOUND('',#6116,.F.);
#6119=CARTESIAN_POINT('',(-2.740511913831E0,4.361623605199E1,1.080791127773E1));
#6120=DIRECTION('',(2.873605198497E-1,9.578224948453E-1,0.E0));
#6121=DIRECTION('',(-9.578224948453E-1,2.873605198497E-1,0.E0));
#6122=AXIS2_PLACEMENT_3D('',#6119,#6120,#6121);
#6123=CYLINDRICAL_SURFACE('',#6122,1.E-1);
#6125=ORIENTED_EDGE('',*,*,#6124,.F.);
#6127=ORIENTED_EDGE('',*,*,#6126,.T.);
#6128=ORIENTED_EDGE('',*,*,#6108,.F.);
#6130=ORIENTED_EDGE('',*,*,#6129,.F.);
#6131=EDGE_LOOP('',(#6125,#6127,#6128,#6130));
#6132=FACE_OUTER_BOUND('',#6131,.F.);
#6134=CARTESIAN_POINT('',(-4.185973403365E0,3.914607337240E1,1.080477020179E1));
#6135=CARTESIAN_POINT('',(-4.187821617886E0,3.914663962777E1,1.086627969533E1));
#6136=CARTESIAN_POINT('',(-4.146215332403E0,3.913389230741E1,1.090979494748E1));
#6137=CARTESIAN_POINT('',(-4.087404193256E0,3.911587376952E1,1.090786193377E1));
#6138=CARTESIAN_POINT('',(-4.191914601238E0,3.912668175378E1,1.080477020179E1));
#6139=CARTESIAN_POINT('',(-4.193820252015E0,3.912706054157E1,1.086627969533E1));
#6140=CARTESIAN_POINT('',(-4.150920983910E0,3.911853341828E1,1.090979494748E1));
#6141=CARTESIAN_POINT('',(-4.090282193484E0,3.910648019536E1,1.090786193377E1));
#6142=CARTESIAN_POINT('',(-4.194859850572E0,3.910661540854E1,1.080477020179E1));
#6143=CARTESIAN_POINT('',(-4.196793974410E0,3.910680020587E1,1.086627969533E1));
#6144=CARTESIAN_POINT('',(-4.153253731827E0,3.910264012038E1,1.090979494747E1));
#6145=CARTESIAN_POINT('',(-4.091708913892E0,3.909675977409E1,1.090786193377E1));
#6146=CARTESIAN_POINT('',(-4.194741623211E0,3.908633441430E1,1.080477020179E1));
#6147=CARTESIAN_POINT('',(-4.196674604091E0,3.908632314606E1,1.086627969533E1));
#6148=CARTESIAN_POINT('',(-4.153160091324E0,3.908657681242E1,1.090979494747E1));
#6149=CARTESIAN_POINT('',(-4.091651642887E0,3.908693537381E1,1.090786193377E1));
#6150=(BOUNDED_SURFACE()B_SPLINE_SURFACE(3,3,((#6134,#6135,#6136,#6137),(#6138,
#6139,#6140,#6141),(#6142,#6143,#6144,#6145),(#6146,#6147,#6148,#6149)),
.UNSPECIFIED.,.F.,.F.,.F.)B_SPLINE_SURFACE_WITH_KNOTS((4,4),(4,4),(0.E0,1.E0),(
0.E0,1.E0),.UNSPECIFIED.)GEOMETRIC_REPRESENTATION_ITEM()RATIONAL_B_SPLINE_SURFACE(((1.194107302915E0,9.429842331650E-1,9.429842331650E-1,1.194107302915E0),(
1.184981209091E0,9.357773744798E-1,9.357773744798E-1,1.184981209091E0),(
1.184981209091E0,9.357773744798E-1,9.357773744798E-1,1.184981209091E0),(
1.194107302915E0,9.429842331650E-1,9.429842331650E-1,1.194107302915E0)))REPRESENTATION_ITEM('')SURFACE());
#6152=ORIENTED_EDGE('',*,*,#6151,.T.);
#6153=ORIENTED_EDGE('',*,*,#6124,.T.);
#6155=ORIENTED_EDGE('',*,*,#6154,.F.);
#6157=ORIENTED_EDGE('',*,*,#6156,.T.);
#6158=EDGE_LOOP('',(#6152,#6153,#6155,#6157));
#6159=FACE_OUTER_BOUND('',#6158,.F.);
#6161=CARTESIAN_POINT('',(-3.994794364517E0,3.90875E1,-6.100887222710E-1));
#6162=DIRECTION('',(0.E0,0.E0,1.E0));
#6163=DIRECTION('',(-9.578224948453E-1,2.873605198497E-1,0.E0));
#6164=AXIS2_PLACEMENT_3D('',#6161,#6162,#6163);
#6165=CYLINDRICAL_SURFACE('',#6164,2.E-1);
#6167=ORIENTED_EDGE('',*,*,#6166,.F.);
#6169=ORIENTED_EDGE('',*,*,#6168,.T.);
#6170=ORIENTED_EDGE('',*,*,#6151,.F.);
#6172=ORIENTED_EDGE('',*,*,#6171,.F.);
#6174=ORIENTED_EDGE('',*,*,#6173,.T.);
#6175=EDGE_LOOP('',(#6167,#6169,#6170,#6172,#6174));
#6176=FACE_OUTER_BOUND('',#6175,.F.);
#6178=CARTESIAN_POINT('',(0.E0,0.E0,8.907911277729E0));
#6179=DIRECTION('',(0.E0,0.E0,-1.E0));
#6180=DIRECTION('',(-1.E0,0.E0,0.E0));
#6181=AXIS2_PLACEMENT_3D('',#6178,#6179,#6180);
#6182=PLANE('',#6181);
#6184=ORIENTED_EDGE('',*,*,#6183,.T.);
#6186=ORIENTED_EDGE('',*,*,#6185,.T.);
#6188=ORIENTED_EDGE('',*,*,#6187,.T.);
#6190=ORIENTED_EDGE('',*,*,#6189,.T.);
#6192=ORIENTED_EDGE('',*,*,#6191,.T.);
#6194=ORIENTED_EDGE('',*,*,#6193,.T.);
#6195=ORIENTED_EDGE('',*,*,#6166,.T.);
#6197=ORIENTED_EDGE('',*,*,#6196,.F.);
#6199=ORIENTED_EDGE('',*,*,#6198,.T.);
#6201=ORIENTED_EDGE('',*,*,#6200,.T.);
#6203=ORIENTED_EDGE('',*,*,#6202,.T.);
#6205=ORIENTED_EDGE('',*,*,#6204,.T.);
#6207=ORIENTED_EDGE('',*,*,#6206,.T.);
#6209=ORIENTED_EDGE('',*,*,#6208,.T.);
#6211=ORIENTED_EDGE('',*,*,#6210,.T.);
#6213=ORIENTED_EDGE('',*,*,#6212,.T.);
#6215=ORIENTED_EDGE('',*,*,#6214,.F.);
#6217=ORIENTED_EDGE('',*,*,#6216,.F.);
#6219=ORIENTED_EDGE('',*,*,#6218,.F.);
#6221=ORIENTED_EDGE('',*,*,#6220,.T.);
#6223=ORIENTED_EDGE('',*,*,#6222,.T.);
#6225=ORIENTED_EDGE('',*,*,#6224,.F.);
#6227=ORIENTED_EDGE('',*,*,#6226,.T.);
#6229=ORIENTED_EDGE('',*,*,#6228,.T.);
#6230=EDGE_LOOP('',(#6184,#6186,#6188,#6190,#6192,#6194,#6195,#6197,#6199,#6201,
#6203,#6205,#6207,#6209,#6211,#6213,#6215,#6217,#6219,#6221,#6223,#6225,#6227,
#6229));
#6231=FACE_OUTER_BOUND('',#6230,.F.);
#6233=ORIENTED_EDGE('',*,*,#6232,.F.);
#6235=ORIENTED_EDGE('',*,*,#6234,.F.);
#6237=ORIENTED_EDGE('',*,*,#6236,.F.);
#6239=ORIENTED_EDGE('',*,*,#6238,.T.);
#6241=ORIENTED_EDGE('',*,*,#6240,.F.);
#6243=ORIENTED_EDGE('',*,*,#6242,.T.);
#6245=ORIENTED_EDGE('',*,*,#6244,.F.);
#6247=ORIENTED_EDGE('',*,*,#6246,.T.);
#6248=EDGE_LOOP('',(#6233,#6235,#6237,#6239,#6241,#6243,#6245,#6247));
#6249=FACE_BOUND('',#6248,.F.);
#6251=ORIENTED_EDGE('',*,*,#6250,.T.);
#6253=ORIENTED_EDGE('',*,*,#6252,.F.);
#6255=ORIENTED_EDGE('',*,*,#6254,.T.);
#6257=ORIENTED_EDGE('',*,*,#6256,.T.);
#6259=ORIENTED_EDGE('',*,*,#6258,.T.);
#6261=ORIENTED_EDGE('',*,*,#6260,.T.);
#6263=ORIENTED_EDGE('',*,*,#6262,.T.);
#6265=ORIENTED_EDGE('',*,*,#6264,.T.);
#6267=ORIENTED_EDGE('',*,*,#6266,.T.);
#6269=ORIENTED_EDGE('',*,*,#6268,.T.);
#6271=ORIENTED_EDGE('',*,*,#6270,.T.);
#6273=ORIENTED_EDGE('',*,*,#6272,.F.);
#6275=ORIENTED_EDGE('',*,*,#6274,.T.);
#6277=ORIENTED_EDGE('',*,*,#6276,.T.);
#6279=ORIENTED_EDGE('',*,*,#6278,.T.);
#6281=ORIENTED_EDGE('',*,*,#6280,.F.);
#6282=EDGE_LOOP('',(#6251,#6253,#6255,#6257,#6259,#6261,#6263,#6265,#6267,#6269,
#6271,#6273,#6275,#6277,#6279,#6281));
#6283=FACE_BOUND('',#6282,.F.);
#6285=ORIENTED_EDGE('',*,*,#6284,.T.);
#6287=ORIENTED_EDGE('',*,*,#6286,.T.);
#6289=ORIENTED_EDGE('',*,*,#6288,.T.);
#6291=ORIENTED_EDGE('',*,*,#6290,.T.);
#6293=ORIENTED_EDGE('',*,*,#6292,.T.);
#6295=ORIENTED_EDGE('',*,*,#6294,.T.);
#6297=ORIENTED_EDGE('',*,*,#6296,.T.);
#6299=ORIENTED_EDGE('',*,*,#6298,.T.);
#6301=ORIENTED_EDGE('',*,*,#6300,.T.);
#6303=ORIENTED_EDGE('',*,*,#6302,.F.);
#6305=ORIENTED_EDGE('',*,*,#6304,.T.);
#6307=ORIENTED_EDGE('',*,*,#6306,.T.);
#6308=EDGE_LOOP('',(#6285,#6287,#6289,#6291,#6293,#6295,#6297,#6299,#6301,#6303,
#6305,#6307));
#6309=FACE_BOUND('',#6308,.F.);
#6311=ORIENTED_EDGE('',*,*,#6310,.T.);
#6313=ORIENTED_EDGE('',*,*,#6312,.F.);
#6315=ORIENTED_EDGE('',*,*,#6314,.F.);
#6317=ORIENTED_EDGE('',*,*,#6316,.T.);
#6319=ORIENTED_EDGE('',*,*,#6318,.F.);
#6321=ORIENTED_EDGE('',*,*,#6320,.T.);
#6323=ORIENTED_EDGE('',*,*,#6322,.F.);
#6325=ORIENTED_EDGE('',*,*,#6324,.T.);
#6326=EDGE_LOOP('',(#6311,#6313,#6315,#6317,#6319,#6321,#6323,#6325));
#6327=FACE_BOUND('',#6326,.F.);
#6329=FILL_AREA_STYLE_COLOUR('',#76);
#6330=FILL_AREA_STYLE('',(#6329));
#6331=SURFACE_STYLE_FILL_AREA(#6330);
#6332=SURFACE_SIDE_STYLE('',(#6331));
#6333=SURFACE_STYLE_USAGE(.NEGATIVE.,#6332);
#6334=PRESENTATION_STYLE_ASSIGNMENT((#6333));
#6335=OVER_RIDING_STYLED_ITEM('',(#6334),#6328,#327);
#6336=CARTESIAN_POINT('',(-1.29E1,5.208246805126E0,8.807911277729E0));
#6337=DIRECTION('',(-7.071067811865E-1,0.E0,7.071067811865E-1));
#6338=DIRECTION('',(-7.071067811865E-1,0.E0,-7.071067811865E-1));
#6339=AXIS2_PLACEMENT_3D('',#6336,#6337,#6338);
#6340=PLANE('',#6339);
#6342=ORIENTED_EDGE('',*,*,#6341,.T.);
#6344=ORIENTED_EDGE('',*,*,#6343,.F.);
#6345=ORIENTED_EDGE('',*,*,#6183,.F.);
#6347=ORIENTED_EDGE('',*,*,#6346,.F.);
#6348=EDGE_LOOP('',(#6342,#6344,#6345,#6347));
#6349=FACE_OUTER_BOUND('',#6348,.F.);
#6351=FILL_AREA_STYLE_COLOUR('',#76);
#6352=FILL_AREA_STYLE('',(#6351));
#6353=SURFACE_STYLE_FILL_AREA(#6352);
#6354=SURFACE_SIDE_STYLE('',(#6353));
#6355=SURFACE_STYLE_USAGE(.NEGATIVE.,#6354);
#6356=PRESENTATION_STYLE_ASSIGNMENT((#6355));
#6357=OVER_RIDING_STYLED_ITEM('',(#6356),#6350,#327);
#6358=CARTESIAN_POINT('',(-1.3E1,1.5E1,8.707911277729E0));
#6359=DIRECTION('',(1.E0,0.E0,0.E0));
#6360=DIRECTION('',(0.E0,1.E0,0.E0));
#6361=AXIS2_PLACEMENT_3D('',#6358,#6359,#6360);
#6362=PLANE('',#6361);
#6364=ORIENTED_EDGE('',*,*,#6363,.F.);
#6366=ORIENTED_EDGE('',*,*,#6365,.T.);
#6368=ORIENTED_EDGE('',*,*,#6367,.T.);
#6370=ORIENTED_EDGE('',*,*,#6369,.T.);
#6371=ORIENTED_EDGE('',*,*,#6341,.F.);
#6373=ORIENTED_EDGE('',*,*,#6372,.T.);
#6374=EDGE_LOOP('',(#6364,#6366,#6368,#6370,#6371,#6373));
#6375=FACE_OUTER_BOUND('',#6374,.F.);
#6377=ORIENTED_EDGE('',*,*,#6376,.T.);
#6379=ORIENTED_EDGE('',*,*,#6378,.T.);
#6380=EDGE_LOOP('',(#6377,#6379));
#6381=FACE_BOUND('',#6380,.F.);
#6383=ORIENTED_EDGE('',*,*,#6382,.T.);
#6385=ORIENTED_EDGE('',*,*,#6384,.T.);
#6386=EDGE_LOOP('',(#6383,#6385));
#6387=FACE_BOUND('',#6386,.F.);
#6389=FILL_AREA_STYLE_COLOUR('',#76);
#6390=FILL_AREA_STYLE('',(#6389));
#6391=SURFACE_STYLE_FILL_AREA(#6390);
#6392=SURFACE_SIDE_STYLE('',(#6391));
#6393=SURFACE_STYLE_USAGE(.NEGATIVE.,#6392);
#6394=PRESENTATION_STYLE_ASSIGNMENT((#6393));
#6395=OVER_RIDING_STYLED_ITEM('',(#6394),#6388,#327);
#6396=CARTESIAN_POINT('',(-1.2E1,1.111941990884E2,-1.009208872227E1));
#6397=DIRECTION('',(0.E0,-1.E0,0.E0));
#6398=DIRECTION('',(-1.E0,0.E0,0.E0));
#6399=AXIS2_PLACEMENT_3D('',#6396,#6397,#6398);
#6400=CYLINDRICAL_SURFACE('',#6399,1.E0);
#6402=ORIENTED_EDGE('',*,*,#6401,.T.);
#6404=ORIENTED_EDGE('',*,*,#6403,.F.);
#6405=ORIENTED_EDGE('',*,*,#6363,.T.);
#6407=ORIENTED_EDGE('',*,*,#6406,.F.);
#6408=EDGE_LOOP('',(#6402,#6404,#6405,#6407));
#6409=FACE_OUTER_BOUND('',#6408,.F.);
#6411=FILL_AREA_STYLE_COLOUR('',#76);
#6412=FILL_AREA_STYLE('',(#6411));
#6413=SURFACE_STYLE_FILL_AREA(#6412);
#6414=SURFACE_SIDE_STYLE('',(#6413));
#6415=SURFACE_STYLE_USAGE(.NEGATIVE.,#6414);
#6416=PRESENTATION_STYLE_ASSIGNMENT((#6415));
#6417=OVER_RIDING_STYLED_ITEM('',(#6416),#6410,#327);
#6418=CARTESIAN_POINT('',(0.E0,0.E0,-1.109208872227E1));
#6419=DIRECTION('',(0.E0,0.E0,-1.E0));
#6420=DIRECTION('',(-1.E0,0.E0,0.E0));
#6421=AXIS2_PLACEMENT_3D('',#6418,#6419,#6420);
#6422=PLANE('',#6421);
#6424=ORIENTED_EDGE('',*,*,#6423,.F.);
#6426=ORIENTED_EDGE('',*,*,#6425,.F.);
#6427=ORIENTED_EDGE('',*,*,#6401,.F.);
#6429=ORIENTED_EDGE('',*,*,#6428,.T.);
#6431=ORIENTED_EDGE('',*,*,#6430,.F.);
#6433=ORIENTED_EDGE('',*,*,#6432,.F.);
#6435=ORIENTED_EDGE('',*,*,#6434,.F.);
#6437=ORIENTED_EDGE('',*,*,#6436,.T.);
#6439=ORIENTED_EDGE('',*,*,#6438,.T.);
#6441=ORIENTED_EDGE('',*,*,#6440,.F.);
#6443=ORIENTED_EDGE('',*,*,#6442,.T.);
#6445=ORIENTED_EDGE('',*,*,#6444,.T.);
#6446=EDGE_LOOP('',(#6424,#6426,#6427,#6429,#6431,#6433,#6435,#6437,#6439,#6441,
#6443,#6445));
#6447=FACE_OUTER_BOUND('',#6446,.F.);
#6449=FILL_AREA_STYLE_COLOUR('',#76);
#6450=FILL_AREA_STYLE('',(#6449));
#6451=SURFACE_STYLE_FILL_AREA(#6450);
#6452=SURFACE_SIDE_STYLE('',(#6451));
#6453=SURFACE_STYLE_USAGE(.NEGATIVE.,#6452);
#6454=PRESENTATION_STYLE_ASSIGNMENT((#6453));
#6455=OVER_RIDING_STYLED_ITEM('',(#6454),#6448,#327);
#6456=CARTESIAN_POINT('',(1.2E1,1.019486783906E2,-1.009208872227E1));
#6457=DIRECTION('',(0.E0,-1.E0,0.E0));
#6458=DIRECTION('',(0.E0,0.E0,-1.E0));
#6459=AXIS2_PLACEMENT_3D('',#6456,#6457,#6458);
#6460=CYLINDRICAL_SURFACE('',#6459,1.E0);
#6462=ORIENTED_EDGE('',*,*,#6461,.T.);
#6464=ORIENTED_EDGE('',*,*,#6463,.F.);
#6465=ORIENTED_EDGE('',*,*,#6423,.T.);
#6467=ORIENTED_EDGE('',*,*,#6466,.F.);
#6468=EDGE_LOOP('',(#6462,#6464,#6465,#6467));
#6469=FACE_OUTER_BOUND('',#6468,.F.);
#6471=FILL_AREA_STYLE_COLOUR('',#76);
#6472=FILL_AREA_STYLE('',(#6471));
#6473=SURFACE_STYLE_FILL_AREA(#6472);
#6474=SURFACE_SIDE_STYLE('',(#6473));
#6475=SURFACE_STYLE_USAGE(.NEGATIVE.,#6474);
#6476=PRESENTATION_STYLE_ASSIGNMENT((#6475));
#6477=OVER_RIDING_STYLED_ITEM('',(#6476),#6470,#327);
#6478=CARTESIAN_POINT('',(1.3E1,1.5E1,8.707911277729E0));
#6479=DIRECTION('',(-1.E0,0.E0,0.E0));
#6480=DIRECTION('',(0.E0,0.E0,1.E0));
#6481=AXIS2_PLACEMENT_3D('',#6478,#6479,#6480);
#6482=PLANE('',#6481);
#6484=ORIENTED_EDGE('',*,*,#6483,.T.);
#6486=ORIENTED_EDGE('',*,*,#6485,.T.);
#6488=ORIENTED_EDGE('',*,*,#6487,.T.);
#6490=ORIENTED_EDGE('',*,*,#6489,.T.);
#6491=ORIENTED_EDGE('',*,*,#6461,.F.);
#6493=ORIENTED_EDGE('',*,*,#6492,.F.);
#6494=EDGE_LOOP('',(#6484,#6486,#6488,#6490,#6491,#6493));
#6495=FACE_OUTER_BOUND('',#6494,.F.);
#6497=ORIENTED_EDGE('',*,*,#6496,.T.);
#6499=ORIENTED_EDGE('',*,*,#6498,.T.);
#6500=EDGE_LOOP('',(#6497,#6499));
#6501=FACE_BOUND('',#6500,.F.);
#6503=ORIENTED_EDGE('',*,*,#6502,.T.);
#6505=ORIENTED_EDGE('',*,*,#6504,.T.);
#6506=EDGE_LOOP('',(#6503,#6505));
#6507=FACE_BOUND('',#6506,.F.);
#6509=FILL_AREA_STYLE_COLOUR('',#76);
#6510=FILL_AREA_STYLE('',(#6509));
#6511=SURFACE_STYLE_FILL_AREA(#6510);
#6512=SURFACE_SIDE_STYLE('',(#6511));
#6513=SURFACE_STYLE_USAGE(.NEGATIVE.,#6512);
#6514=PRESENTATION_STYLE_ASSIGNMENT((#6513));
#6515=OVER_RIDING_STYLED_ITEM('',(#6514),#6508,#327);
#6516=CARTESIAN_POINT('',(1.29E1,5.208246805118E0,8.807911277729E0));
#6517=DIRECTION('',(7.071067811866E-1,0.E0,7.071067811865E-1));
#6518=DIRECTION('',(7.071067811865E-1,0.E0,-7.071067811866E-1));
#6519=AXIS2_PLACEMENT_3D('',#6516,#6517,#6518);
#6520=PLANE('',#6519);
#6521=ORIENTED_EDGE('',*,*,#6210,.F.);
#6523=ORIENTED_EDGE('',*,*,#6522,.F.);
#6524=ORIENTED_EDGE('',*,*,#6483,.F.);
#6526=ORIENTED_EDGE('',*,*,#6525,.F.);
#6527=EDGE_LOOP('',(#6521,#6523,#6524,#6526));
#6528=FACE_OUTER_BOUND('',#6527,.F.);
#6530=FILL_AREA_STYLE_COLOUR('',#76);
#6531=FILL_AREA_STYLE('',(#6530));
#6532=SURFACE_STYLE_FILL_AREA(#6531);
#6533=SURFACE_SIDE_STYLE('',(#6532));
#6534=SURFACE_STYLE_USAGE(.NEGATIVE.,#6533);
#6535=PRESENTATION_STYLE_ASSIGNMENT((#6534));
#6536=OVER_RIDING_STYLED_ITEM('',(#6535),#6529,#327);
#6537=CARTESIAN_POINT('',(-7.E0,1.171649361024E1,8.807911277729E0));
#6538=DIRECTION('',(0.E0,0.E0,-1.E0));
#6539=DIRECTION('',(0.E0,-1.E0,0.E0));
#6540=AXIS2_PLACEMENT_3D('',#6537,#6538,#6539);
#6541=CONICAL_SURFACE('',#6540,1.99E1,4.5E1);
#6542=ORIENTED_EDGE('',*,*,#6208,.F.);
#6544=ORIENTED_EDGE('',*,*,#6543,.T.);
#6546=ORIENTED_EDGE('',*,*,#6545,.T.);
#6547=ORIENTED_EDGE('',*,*,#6522,.T.);
#6548=EDGE_LOOP('',(#6542,#6544,#6546,#6547));
#6549=FACE_OUTER_BOUND('',#6548,.F.);
#6551=FILL_AREA_STYLE_COLOUR('',#76);
#6552=FILL_AREA_STYLE('',(#6551));
#6553=SURFACE_STYLE_FILL_AREA(#6552);
#6554=SURFACE_SIDE_STYLE('',(#6553));
#6555=SURFACE_STYLE_USAGE(.NEGATIVE.,#6554);
#6556=PRESENTATION_STYLE_ASSIGNMENT((#6555));
#6557=OVER_RIDING_STYLED_ITEM('',(#6556),#6550,#327);
#6558=CARTESIAN_POINT('',(8.060033919290E0,3.076977463100E1,8.807911277729E0));
#6559=DIRECTION('',(6.772827812781E-1,2.031945722310E-1,7.071067811865E-1));
#6560=DIRECTION('',(-6.772827812781E-1,-2.031945722310E-1,7.071067811865E-1));
#6561=AXIS2_PLACEMENT_3D('',#6558,#6559,#6560);
#6562=PLANE('',#6561);
#6564=ORIENTED_EDGE('',*,*,#6563,.T.);
#6565=ORIENTED_EDGE('',*,*,#6543,.F.);
#6566=ORIENTED_EDGE('',*,*,#6206,.F.);
#6568=ORIENTED_EDGE('',*,*,#6567,.T.);
#6569=EDGE_LOOP('',(#6564,#6565,#6566,#6568));
#6570=FACE_OUTER_BOUND('',#6569,.F.);
#6572=FILL_AREA_STYLE_COLOUR('',#76);
#6573=FILL_AREA_STYLE('',(#6572));
#6574=SURFACE_STYLE_FILL_AREA(#6573);
#6575=SURFACE_SIDE_STYLE('',(#6574));
#6576=SURFACE_STYLE_USAGE(.NEGATIVE.,#6575);
#6577=PRESENTATION_STYLE_ASSIGNMENT((#6576));
#6578=OVER_RIDING_STYLED_ITEM('',(#6577),#6571,#327);
#6579=CARTESIAN_POINT('',(3.903786416019E0,4.497126394802E1,8.707911277729E0));
#6580=DIRECTION('',(-9.578224948453E-1,-2.873605198497E-1,0.E0));
#6581=DIRECTION('',(2.873605198497E-1,-9.578224948453E-1,0.E0));
#6582=AXIS2_PLACEMENT_3D('',#6579,#6580,#6581);
#6583=PLANE('',#6582);
#6585=ORIENTED_EDGE('',*,*,#6584,.T.);
#6587=ORIENTED_EDGE('',*,*,#6586,.T.);
#6588=ORIENTED_EDGE('',*,*,#6563,.F.);
#6590=ORIENTED_EDGE('',*,*,#6589,.F.);
#6591=EDGE_LOOP('',(#6585,#6587,#6588,#6590));
#6592=FACE_OUTER_BOUND('',#6591,.F.);
#6594=FILL_AREA_STYLE_COLOUR('',#76);
#6595=FILL_AREA_STYLE('',(#6594));
#6596=SURFACE_STYLE_FILL_AREA(#6595);
#6597=SURFACE_SIDE_STYLE('',(#6596));
#6598=SURFACE_STYLE_USAGE(.NEGATIVE.,#6597);
#6599=PRESENTATION_STYLE_ASSIGNMENT((#6598));
#6600=OVER_RIDING_STYLED_ITEM('',(#6599),#6593,#327);
#6601=CARTESIAN_POINT('',(-1.735101590886E1,1.123372605031E2,3.524114419328E1));
#6602=DIRECTION('',(2.666400415148E-1,-8.887575437395E-1,-3.728446281054E-1));
#6603=DIRECTION('',(-2.835966570149E-14,3.868500762907E-1,-9.221426237160E-1));
#6604=AXIS2_PLACEMENT_3D('',#6601,#6602,#6603);
#6605=CYLINDRICAL_SURFACE('',#6604,1.E0);
#6607=ORIENTED_EDGE('',*,*,#6606,.F.);
#6609=ORIENTED_EDGE('',*,*,#6608,.F.);
#6610=ORIENTED_EDGE('',*,*,#6584,.F.);
#6612=ORIENTED_EDGE('',*,*,#6611,.F.);
#6613=EDGE_LOOP('',(#6607,#6609,#6610,#6612));
#6614=FACE_OUTER_BOUND('',#6613,.F.);
#6616=FILL_AREA_STYLE_COLOUR('',#76);
#6617=FILL_AREA_STYLE('',(#6616));
#6618=SURFACE_STYLE_FILL_AREA(#6617);
#6619=SURFACE_SIDE_STYLE('',(#6618));
#6620=SURFACE_STYLE_USAGE(.NEGATIVE.,#6619);
#6621=PRESENTATION_STYLE_ASSIGNMENT((#6620));
#6622=OVER_RIDING_STYLED_ITEM('',(#6621),#6615,#327);
#6623=CARTESIAN_POINT('',(-2.E1,4.5E1,5.907911277729E0));
#6624=DIRECTION('',(0.E0,-3.868500762906E-1,9.221426237161E-1));
#6625=DIRECTION('',(0.E0,-9.221426237161E-1,-3.868500762906E-1));
#6626=AXIS2_PLACEMENT_3D('',#6623,#6624,#6625);
#6627=PLANE('',#6626);
#6629=ORIENTED_EDGE('',*,*,#6628,.T.);
#6631=ORIENTED_EDGE('',*,*,#6630,.T.);
#6633=ORIENTED_EDGE('',*,*,#6632,.T.);
#6635=ORIENTED_EDGE('',*,*,#6634,.F.);
#6637=ORIENTED_EDGE('',*,*,#6636,.T.);
#6639=ORIENTED_EDGE('',*,*,#6638,.T.);
#6640=ORIENTED_EDGE('',*,*,#6606,.T.);
#6642=ORIENTED_EDGE('',*,*,#6641,.F.);
#6643=EDGE_LOOP('',(#6629,#6631,#6633,#6635,#6637,#6639,#6640,#6642));
#6644=FACE_OUTER_BOUND('',#6643,.F.);
#6646=FILL_AREA_STYLE_COLOUR('',#76);
#6647=FILL_AREA_STYLE('',(#6646));
#6648=SURFACE_STYLE_FILL_AREA(#6647);
#6649=SURFACE_SIDE_STYLE('',(#6648));
#6650=SURFACE_STYLE_USAGE(.NEGATIVE.,#6649);
#6651=PRESENTATION_STYLE_ASSIGNMENT((#6650));
#6652=OVER_RIDING_STYLED_ITEM('',(#6651),#6645,#327);
#6653=CARTESIAN_POINT('',(-1.112605591413E1,1.741823685414E1,
-4.578543776521E0));
#6654=DIRECTION('',(2.666400415148E-1,8.887575437395E-1,3.728446281054E-1));
#6655=DIRECTION('',(2.835966570149E-14,3.868500762907E-1,-9.221426237160E-1));
#6656=AXIS2_PLACEMENT_3D('',#6653,#6654,#6655);
#6657=CYLINDRICAL_SURFACE('',#6656,1.E0);
#6659=ORIENTED_EDGE('',*,*,#6658,.F.);
#6661=ORIENTED_EDGE('',*,*,#6660,.F.);
#6662=ORIENTED_EDGE('',*,*,#6628,.F.);
#6664=ORIENTED_EDGE('',*,*,#6663,.F.);
#6665=EDGE_LOOP('',(#6659,#6661,#6662,#6664));
#6666=FACE_OUTER_BOUND('',#6665,.F.);
#6668=FILL_AREA_STYLE_COLOUR('',#76);
#6669=FILL_AREA_STYLE('',(#6668));
#6670=SURFACE_STYLE_FILL_AREA(#6669);
#6671=SURFACE_SIDE_STYLE('',(#6670));
#6672=SURFACE_STYLE_USAGE(.NEGATIVE.,#6671);
#6673=PRESENTATION_STYLE_ASSIGNMENT((#6672));
#6674=OVER_RIDING_STYLED_ITEM('',(#6673),#6667,#327);
#6675=CARTESIAN_POINT('',(-1.290421775052E1,1.497126394802E1,8.707911277729E0));
#6676=DIRECTION('',(9.578224948453E-1,-2.873605198497E-1,0.E0));
#6677=DIRECTION('',(2.873605198497E-1,9.578224948453E-1,0.E0));
#6678=AXIS2_PLACEMENT_3D('',#6675,#6676,#6677);
#6679=PLANE('',#6678);
#6681=ORIENTED_EDGE('',*,*,#6680,.F.);
#6683=ORIENTED_EDGE('',*,*,#6682,.T.);
#6684=ORIENTED_EDGE('',*,*,#6658,.T.);
#6686=ORIENTED_EDGE('',*,*,#6685,.F.);
#6687=EDGE_LOOP('',(#6681,#6683,#6684,#6686));
#6688=FACE_OUTER_BOUND('',#6687,.F.);
#6690=FILL_AREA_STYLE_COLOUR('',#76);
#6691=FILL_AREA_STYLE('',(#6690));
#6692=SURFACE_STYLE_FILL_AREA(#6691);
#6693=SURFACE_SIDE_STYLE('',(#6692));
#6694=SURFACE_STYLE_USAGE(.NEGATIVE.,#6693);
#6695=PRESENTATION_STYLE_ASSIGNMENT((#6694));
#6696=OVER_RIDING_STYLED_ITEM('',(#6695),#6689,#327);
#6697=CARTESIAN_POINT('',(-8.060033919290E0,3.076977463100E1,8.807911277729E0));
#6698=DIRECTION('',(-6.772827812781E-1,2.031945722310E-1,7.071067811865E-1));
#6699=DIRECTION('',(6.772827812781E-1,-2.031945722310E-1,7.071067811865E-1));
#6700=AXIS2_PLACEMENT_3D('',#6697,#6698,#6699);
#6701=PLANE('',#6700);
#6702=ORIENTED_EDGE('',*,*,#6187,.F.);
#6704=ORIENTED_EDGE('',*,*,#6703,.F.);
#6705=ORIENTED_EDGE('',*,*,#6680,.T.);
#6707=ORIENTED_EDGE('',*,*,#6706,.T.);
#6708=EDGE_LOOP('',(#6702,#6704,#6705,#6707));
#6709=FACE_OUTER_BOUND('',#6708,.F.);
#6711=FILL_AREA_STYLE_COLOUR('',#76);
#6712=FILL_AREA_STYLE('',(#6711));
#6713=SURFACE_STYLE_FILL_AREA(#6712);
#6714=SURFACE_SIDE_STYLE('',(#6713));
#6715=SURFACE_STYLE_USAGE(.NEGATIVE.,#6714);
#6716=PRESENTATION_STYLE_ASSIGNMENT((#6715));
#6717=OVER_RIDING_STYLED_ITEM('',(#6716),#6710,#327);
#6718=CARTESIAN_POINT('',(7.E0,1.171649361025E1,8.807911277729E0));
#6719=DIRECTION('',(0.E0,0.E0,-1.E0));
#6720=DIRECTION('',(0.E0,-1.E0,0.E0));
#6721=AXIS2_PLACEMENT_3D('',#6718,#6719,#6720);
#6722=CONICAL_SURFACE('',#6721,1.99E1,4.5E1);
#6723=ORIENTED_EDGE('',*,*,#6185,.F.);
#6724=ORIENTED_EDGE('',*,*,#6343,.T.);
#6726=ORIENTED_EDGE('',*,*,#6725,.T.);
#6727=ORIENTED_EDGE('',*,*,#6703,.T.);
#6728=EDGE_LOOP('',(#6723,#6724,#6726,#6727));
#6729=FACE_OUTER_BOUND('',#6728,.F.);
#6731=FILL_AREA_STYLE_COLOUR('',#76);
#6732=FILL_AREA_STYLE('',(#6731));
#6733=SURFACE_STYLE_FILL_AREA(#6732);
#6734=SURFACE_SIDE_STYLE('',(#6733));
#6735=SURFACE_STYLE_USAGE(.NEGATIVE.,#6734);
#6736=PRESENTATION_STYLE_ASSIGNMENT((#6735));
#6737=OVER_RIDING_STYLED_ITEM('',(#6736),#6730,#327);
#6738=CARTESIAN_POINT('',(7.E0,1.171649361025E1,1.105053495425E2));
#6739=DIRECTION('',(0.E0,0.E0,-1.E0));
#6740=DIRECTION('',(-1.E0,0.E0,0.E0));
#6741=AXIS2_PLACEMENT_3D('',#6738,#6739,#6740);
#6742=CYLINDRICAL_SURFACE('',#6741,2.E1);
#6743=ORIENTED_EDGE('',*,*,#6725,.F.);
#6744=ORIENTED_EDGE('',*,*,#6369,.F.);
#6746=ORIENTED_EDGE('',*,*,#6745,.T.);
#6747=ORIENTED_EDGE('',*,*,#6682,.F.);
#6748=EDGE_LOOP('',(#6743,#6744,#6746,#6747));
#6749=FACE_OUTER_BOUND('',#6748,.F.);
#6751=FILL_AREA_STYLE_COLOUR('',#76);
#6752=FILL_AREA_STYLE('',(#6751));
#6753=SURFACE_STYLE_FILL_AREA(#6752);
#6754=SURFACE_SIDE_STYLE('',(#6753));
#6755=SURFACE_STYLE_USAGE(.NEGATIVE.,#6754);
#6756=PRESENTATION_STYLE_ASSIGNMENT((#6755));
#6757=OVER_RIDING_STYLED_ITEM('',(#6756),#6750,#327);
#6758=CARTESIAN_POINT('',(1.024124644361E1,1.172049983249E1,-6.968572105590E0));
#6759=DIRECTION('',(1.013429982070E-5,3.868495517362E-1,-9.221428437172E-1));
#6760=DIRECTION('',(-9.630442087742E-1,2.483768382476E-1,1.041863626807E-1));
#6761=AXIS2_PLACEMENT_3D('',#6758,#6759,#6760);
#6762=TOROIDAL_SURFACE('',#6761,2.224138399376E1,9.999999137935E-1);
#6763=ORIENTED_EDGE('',*,*,#6630,.F.);
#6764=ORIENTED_EDGE('',*,*,#6660,.T.);
#6765=ORIENTED_EDGE('',*,*,#6745,.F.);
#6767=ORIENTED_EDGE('',*,*,#6766,.F.);
#6768=EDGE_LOOP('',(#6763,#6764,#6765,#6767));
#6769=FACE_OUTER_BOUND('',#6768,.F.);
#6771=FILL_AREA_STYLE_COLOUR('',#76);
#6772=FILL_AREA_STYLE('',(#6771));
#6773=SURFACE_STYLE_FILL_AREA(#6772);
#6774=SURFACE_SIDE_STYLE('',(#6773));
#6775=SURFACE_STYLE_USAGE(.NEGATIVE.,#6774);
#6776=PRESENTATION_STYLE_ASSIGNMENT((#6775));
#6777=OVER_RIDING_STYLED_ITEM('',(#6776),#6770,#327);
#6778=CARTESIAN_POINT('',(-1.2E1,1.200550509894E2,3.847885142166E1));
#6779=DIRECTION('',(0.E0,-9.221426237161E-1,-3.868500762906E-1));
#6780=DIRECTION('',(-1.E0,0.E0,0.E0));
#6781=AXIS2_PLACEMENT_3D('',#6778,#6779,#6780);
#6782=CYLINDRICAL_SURFACE('',#6781,1.E0);
#6784=ORIENTED_EDGE('',*,*,#6783,.F.);
#6785=ORIENTED_EDGE('',*,*,#6632,.F.);
#6786=ORIENTED_EDGE('',*,*,#6766,.T.);
#6787=ORIENTED_EDGE('',*,*,#6367,.F.);
#6788=EDGE_LOOP('',(#6784,#6785,#6786,#6787));
#6789=FACE_OUTER_BOUND('',#6788,.F.);
#6791=FILL_AREA_STYLE_COLOUR('',#76);
#6792=FILL_AREA_STYLE('',(#6791));
#6793=SURFACE_STYLE_FILL_AREA(#6792);
#6794=SURFACE_SIDE_STYLE('',(#6793));
#6795=SURFACE_STYLE_USAGE(.NEGATIVE.,#6794);
#6796=PRESENTATION_STYLE_ASSIGNMENT((#6795));
#6797=OVER_RIDING_STYLED_ITEM('',(#6796),#6790,#327);
#6798=CARTESIAN_POINT('',(-1.2E1,3.470445091693E0,-6.092088722271E0));
#6799=DIRECTION('',(1.E0,0.E0,0.E0));
#6800=DIRECTION('',(0.E0,3.868500762906E-1,-9.221426237161E-1));
#6801=AXIS2_PLACEMENT_3D('',#6798,#6799,#6800);
#6802=TOROIDAL_SURFACE('',#6801,4.E0,1.E0);
#6803=ORIENTED_EDGE('',*,*,#6783,.T.);
#6804=ORIENTED_EDGE('',*,*,#6365,.F.);
#6805=ORIENTED_EDGE('',*,*,#6403,.T.);
#6807=ORIENTED_EDGE('',*,*,#6806,.T.);
#6808=EDGE_LOOP('',(#6803,#6804,#6805,#6807));
#6809=FACE_OUTER_BOUND('',#6808,.F.);
#6811=FILL_AREA_STYLE_COLOUR('',#76);
#6812=FILL_AREA_STYLE('',(#6811));
#6813=SURFACE_STYLE_FILL_AREA(#6812);
#6814=SURFACE_SIDE_STYLE('',(#6813));
#6815=SURFACE_STYLE_USAGE(.NEGATIVE.,#6814);
#6816=PRESENTATION_STYLE_ASSIGNMENT((#6815));
#6817=OVER_RIDING_STYLED_ITEM('',(#6816),#6810,#327);
#6818=CARTESIAN_POINT('',(-9.644980494697E1,3.470445091693E0,
-6.092088722271E0));
#6819=DIRECTION('',(1.E0,0.E0,0.E0));
#6820=DIRECTION('',(0.E0,0.E0,-1.E0));
#6821=AXIS2_PLACEMENT_3D('',#6818,#6819,#6820);
#6822=CYLINDRICAL_SURFACE('',#6821,5.E0);
#6823=ORIENTED_EDGE('',*,*,#6425,.T.);
#6825=ORIENTED_EDGE('',*,*,#6824,.F.);
#6826=ORIENTED_EDGE('',*,*,#6634,.T.);
#6827=ORIENTED_EDGE('',*,*,#6806,.F.);
#6828=EDGE_LOOP('',(#6823,#6825,#6826,#6827));
#6829=FACE_OUTER_BOUND('',#6828,.F.);
#6831=FILL_AREA_STYLE_COLOUR('',#76);
#6832=FILL_AREA_STYLE('',(#6831));
#6833=SURFACE_STYLE_FILL_AREA(#6832);
#6834=SURFACE_SIDE_STYLE('',(#6833));
#6835=SURFACE_STYLE_USAGE(.NEGATIVE.,#6834);
#6836=PRESENTATION_STYLE_ASSIGNMENT((#6835));
#6837=OVER_RIDING_STYLED_ITEM('',(#6836),#6830,#327);
#6838=CARTESIAN_POINT('',(1.2E1,3.470445091693E0,-6.092088722271E0));
#6839=DIRECTION('',(1.E0,0.E0,0.E0));
#6840=DIRECTION('',(0.E0,3.868500762906E-1,-9.221426237161E-1));
#6841=AXIS2_PLACEMENT_3D('',#6838,#6839,#6840);
#6842=TOROIDAL_SURFACE('',#6841,4.E0,1.E0);
#6843=ORIENTED_EDGE('',*,*,#6489,.F.);
#6845=ORIENTED_EDGE('',*,*,#6844,.T.);
#6846=ORIENTED_EDGE('',*,*,#6824,.T.);
#6847=ORIENTED_EDGE('',*,*,#6463,.T.);
#6848=EDGE_LOOP('',(#6843,#6845,#6846,#6847));
#6849=FACE_OUTER_BOUND('',#6848,.F.);
#6851=FILL_AREA_STYLE_COLOUR('',#76);
#6852=FILL_AREA_STYLE('',(#6851));
#6853=SURFACE_STYLE_FILL_AREA(#6852);
#6854=SURFACE_SIDE_STYLE('',(#6853));
#6855=SURFACE_STYLE_USAGE(.NEGATIVE.,#6854);
#6856=PRESENTATION_STYLE_ASSIGNMENT((#6855));
#6857=OVER_RIDING_STYLED_ITEM('',(#6856),#6850,#327);
#6858=CARTESIAN_POINT('',(1.2E1,1.052656071524E2,3.227449937298E1));
#6859=DIRECTION('',(0.E0,-9.221426237161E-1,-3.868500762906E-1));
#6860=DIRECTION('',(0.E0,3.868500762906E-1,-9.221426237161E-1));
#6861=AXIS2_PLACEMENT_3D('',#6858,#6859,#6860);
#6862=CYLINDRICAL_SURFACE('',#6861,1.E0);
#6863=ORIENTED_EDGE('',*,*,#6844,.F.);
#6864=ORIENTED_EDGE('',*,*,#6487,.F.);
#6866=ORIENTED_EDGE('',*,*,#6865,.T.);
#6867=ORIENTED_EDGE('',*,*,#6636,.F.);
#6868=EDGE_LOOP('',(#6863,#6864,#6866,#6867));
#6869=FACE_OUTER_BOUND('',#6868,.F.);
#6871=FILL_AREA_STYLE_COLOUR('',#76);
#6872=FILL_AREA_STYLE('',(#6871));
#6873=SURFACE_STYLE_FILL_AREA(#6872);
#6874=SURFACE_SIDE_STYLE('',(#6873));
#6875=SURFACE_STYLE_USAGE(.NEGATIVE.,#6874);
#6876=PRESENTATION_STYLE_ASSIGNMENT((#6875));
#6877=OVER_RIDING_STYLED_ITEM('',(#6876),#6870,#327);
#6878=CARTESIAN_POINT('',(-1.024124638010E1,1.172049984016E1,
-6.968572099620E0));
#6879=DIRECTION('',(1.013442173714E-5,-3.868495517624E-1,9.221428437062E-1));
#6880=DIRECTION('',(9.630442086798E-1,2.483768386013E-1,1.041863627101E-1));
#6881=AXIS2_PLACEMENT_3D('',#6878,#6879,#6880);
#6882=TOROIDAL_SURFACE('',#6881,2.224138392980E1,9.999999137838E-1);
#6883=ORIENTED_EDGE('',*,*,#6608,.T.);
#6884=ORIENTED_EDGE('',*,*,#6638,.F.);
#6885=ORIENTED_EDGE('',*,*,#6865,.F.);
#6887=ORIENTED_EDGE('',*,*,#6886,.F.);
#6888=EDGE_LOOP('',(#6883,#6884,#6885,#6887));
#6889=FACE_OUTER_BOUND('',#6888,.F.);
#6891=FILL_AREA_STYLE_COLOUR('',#76);
#6892=FILL_AREA_STYLE('',(#6891));
#6893=SURFACE_STYLE_FILL_AREA(#6892);
#6894=SURFACE_SIDE_STYLE('',(#6893));
#6895=SURFACE_STYLE_USAGE(.NEGATIVE.,#6894);
#6896=PRESENTATION_STYLE_ASSIGNMENT((#6895));
#6897=OVER_RIDING_STYLED_ITEM('',(#6896),#6890,#327);
#6898=CARTESIAN_POINT('',(-7.E0,1.171649361024E1,9.925700881183E1));
#6899=DIRECTION('',(0.E0,0.E0,-1.E0));
#6900=DIRECTION('',(9.578224948453E-1,2.873605198497E-1,0.E0));
#6901=AXIS2_PLACEMENT_3D('',#6898,#6899,#6900);
#6902=CYLINDRICAL_SURFACE('',#6901,2.E1);
#6903=ORIENTED_EDGE('',*,*,#6545,.F.);
#6904=ORIENTED_EDGE('',*,*,#6586,.F.);
#6905=ORIENTED_EDGE('',*,*,#6886,.T.);
#6906=ORIENTED_EDGE('',*,*,#6485,.F.);
#6907=EDGE_LOOP('',(#6903,#6904,#6905,#6906));
#6908=FACE_OUTER_BOUND('',#6907,.F.);
#6910=FILL_AREA_STYLE_COLOUR('',#76);
#6911=FILL_AREA_STYLE('',(#6910));
#6912=SURFACE_STYLE_FILL_AREA(#6911);
#6913=SURFACE_SIDE_STYLE('',(#6912));
#6914=SURFACE_STYLE_USAGE(.NEGATIVE.,#6913);
#6915=PRESENTATION_STYLE_ASSIGNMENT((#6914));
#6916=OVER_RIDING_STYLED_ITEM('',(#6915),#6909,#327);
#6917=CARTESIAN_POINT('',(-3.511162036041E0,4.28E1,-3.762509897957E1));
#6918=DIRECTION('',(0.E0,0.E0,1.E0));
#6919=DIRECTION('',(0.E0,1.E0,0.E0));
#6920=AXIS2_PLACEMENT_3D('',#6917,#6918,#6919);
#6921=CYLINDRICAL_SURFACE('',#6920,1.E0);
#6923=ORIENTED_EDGE('',*,*,#6922,.T.);
#6924=ORIENTED_EDGE('',*,*,#6189,.F.);
#6925=ORIENTED_EDGE('',*,*,#6706,.F.);
#6926=ORIENTED_EDGE('',*,*,#6685,.T.);
#6928=ORIENTED_EDGE('',*,*,#6927,.F.);
#6929=EDGE_LOOP('',(#6923,#6924,#6925,#6926,#6928));
#6930=FACE_OUTER_BOUND('',#6929,.F.);
#6932=FILL_AREA_STYLE_COLOUR('',#76);
#6933=FILL_AREA_STYLE('',(#6932));
#6934=SURFACE_STYLE_FILL_AREA(#6933);
#6935=SURFACE_SIDE_STYLE('',(#6934));
#6936=SURFACE_STYLE_USAGE(.NEGATIVE.,#6935);
#6937=PRESENTATION_STYLE_ASSIGNMENT((#6936));
#6938=OVER_RIDING_STYLED_ITEM('',(#6937),#6931,#327);
#6939=CARTESIAN_POINT('',(-3.999568665504E0,4.38E1,8.707911277729E0));
#6940=DIRECTION('',(0.E0,-1.E0,0.E0));
#6941=DIRECTION('',(0.E0,0.E0,-1.E0));
#6942=AXIS2_PLACEMENT_3D('',#6939,#6940,#6941);
#6943=PLANE('',#6942);
#6945=ORIENTED_EDGE('',*,*,#6944,.F.);
#6947=ORIENTED_EDGE('',*,*,#6946,.F.);
#6949=ORIENTED_EDGE('',*,*,#6948,.T.);
#6950=ORIENTED_EDGE('',*,*,#6191,.F.);
#6951=ORIENTED_EDGE('',*,*,#6922,.F.);
#6953=ORIENTED_EDGE('',*,*,#6952,.F.);
#6955=ORIENTED_EDGE('',*,*,#6954,.F.);
#6956=ORIENTED_EDGE('',*,*,#6202,.F.);
#6957=EDGE_LOOP('',(#6945,#6947,#6949,#6950,#6951,#6953,#6955,#6956));
#6958=FACE_OUTER_BOUND('',#6957,.F.);
#6960=FILL_AREA_STYLE_COLOUR('',#76);
#6961=FILL_AREA_STYLE('',(#6960));
#6962=SURFACE_STYLE_FILL_AREA(#6961);
#6963=SURFACE_SIDE_STYLE('',(#6962));
#6964=SURFACE_STYLE_USAGE(.NEGATIVE.,#6963);
#6965=PRESENTATION_STYLE_ASSIGNMENT((#6964));
#6966=OVER_RIDING_STYLED_ITEM('',(#6965),#6959,#327);
#6967=CARTESIAN_POINT('',(2.562834923235E0,4.455645922023E1,8.707911277729E0));
#6968=DIRECTION('',(-9.578224948453E-1,-2.873605198497E-1,0.E0));
#6969=DIRECTION('',(-2.873605198497E-1,9.578224948453E-1,0.E0));
#6970=AXIS2_PLACEMENT_3D('',#6967,#6968,#6969);
#6971=PLANE('',#6970);
#6972=ORIENTED_EDGE('',*,*,#6200,.F.);
#6974=ORIENTED_EDGE('',*,*,#6973,.F.);
#6976=ORIENTED_EDGE('',*,*,#6975,.F.);
#6978=ORIENTED_EDGE('',*,*,#6977,.T.);
#6980=ORIENTED_EDGE('',*,*,#6979,.F.);
#6982=ORIENTED_EDGE('',*,*,#6981,.T.);
#6984=ORIENTED_EDGE('',*,*,#6983,.T.);
#6986=ORIENTED_EDGE('',*,*,#6985,.F.);
#6987=ORIENTED_EDGE('',*,*,#6944,.T.);
#6988=EDGE_LOOP('',(#6972,#6974,#6976,#6978,#6980,#6982,#6984,#6986,#6987));
#6989=FACE_OUTER_BOUND('',#6988,.F.);
#6991=CARTESIAN_POINT('',(3.994794364512E0,3.90875E1,1.742591127773E1));
#6992=DIRECTION('',(0.E0,0.E0,-1.E0));
#6993=DIRECTION('',(9.578224948453E-1,2.873605198497E-1,0.E0));
#6994=AXIS2_PLACEMENT_3D('',#6991,#6992,#6993);
#6995=CYLINDRICAL_SURFACE('',#6994,2.E-1);
#6996=ORIENTED_EDGE('',*,*,#6198,.F.);
#6998=ORIENTED_EDGE('',*,*,#6997,.T.);
#7000=ORIENTED_EDGE('',*,*,#6999,.F.);
#7002=ORIENTED_EDGE('',*,*,#7001,.F.);
#7003=ORIENTED_EDGE('',*,*,#6973,.T.);
#7004=EDGE_LOOP('',(#6996,#6998,#7000,#7002,#7003));
#7005=FACE_OUTER_BOUND('',#7004,.F.);
#7007=CARTESIAN_POINT('',(3.999568665503E0,3.88875E1,7.079112777290E-1));
#7008=DIRECTION('',(0.E0,1.E0,0.E0));
#7009=DIRECTION('',(1.E0,0.E0,0.E0));
#7010=AXIS2_PLACEMENT_3D('',#7007,#7008,#7009);
#7011=PLANE('',#7010);
#7012=ORIENTED_EDGE('',*,*,#6196,.T.);
#7013=ORIENTED_EDGE('',*,*,#6173,.F.);
#7015=ORIENTED_EDGE('',*,*,#7014,.F.);
#7016=ORIENTED_EDGE('',*,*,#6997,.F.);
#7017=EDGE_LOOP('',(#7012,#7013,#7015,#7016));
#7018=FACE_OUTER_BOUND('',#7017,.F.);
#7020=CARTESIAN_POINT('',(-2.644729664342E0,3.89875E1,1.080791127773E1));
#7021=DIRECTION('',(-1.E0,0.E0,0.E0));
#7022=DIRECTION('',(0.E0,0.E0,1.E0));
#7023=AXIS2_PLACEMENT_3D('',#7020,#7021,#7022);
#7024=CYLINDRICAL_SURFACE('',#7023,1.E-1);
#7026=ORIENTED_EDGE('',*,*,#7025,.F.);
#7027=ORIENTED_EDGE('',*,*,#7014,.T.);
#7029=ORIENTED_EDGE('',*,*,#7028,.F.);
#7031=ORIENTED_EDGE('',*,*,#7030,.T.);
#7032=EDGE_LOOP('',(#7026,#7027,#7029,#7031));
#7033=FACE_OUTER_BOUND('',#7032,.F.);
#7035=CARTESIAN_POINT('',(3.988513762628E0,3.888764800754E1,1.080477020182E1));
#7036=CARTESIAN_POINT('',(3.988453045199E0,3.888571594766E1,1.086627969534E1));
#7037=CARTESIAN_POINT('',(3.989819892299E0,3.892920972764E1,1.090979494747E1));
#7038=CARTESIAN_POINT('',(3.991751952180E0,3.899068886994E1,1.090786193376E1));
#7039=CARTESIAN_POINT('',(4.111502398456E0,3.888378293395E1,1.080477020182E1));
#7040=CARTESIAN_POINT('',(4.112630667969E0,3.888181350865E1,1.086627969534E1));
#7041=CARTESIAN_POINT('',(4.087231503877E0,3.892614844442E1,1.090979494747E1));
#7042=CARTESIAN_POINT('',(4.051329385821E0,3.898881657366E1,1.090786193376E1));
#7043=CARTESIAN_POINT('',(4.198511430563E0,3.897079196606E1,1.080477020182E1));
#7044=CARTESIAN_POINT('',(4.200480855864E0,3.896966369655E1,1.086627969535E1));
#7045=CARTESIAN_POINT('',(4.156145920094E0,3.899506286064E1,1.090979494747E1));
#7046=CARTESIAN_POINT('',(4.093477790847E0,3.903096497869E1,1.090786193376E1));
#7047=CARTESIAN_POINT('',(4.194646356969E0,3.909378060189E1,1.080477020182E1));
#7048=CARTESIAN_POINT('',(4.196578416850E0,3.909384131932E1,1.086627969535E1));
#7049=CARTESIAN_POINT('',(4.153084636869E0,3.909247447222E1,1.090979494747E1));
#7050=CARTESIAN_POINT('',(4.091605494566E0,3.909054241233E1,1.090786193376E1));
#7051=(BOUNDED_SURFACE()B_SPLINE_SURFACE(3,3,((#7035,#7036,#7037,#7038),(#7039,
#7040,#7041,#7042),(#7043,#7044,#7045,#7046),(#7047,#7048,#7049,#7050)),
.UNSPECIFIED.,.F.,.F.,.F.)B_SPLINE_SURFACE_WITH_KNOTS((4,4),(4,4),(0.E0,1.E0),(
0.E0,1.E0),.UNSPECIFIED.)GEOMETRIC_REPRESENTATION_ITEM()RATIONAL_B_SPLINE_SURFACE(((1.409592795987E0,1.113152711338E0,1.113152711338E0,1.409592795987E0),(
1.113152711342E0,8.790545484416E-1,8.790545484416E-1,1.113152711342E0),(
1.113152711342E0,8.790545484416E-1,8.790545484416E-1,1.113152711342E0),(
1.409592795987E0,1.113152711338E0,1.113152711338E0,1.409592795987E0)))REPRESENTATION_ITEM('')SURFACE());
#7052=ORIENTED_EDGE('',*,*,#6999,.T.);
#7053=ORIENTED_EDGE('',*,*,#7025,.T.);
#7055=ORIENTED_EDGE('',*,*,#7054,.F.);
#7057=ORIENTED_EDGE('',*,*,#7056,.T.);
#7058=EDGE_LOOP('',(#7052,#7053,#7055,#7057));
#7059=FACE_OUTER_BOUND('',#7058,.F.);
#7061=CARTESIAN_POINT('',(-2.644729664342E0,4.35875E1,1.090791127773E1));
#7062=DIRECTION('',(0.E0,0.E0,1.E0));
#7063=DIRECTION('',(1.E0,0.E0,0.E0));
#7064=AXIS2_PLACEMENT_3D('',#7061,#7062,#7063);
#7065=PLANE('',#7064);
#7067=ORIENTED_EDGE('',*,*,#7066,.F.);
#7069=ORIENTED_EDGE('',*,*,#7068,.T.);
#7071=ORIENTED_EDGE('',*,*,#7070,.T.);
#7072=ORIENTED_EDGE('',*,*,#7054,.T.);
#7073=ORIENTED_EDGE('',*,*,#7030,.F.);
#7075=ORIENTED_EDGE('',*,*,#7074,.T.);
#7076=ORIENTED_EDGE('',*,*,#6154,.T.);
#7077=ORIENTED_EDGE('',*,*,#6129,.T.);
#7078=EDGE_LOOP('',(#7067,#7069,#7071,#7072,#7073,#7075,#7076,#7077));
#7079=FACE_OUTER_BOUND('',#7078,.F.);
#7081=CARTESIAN_POINT('',(-4.194794364517E0,4.178749999986E1,5.907911277729E0));
#7082=DIRECTION('',(1.E0,0.E0,0.E0));
#7083=DIRECTION('',(0.E0,0.E0,-1.E0));
#7084=AXIS2_PLACEMENT_3D('',#7081,#7082,#7083);
#7085=CYLINDRICAL_SURFACE('',#7084,5.E0);
#7087=ORIENTED_EDGE('',*,*,#7086,.F.);
#7089=ORIENTED_EDGE('',*,*,#7088,.T.);
#7090=ORIENTED_EDGE('',*,*,#7066,.T.);
#7091=ORIENTED_EDGE('',*,*,#6114,.T.);
#7092=EDGE_LOOP('',(#7087,#7089,#7090,#7091));
#7093=FACE_OUTER_BOUND('',#7092,.F.);
#7095=CARTESIAN_POINT('',(-4.194794364517E0,4.508749999986E1,1.150791127773E1));
#7096=DIRECTION('',(1.E0,0.E0,0.E0));
#7097=DIRECTION('',(0.E0,0.E0,-1.E0));
#7098=AXIS2_PLACEMENT_3D('',#7095,#7096,#7097);
#7099=CYLINDRICAL_SURFACE('',#7098,1.5E0);
#7101=ORIENTED_EDGE('',*,*,#7100,.T.);
#7103=ORIENTED_EDGE('',*,*,#7102,.T.);
#7105=ORIENTED_EDGE('',*,*,#7104,.T.);
#7107=ORIENTED_EDGE('',*,*,#7106,.T.);
#7109=ORIENTED_EDGE('',*,*,#7108,.T.);
#7111=ORIENTED_EDGE('',*,*,#7110,.T.);
#7112=ORIENTED_EDGE('',*,*,#7086,.T.);
#7114=ORIENTED_EDGE('',*,*,#7113,.T.);
#7115=EDGE_LOOP('',(#7101,#7103,#7105,#7107,#7109,#7111,#7112,#7114));
#7116=FACE_OUTER_BOUND('',#7115,.F.);
#7118=CARTESIAN_POINT('',(-1.388966468931E0,4.659917916373E1,1.077319247751E1));
#7119=CARTESIAN_POINT('',(-1.403400671973E0,4.660076694689E1,1.077809203531E1));
#7120=CARTESIAN_POINT('',(-1.436557799576E0,4.657343122830E1,1.080479933199E1));
#7121=CARTESIAN_POINT('',(-1.434093342280E0,4.651683567410E1,1.083205329355E1));
#7122=CARTESIAN_POINT('',(-1.424591492820E0,4.648977381587E1,1.084180306468E1));
#7123=CARTESIAN_POINT('',(-1.407466325777E0,4.646537813598E1,1.084721716745E1));
#7124=CARTESIAN_POINT('',(-1.359598105326E0,4.642468818015E1,1.084863532927E1));
#7125=CARTESIAN_POINT('',(-1.312668584388E0,4.642536171144E1,1.082979478932E1));
#7126=CARTESIAN_POINT('',(-1.304020488360E0,4.643500778760E1,1.082157416228E1));
#7127=CARTESIAN_POINT('',(-1.428677971158E0,4.654943946911E1,1.067416423545E1));
#7128=CARTESIAN_POINT('',(-1.443251169360E0,4.655086221422E1,1.067994694254E1));
#7129=CARTESIAN_POINT('',(-1.474329476390E0,4.652499437905E1,1.070943228974E1));
#7130=CARTESIAN_POINT('',(-1.470630390574E0,4.647092444569E1,1.073957169879E1));
#7131=CARTESIAN_POINT('',(-1.460954477401E0,4.644490159639E1,1.075044242324E1));
#7132=CARTESIAN_POINT('',(-1.444073857485E0,4.642114587345E1,1.075665189365E1));
#7133=CARTESIAN_POINT('',(-1.397337180378E0,4.638064827445E1,1.075894212540E1));
#7134=CARTESIAN_POINT('',(-1.351622832406E0,4.637898469317E1,1.073882901185E1));
#7135=CARTESIAN_POINT('',(-1.342548606913E0,4.638789945703E1,1.072946219608E1));
#7136=CARTESIAN_POINT('',(-1.492697368748E0,4.646755412238E1,1.054507288961E1));
#7137=CARTESIAN_POINT('',(-1.507396722484E0,4.646874877227E1,1.055212539819E1));
#7138=CARTESIAN_POINT('',(-1.535496809920E0,4.644502278092E1,1.058454866608E1));
#7139=CARTESIAN_POINT('',(-1.530074883333E0,4.639474434749E1,1.061784506342E1));
#7140=CARTESIAN_POINT('',(-1.520157773039E0,4.637031990276E1,1.063003085177E1));
#7141=CARTESIAN_POINT('',(-1.503611723783E0,4.634762232481E1,1.063732599956E1));
#7142=CARTESIAN_POINT('',(-1.458421006310E0,4.630773436045E1,1.064127497526E1));
#7143=CARTESIAN_POINT('',(-1.414354990662E0,4.630287354354E1,1.062054245428E1));
#7144=CARTESIAN_POINT('',(-1.404637913721E0,4.631053544679E1,1.060975510879E1));
#7145=CARTESIAN_POINT('',(-1.586134183653E0,4.634246529827E1,1.039772479778E1));
#7146=CARTESIAN_POINT('',(-1.600713648516E0,4.634351176754E1,1.040644467423E1));
#7147=CARTESIAN_POINT('',(-1.624890495543E0,4.632276879948E1,1.044154195730E1));
#7148=CARTESIAN_POINT('',(-1.617294124577E0,4.627765123029E1,1.047777555940E1));
#7149=CARTESIAN_POINT('',(-1.607071748956E0,4.625544357611E1,1.049128267939E1));
#7150=CARTESIAN_POINT('',(-1.590931334385E0,4.623432341691E1,1.049983839613E1));
#7151=CARTESIAN_POINT('',(-1.547642236195E0,4.619578823461E1,1.050619319821E1));
#7152=CARTESIAN_POINT('',(-1.505680684799E0,4.618722433401E1,1.048598157263E1));
#7153=CARTESIAN_POINT('',(-1.495194450064E0,4.619290974160E1,1.047379753719E1));
#7154=CARTESIAN_POINT('',(-1.654891042581E0,4.624773361343E1,1.030316952475E1));
#7155=CARTESIAN_POINT('',(-1.669276463066E0,4.624874159054E1,1.031303025942E1));
#7156=CARTESIAN_POINT('',(-1.690774259259E0,4.623011973359E1,1.034954552384E1));
#7157=CARTESIAN_POINT('',(-1.681730670036E0,4.618865065315E1,1.038738940139E1));
#7158=CARTESIAN_POINT('',(-1.671305171268E0,4.616803089702E1,1.040167109232E1));
#7159=CARTESIAN_POINT('',(-1.655427987014E0,4.614808984119E1,1.041104397145E1));
#7160=CARTESIAN_POINT('',(-1.613379863552E0,4.611075118259E1,1.041915169973E1));
#7161=CARTESIAN_POINT('',(-1.572806949843E0,4.609988180054E1,1.039979712643E1));
#7162=CARTESIAN_POINT('',(-1.561804460863E0,4.610408461767E1,1.038685781303E1));
#7163=CARTESIAN_POINT('',(-1.726036574593E0,4.614655583514E1,1.021709396959E1));
#7164=CARTESIAN_POINT('',(-1.740150823558E0,4.614756981821E1,1.022804136303E1));
#7165=CARTESIAN_POINT('',(-1.759139767130E0,4.613102181156E1,1.026557545849E1));
#7166=CARTESIAN_POINT('',(-1.748773770089E0,4.609316778175E1,1.030464478346E1));
#7167=CARTESIAN_POINT('',(-1.738163000272E0,4.607415012785E1,1.031956708065E1));
#7168=CARTESIAN_POINT('',(-1.722519646940E0,4.605545597645E1,1.032968922861E1));
#7169=CARTESIAN_POINT('',(-1.681574476157E0,4.601958707912E1,1.033957164647E1));
#7170=CARTESIAN_POINT('',(-1.642222537894E0,4.600681275669E1,1.032147301964E1));
#7171=CARTESIAN_POINT('',(-1.630700832585E0,4.600950804528E1,1.030801992328E1));
#7172=CARTESIAN_POINT('',(-1.798512791652E0,4.604002500098E1,1.014046973807E1));
#7173=CARTESIAN_POINT('',(-1.812258277883E0,4.604112407591E1,1.015243646925E1));
#7174=CARTESIAN_POINT('',(-1.828858580275E0,4.602666229445E1,1.019066018265E1));
#7175=CARTESIAN_POINT('',(-1.817261948041E0,4.599239381652E1,1.023062003715E1));
#7176=CARTESIAN_POINT('',(-1.806477601013E0,4.597498081151E1,1.024605648995E1));
#7177=CARTESIAN_POINT('',(-1.791044270563E0,4.595757711786E1,1.025684596191E1));
#7178=CARTESIAN_POINT('',(-1.751100042862E0,4.592338277769E1,1.026844884280E1));
#7179=CARTESIAN_POINT('',(-1.712870968755E0,4.590905310604E1,1.025187569050E1));
#7180=CARTESIAN_POINT('',(-1.700861563093E0,4.591023744691E1,1.023814407522E1));
#7181=CARTESIAN_POINT('',(-1.872066315103E0,4.592810213565E1,1.007298726644E1));
#7182=CARTESIAN_POINT('',(-1.885344353983E0,4.592938346867E1,1.008589380861E1));
#7183=CARTESIAN_POINT('',(-1.899655764014E0,4.591705348551E1,1.012451881326E1));
#7184=CARTESIAN_POINT('',(-1.886904670349E0,4.588636165882E1,1.016507738610E1));
#7185=CARTESIAN_POINT('',(-1.875955839169E0,4.587055945904E1,1.018091457110E1));
#7186=CARTESIAN_POINT('',(-1.860711897464E0,4.585448550538E1,1.019229125287E1));
#7187=CARTESIAN_POINT('',(-1.821683154639E0,4.582214630910E1,1.020553740509E1));
#7188=CARTESIAN_POINT('',(-1.784502207563E0,4.580657961778E1,1.019069193373E1));
#7189=CARTESIAN_POINT('',(-1.772043520843E0,4.580626701093E1,1.017691052023E1));
#7190=CARTESIAN_POINT('',(-1.971103428153E0,4.577176844177E1,9.995025220383E0));
#7191=CARTESIAN_POINT('',(-1.983651497814E0,4.577341933636E1,1.000906645856E1));
#7192=CARTESIAN_POINT('',(-1.995073520191E0,4.576397379706E1,1.004789576869E1));
#7193=CARTESIAN_POINT('',(-1.980893451602E0,4.573803123759E1,1.008891422690E1));
#7194=CARTESIAN_POINT('',(-1.969738654792E0,4.572438324947E1,1.010514880515E1));
#7195=CARTESIAN_POINT('',(-1.954718808621E0,4.571013352506E1,1.011720193483E1));
#7196=CARTESIAN_POINT('',(-1.916789067E0,4.568050815684E1,1.013250332375E1));
#7197=CARTESIAN_POINT('',(-1.880882725103E0,4.566373675005E1,1.012014059249E1));
#7198=CARTESIAN_POINT('',(-1.867862119529E0,4.566149789861E1,1.010657954813E1));
#7199=CARTESIAN_POINT('',(-2.094245683362E0,4.556563270533E1,9.921166791716E0));
#7200=CARTESIAN_POINT('',(-2.105764988943E0,4.556791160264E1,9.936402991740E0));
#7201=CARTESIAN_POINT('',(-2.113992373863E0,4.556199903409E1,9.975005837854E0));
#7202=CARTESIAN_POINT('',(-2.098275239507E0,4.554184180783E1,1.001606250091E1));
#7203=CARTESIAN_POINT('',(-2.086894245769E0,4.553085997209E1,1.003255707939E1));
#7204=CARTESIAN_POINT('',(-2.072095873748E0,4.551896357610E1,1.004524125271E1));
#7205=CARTESIAN_POINT('',(-2.035277025955E0,4.549317135039E1,1.006274429073E1));
#7206=CARTESIAN_POINT('',(-2.000656187663E0,4.547584420753E1,1.005357153958E1));
#7207=CARTESIAN_POINT('',(-1.986962972453E0,4.547150727238E1,1.004073636262E1));
#7208=CARTESIAN_POINT('',(-2.235674794079E0,4.530852339973E1,9.873081862468E0));
#7209=CARTESIAN_POINT('',(-2.245794167598E0,4.531202133726E1,9.889221792716E0));
#7210=CARTESIAN_POINT('',(-2.250689297985E0,4.531054704091E1,9.926785026855E0));
#7211=CARTESIAN_POINT('',(-2.233406577028E0,4.529717194579E1,9.967088612343E0));
#7212=CARTESIAN_POINT('',(-2.221784962461E0,4.528931350901E1,9.983536620746E0));
#7213=CARTESIAN_POINT('',(-2.207184297262E0,4.528023934376E1,9.996632004906E0));
#7214=CARTESIAN_POINT('',(-2.171416498394E0,4.525932722597E1,1.001610603255E1));
#7215=CARTESIAN_POINT('',(-2.138072887145E0,4.524228611543E1,1.001062500126E1));
#7216=CARTESIAN_POINT('',(-2.123728303415E0,4.523590600567E1,9.999247668614E0));
#7217=CARTESIAN_POINT('',(-2.376915872988E0,4.502712570141E1,9.865907267104E0));
#7218=CARTESIAN_POINT('',(-2.385590755073E0,4.503213226153E1,9.882563282986E0));
#7219=CARTESIAN_POINT('',(-2.387599865939E0,4.503520757469E1,9.918539041918E0));
#7220=CARTESIAN_POINT('',(-2.368981494118E0,4.502873976509E1,9.957387507202E0));
#7221=CARTESIAN_POINT('',(-2.357143651051E0,4.502410726519E1,9.973446596631E0));
#7222=CARTESIAN_POINT('',(-2.342681678797E0,4.501805059219E1,9.986594195577E0));
#7223=CARTESIAN_POINT('',(-2.307709075332E0,4.500270862804E1,1.000727059655E1));
#7224=CARTESIAN_POINT('',(-2.275326079949E0,4.498714968236E1,1.000507011147E1));
#7225=CARTESIAN_POINT('',(-2.260331042235E0,4.497940862371E1,9.995457895273E0));
#7226=CARTESIAN_POINT('',(-2.464522988785E0,4.483427664111E1,9.894165320206E0));
#7227=CARTESIAN_POINT('',(-2.472231199181E0,4.484068027987E1,9.910687307794E0));
#7228=CARTESIAN_POINT('',(-2.472598339420E0,4.484707924205E1,9.945055748288E0));
#7229=CARTESIAN_POINT('',(-2.453220239422E0,4.484523500706E1,9.982364669200E0));
#7230=CARTESIAN_POINT('',(-2.441250280316E0,4.484273134350E1,9.997904086196E0));
#7231=CARTESIAN_POINT('',(-2.426848252170E0,4.483866660961E1,1.001082324987E1));
#7232=CARTESIAN_POINT('',(-2.392278541640E0,4.482706752273E1,1.003173910750E1));
#7233=CARTESIAN_POINT('',(-2.360427438780E0,4.481279267618E1,1.003138117312E1));
#7234=CARTESIAN_POINT('',(-2.345106674675E0,4.480444380880E1,1.002309395563E1));
#7235=CARTESIAN_POINT('',(-2.507748273225E0,4.473346970731E1,9.919078567381E0));
#7236=CARTESIAN_POINT('',(-2.515003024533E0,4.474060572451E1,9.935428674769E0));
#7237=CARTESIAN_POINT('',(-2.514632867313E0,4.474868372149E1,9.968863321834E0));
#7238=CARTESIAN_POINT('',(-2.494909545009E0,4.474919329966E1,1.000522988603E1));
#7239=CARTESIAN_POINT('',(-2.482876128615E0,4.474778158447E1,1.002042484196E1));
#7240=CARTESIAN_POINT('',(-2.468494027124E0,4.474475284280E1,1.003313995124E1));
#7241=CARTESIAN_POINT('',(-2.434084455361E0,4.473514499605E1,1.005397497506E1));
#7242=CARTESIAN_POINT('',(-2.402445758666E0,4.472169215662E1,1.005438337778E1));
#7243=CARTESIAN_POINT('',(-2.386959825955E0,4.471317427989E1,1.004673620037E1));
#7244=B_SPLINE_SURFACE_WITH_KNOTS('',3,3,((#7118,#7119,#7120,#7121,#7122,#7123,
#7124,#7125,#7126),(#7127,#7128,#7129,#7130,#7131,#7132,#7133,#7134,#7135),(
#7136,#7137,#7138,#7139,#7140,#7141,#7142,#7143,#7144),(#7145,#7146,#7147,#7148,
#7149,#7150,#7151,#7152,#7153),(#7154,#7155,#7156,#7157,#7158,#7159,#7160,#7161,
#7162),(#7163,#7164,#7165,#7166,#7167,#7168,#7169,#7170,#7171),(#7172,#7173,
#7174,#7175,#7176,#7177,#7178,#7179,#7180),(#7181,#7182,#7183,#7184,#7185,#7186,
#7187,#7188,#7189),(#7190,#7191,#7192,#7193,#7194,#7195,#7196,#7197,#7198),(
#7199,#7200,#7201,#7202,#7203,#7204,#7205,#7206,#7207),(#7208,#7209,#7210,#7211,
#7212,#7213,#7214,#7215,#7216),(#7217,#7218,#7219,#7220,#7221,#7222,#7223,#7224,
#7225),(#7226,#7227,#7228,#7229,#7230,#7231,#7232,#7233,#7234),(#7235,#7236,
#7237,#7238,#7239,#7240,#7241,#7242,#7243)),.UNSPECIFIED.,.F.,.F.,.F.,(4,1,1,1,
1,1,1,1,1,1,1,4),(4,1,1,1,1,1,4),(-4.559482863931E-5,2.906993596479E-4,
4.360490394719E-4,5.813987192958E-4,7.267483991198E-4,8.720980789438E-4,
1.017447758768E-3,1.162797438592E-3,1.453496798240E-3,1.744196157888E-3,
2.027909050424E-3,2.360167565608E-3),(-3.132976973371E-1,2.498653892494E-1,
3.748878243745E-1,4.999102594996E-1,6.249326946247E-1,7.499551297498E-1,
1.312763026902E0),.UNSPECIFIED.);
#7246=ORIENTED_EDGE('',*,*,#7245,.T.);
#7247=ORIENTED_EDGE('',*,*,#7102,.F.);
#7248=ORIENTED_EDGE('',*,*,#7100,.F.);
#7250=ORIENTED_EDGE('',*,*,#7249,.T.);
#7252=ORIENTED_EDGE('',*,*,#7251,.T.);
#7253=EDGE_LOOP('',(#7246,#7247,#7248,#7250,#7252));
#7254=FACE_OUTER_BOUND('',#7253,.F.);
#7256=CARTESIAN_POINT('',(-1.298211130202E0,4.641498304559E1,1.074292837189E1));
#7257=CARTESIAN_POINT('',(-1.457741752431E0,4.628785742141E1,1.081529477107E1));
#7258=CARTESIAN_POINT('',(-1.681757705061E0,4.645571577625E1,1.081757959052E1));
#7259=CARTESIAN_POINT('',(-1.407131156591E0,4.657938260949E1,1.072029811261E1));
#7260=CARTESIAN_POINT('',(-1.293745257561E0,4.642311659709E1,1.079287521589E1));
#7261=CARTESIAN_POINT('',(-1.432651114497E0,4.634482399291E1,1.093784855063E1));
#7262=CARTESIAN_POINT('',(-1.616970032050E0,4.650772910857E1,1.092755406786E1));
#7263=CARTESIAN_POINT('',(-1.403451797293E0,4.658427561647E1,1.073798133185E1));
#7264=CARTESIAN_POINT('',(-1.279347430327E0,4.645356422307E1,1.084145200908E1));
#7265=CARTESIAN_POINT('',(-1.383827309303E0,4.645508235228E1,1.097031436092E1));
#7266=CARTESIAN_POINT('',(-1.512798350346E0,4.658964936934E1,1.092546400043E1));
#7267=CARTESIAN_POINT('',(-1.391312309476E0,4.660058791605E1,1.075610389902E1));
#7268=CARTESIAN_POINT('',(-1.259710133624E0,4.649843848922E1,1.086551181167E1));
#7269=CARTESIAN_POINT('',(-1.350018731069E0,4.653128861178E1,1.097032013863E1));
#7270=CARTESIAN_POINT('',(-1.454555900232E0,4.663181673249E1,1.091266453652E1));
#7271=CARTESIAN_POINT('',(-1.374803732484E0,4.662253613489E1,1.076361137065E1));
#7272=(BOUNDED_SURFACE()B_SPLINE_SURFACE(3,3,((#7256,#7257,#7258,#7259),(#7260,
#7261,#7262,#7263),(#7264,#7265,#7266,#7267),(#7268,#7269,#7270,#7271)),
.UNSPECIFIED.,.F.,.F.,.F.)B_SPLINE_SURFACE_WITH_KNOTS((4,4),(4,4),(
-2.156692623900E-5,8.949378514135E-5),(-5.426543663009E-1,1.305091992346E0),
.UNSPECIFIED.)GEOMETRIC_REPRESENTATION_ITEM()RATIONAL_B_SPLINE_SURFACE(((
1.920185098597E0,5.083800719481E-1,3.475445330900E-1,1.437678482026E0),(
1.857200690628E0,5.420302475067E-1,3.922035059131E-1,1.407720465846E0),(
1.719044407338E0,6.158418992657E-1,4.901629517440E-1,1.342007564775E0),(
1.611835249095E0,6.731196782064E-1,5.661793983321E-1,1.291014409472E0)))REPRESENTATION_ITEM('')SURFACE());
#7274=ORIENTED_EDGE('',*,*,#7273,.T.);
#7276=ORIENTED_EDGE('',*,*,#7275,.F.);
#7277=ORIENTED_EDGE('',*,*,#7245,.F.);
#7279=ORIENTED_EDGE('',*,*,#7278,.F.);
#7280=EDGE_LOOP('',(#7274,#7276,#7277,#7279));
#7281=FACE_OUTER_BOUND('',#7280,.F.);
#7283=CARTESIAN_POINT('',(-1.303831886869E0,4.666731636955E1,1.074287885403E1));
#7284=CARTESIAN_POINT('',(-1.337528364712E0,4.672586294703E1,1.082828985686E1));
#7285=CARTESIAN_POINT('',(-1.297563314799E0,4.669242232941E1,1.093153671240E1));
#7286=CARTESIAN_POINT('',(-1.227943710424E0,4.659729277918E1,1.090185704158E1));
#7287=CARTESIAN_POINT('',(-1.336737182268E0,4.663822234509E1,1.074513242059E1));
#7288=CARTESIAN_POINT('',(-1.401830652971E0,4.670185707570E1,1.084293103925E1));
#7289=CARTESIAN_POINT('',(-1.358386644965E0,4.664867165962E1,1.097435110479E1));
#7290=CARTESIAN_POINT('',(-1.258227174805E0,4.654639503167E1,1.090393503440E1));
#7291=CARTESIAN_POINT('',(-1.360716439469E0,4.660756988631E1,1.073631914004E1));
#7292=CARTESIAN_POINT('',(-1.479001362030E0,4.665715528610E1,1.086211414916E1));
#7293=CARTESIAN_POINT('',(-1.443490823226E0,4.655385133828E1,1.104114292217E1));
#7294=CARTESIAN_POINT('',(-1.284732593613E0,4.648269101598E1,1.088360432201E1));
#7295=CARTESIAN_POINT('',(-1.375739521179E0,4.659285231972E1,1.072365553441E1));
#7296=CARTESIAN_POINT('',(-1.535237578476E0,4.659479862330E1,1.082716009754E1));
#7297=CARTESIAN_POINT('',(-1.514322302791E0,4.641464494551E1,1.098474628961E1));
#7298=CARTESIAN_POINT('',(-1.300564724803E0,4.643634507370E1,1.082290296220E1));
#7299=(BOUNDED_SURFACE()B_SPLINE_SURFACE(3,3,((#7283,#7284,#7285,#7286),(#7287,
#7288,#7289,#7290),(#7291,#7292,#7293,#7294),(#7295,#7296,#7297,#7298)),
.UNSPECIFIED.,.F.,.F.,.F.)B_SPLINE_SURFACE_WITH_KNOTS((4,4),(4,4),(
-3.352806177218E-5,1.029297711104E-4),(-6.230951546838E-1,1.341107465606E0),
.UNSPECIFIED.)GEOMETRIC_REPRESENTATION_ITEM()RATIONAL_B_SPLINE_SURFACE(((
1.477238605437E0,7.832556674523E-1,6.961327535456E-1,1.215869863717E0),(
1.625508491536E0,7.159169041300E-1,6.017263884522E-1,1.282936944504E0),(
1.816356008516E0,6.292409369827E-1,4.802100047888E-1,1.369263211933E0),(
1.927762141488E0,5.786443430421E-1,4.092755194430E-1,1.419655670693E0)))REPRESENTATION_ITEM('')SURFACE());
#7301=ORIENTED_EDGE('',*,*,#7300,.T.);
#7303=ORIENTED_EDGE('',*,*,#7302,.F.);
#7304=ORIENTED_EDGE('',*,*,#7273,.F.);
#7306=ORIENTED_EDGE('',*,*,#7305,.F.);
#7307=EDGE_LOOP('',(#7301,#7303,#7304,#7306));
#7308=FACE_OUTER_BOUND('',#7307,.F.);
#7310=CARTESIAN_POINT('',(-1.013481095656E0,4.628749999986E1,1.080791127773E1));
#7311=DIRECTION('',(0.E0,0.E0,1.E0));
#7312=DIRECTION('',(1.E0,0.E0,0.E0));
#7313=AXIS2_PLACEMENT_3D('',#7310,#7311,#7312);
#7314=TOROIDAL_SURFACE('',#7313,4.E-1,1.E-1);
#7316=ORIENTED_EDGE('',*,*,#7315,.T.);
#7318=ORIENTED_EDGE('',*,*,#7317,.F.);
#7319=ORIENTED_EDGE('',*,*,#7300,.F.);
#7321=ORIENTED_EDGE('',*,*,#7320,.T.);
#7322=EDGE_LOOP('',(#7316,#7318,#7319,#7321));
#7323=FACE_OUTER_BOUND('',#7322,.F.);
#7325=CARTESIAN_POINT('',(-2.644729664342E0,4.668749999986E1,1.080791127773E1));
#7326=DIRECTION('',(-1.E0,0.E0,0.E0));
#7327=DIRECTION('',(0.E0,0.E0,1.E0));
#7328=AXIS2_PLACEMENT_3D('',#7325,#7326,#7327);
#7329=CYLINDRICAL_SURFACE('',#7328,1.E-1);
#7331=ORIENTED_EDGE('',*,*,#7330,.F.);
#7333=ORIENTED_EDGE('',*,*,#7332,.T.);
#7334=ORIENTED_EDGE('',*,*,#7315,.F.);
#7336=ORIENTED_EDGE('',*,*,#7335,.T.);
#7337=EDGE_LOOP('',(#7331,#7333,#7334,#7336));
#7338=FACE_OUTER_BOUND('',#7337,.F.);
#7340=CARTESIAN_POINT('',(1.013481095656E0,4.628749999986E1,1.080791127773E1));
#7341=DIRECTION('',(0.E0,0.E0,1.E0));
#7342=DIRECTION('',(1.E0,0.E0,0.E0));
#7343=AXIS2_PLACEMENT_3D('',#7340,#7341,#7342);
#7344=TOROIDAL_SURFACE('',#7343,4.E-1,1.E-1);
#7346=ORIENTED_EDGE('',*,*,#7345,.F.);
#7348=ORIENTED_EDGE('',*,*,#7347,.F.);
#7349=ORIENTED_EDGE('',*,*,#7330,.T.);
#7351=ORIENTED_EDGE('',*,*,#7350,.T.);
#7352=EDGE_LOOP('',(#7346,#7348,#7349,#7351));
#7353=FACE_OUTER_BOUND('',#7352,.F.);
#7355=CARTESIAN_POINT('',(1.373714009247E0,4.659489221611E1,1.072528078122E1));
#7356=CARTESIAN_POINT('',(1.526741565811E0,4.660393177192E1,1.083197341815E1));
#7357=CARTESIAN_POINT('',(1.502930164676E0,4.643655033018E1,1.099271968748E1));
#7358=CARTESIAN_POINT('',(1.298393624514E0,4.644260790538E1,1.083073154796E1));
#7359=CARTESIAN_POINT('',(1.359111089659E0,4.660965314506E1,1.073674458679E1));
#7360=CARTESIAN_POINT('',(1.471931953601E0,4.666073184384E1,1.085960142637E1));
#7361=CARTESIAN_POINT('',(1.434869544481E0,4.656237547309E1,1.103295286840E1));
#7362=CARTESIAN_POINT('',(1.282799094674E0,4.648713245008E1,1.088410675549E1));
#7363=CARTESIAN_POINT('',(1.336278887545E0,4.663836852594E1,1.074482263541E1));
#7364=CARTESIAN_POINT('',(1.401383724029E0,4.670169116926E1,1.084300036800E1));
#7365=CARTESIAN_POINT('',(1.358070673805E0,4.664831235567E1,1.097439239234E1));
#7366=CARTESIAN_POINT('',(1.257945144643E0,4.654634633359E1,1.090349906737E1));
#7367=CARTESIAN_POINT('',(1.304650582032E0,4.666664203732E1,1.074300445008E1));
#7368=CARTESIAN_POINT('',(1.338553518191E0,4.672555621511E1,1.082846312336E1));
#7369=CARTESIAN_POINT('',(1.298398137053E0,4.669192431408E1,1.093209633004E1));
#7370=CARTESIAN_POINT('',(1.228586704715E0,4.659634507432E1,1.090196333059E1));
#7371=(BOUNDED_SURFACE()B_SPLINE_SURFACE(3,3,((#7355,#7356,#7357,#7358),(#7359,
#7360,#7361,#7362),(#7363,#7364,#7365,#7366),(#7367,#7368,#7369,#7370)),
.UNSPECIFIED.,.F.,.F.,.F.)B_SPLINE_SURFACE_WITH_KNOTS((4,4),(4,4),(
-2.486032724219E-5,1.038704627139E-4),(-6.231081387947E-1,1.341100860405E0),
.UNSPECIFIED.)GEOMETRIC_REPRESENTATION_ITEM()RATIONAL_B_SPLINE_SURFACE(((
1.911931248517E0,5.858527596229E-1,4.193666606146E-1,1.412472951494E0),(
1.801379607261E0,6.360590193824E-1,4.897557044617E-1,1.362469662502E0),(
1.625469594050E0,7.159473296516E-1,6.017589048900E-1,1.282904319754E0),(
1.479829913313E0,7.820885787482E-1,6.944887617818E-1,1.217030462420E0)))REPRESENTATION_ITEM('')SURFACE());
#7373=ORIENTED_EDGE('',*,*,#7372,.T.);
#7375=ORIENTED_EDGE('',*,*,#7374,.F.);
#7376=ORIENTED_EDGE('',*,*,#7345,.T.);
#7378=ORIENTED_EDGE('',*,*,#7377,.F.);
#7379=EDGE_LOOP('',(#7373,#7375,#7376,#7378));
#7380=FACE_OUTER_BOUND('',#7379,.F.);
#7382=CARTESIAN_POINT('',(1.258794595229E0,4.650030815703E1,1.086659146258E1));
#7383=CARTESIAN_POINT('',(1.348996193287E0,4.653374423255E1,1.097044191707E1));
#7384=CARTESIAN_POINT('',(1.452833382139E0,4.663291094293E1,1.091236409805E1));
#7385=CARTESIAN_POINT('',(1.374105963428E0,4.662346405057E1,1.076394791276E1));
#7386=CARTESIAN_POINT('',(1.279663877885E0,4.645307628926E1,1.084183835442E1));
#7387=CARTESIAN_POINT('',(1.383614306947E0,4.645522273979E1,1.097063334173E1));
#7388=CARTESIAN_POINT('',(1.512479736214E0,4.659022118009E1,1.092558115301E1));
#7389=CARTESIAN_POINT('',(1.391543748625E0,4.660030108726E1,1.075628510945E1));
#7390=CARTESIAN_POINT('',(1.294275868063E0,4.642169311011E1,1.079144433877E1));
#7391=CARTESIAN_POINT('',(1.435663166245E0,4.633834449004E1,1.093815809673E1));
#7392=CARTESIAN_POINT('',(1.623704686817E0,4.650212066024E1,1.092976905830E1));
#7393=CARTESIAN_POINT('',(1.403987976550E0,4.658355177920E1,1.073741472208E1));
#7394=CARTESIAN_POINT('',(1.298751808441E0,4.641412907033E1,1.073789574684E1));
#7395=CARTESIAN_POINT('',(1.460372027389E0,4.628158244493E1,1.080167863487E1));
#7396=CARTESIAN_POINT('',(1.689409469803E0,4.644974669949E1,1.080464235245E1));
#7397=CARTESIAN_POINT('',(1.407562224498E0,4.657882233952E1,1.071847833758E1));
#7398=(BOUNDED_SURFACE()B_SPLINE_SURFACE(3,3,((#7382,#7383,#7384,#7385),(#7386,
#7387,#7388,#7389),(#7390,#7391,#7392,#7393),(#7394,#7395,#7396,#7397)),
.UNSPECIFIED.,.F.,.F.,.F.)B_SPLINE_SURFACE_WITH_KNOTS((4,4),(4,4),(
-2.919218029654E-5,8.671597726178E-5),(-5.426879821334E-1,1.305010785635E0),
.UNSPECIFIED.)GEOMETRIC_REPRESENTATION_ITEM()RATIONAL_B_SPLINE_SURFACE(((
1.607430881496E0,6.755447574552E-1,5.693346134750E-1,1.288800449554E0),(
1.719500924741E0,6.156832749881E-1,4.898775263194E-1,1.342083678737E0),(
1.863427789543E0,5.388056791143E-1,3.878341157026E-1,1.410513099307E0),(
1.927254557180E0,5.047130275802E-1,3.425812640741E-1,1.440859266664E0)))REPRESENTATION_ITEM('')SURFACE());
#7400=ORIENTED_EDGE('',*,*,#7399,.T.);
#7402=ORIENTED_EDGE('',*,*,#7401,.F.);
#7403=ORIENTED_EDGE('',*,*,#7372,.F.);
#7405=ORIENTED_EDGE('',*,*,#7404,.F.);
#7406=EDGE_LOOP('',(#7400,#7402,#7403,#7405));
#7407=FACE_OUTER_BOUND('',#7406,.F.);
#7409=CARTESIAN_POINT('',(1.304424074246E0,4.643458420323E1,1.082192788719E1));
#7410=CARTESIAN_POINT('',(1.313796502032E0,4.642534472181E1,1.083023152196E1));
#7411=CARTESIAN_POINT('',(1.360087935171E0,4.642509486779E1,1.084860952582E1));
#7412=CARTESIAN_POINT('',(1.407470991609E0,4.646537251680E1,1.084720562099E1));
#7413=CARTESIAN_POINT('',(1.424596126911E0,4.648976811972E1,1.084179141438E1));
#7414=CARTESIAN_POINT('',(1.434097995437E0,4.651682984918E1,1.083204149726E1));
#7415=CARTESIAN_POINT('',(1.436587759990E0,4.657400284689E1,1.080450893136E1));
#7416=CARTESIAN_POINT('',(1.402600638274E0,4.660141712809E1,1.077743461764E1));
#7417=CARTESIAN_POINT('',(1.388341567976E0,4.659908697556E1,1.077297427713E1));
#7418=CARTESIAN_POINT('',(1.342968836739E0,4.638751003706E1,1.072987075206E1));
#7419=CARTESIAN_POINT('',(1.352720514355E0,4.637902460666E1,1.073930044975E1));
#7420=CARTESIAN_POINT('',(1.397814428193E0,4.638105420257E1,1.075891187700E1));
#7421=CARTESIAN_POINT('',(1.444077457692E0,4.642114143152E1,1.075664474838E1));
#7422=CARTESIAN_POINT('',(1.460958057143E0,4.644489709502E1,1.075043521018E1));
#7423=CARTESIAN_POINT('',(1.470633981924E0,4.647091985124E1,1.073956440408E1));
#7424=CARTESIAN_POINT('',(1.474370924953E0,4.652554153789E1,1.070911711629E1));
#7425=CARTESIAN_POINT('',(1.442500237921E0,4.655147845683E1,1.067922731924E1));
#7426=CARTESIAN_POINT('',(1.428044526720E0,4.654935683957E1,1.067391279421E1));
#7427=CARTESIAN_POINT('',(1.405083116691E0,4.631020432546E1,1.061022973768E1));
#7428=CARTESIAN_POINT('',(1.415411254275E0,4.630299187512E1,1.062103269351E1));
#7429=CARTESIAN_POINT('',(1.458880654059E0,4.630813637308E1,1.064123214833E1));
#7430=CARTESIAN_POINT('',(1.503613440927E0,4.634762015126E1,1.063732313749E1));
#7431=CARTESIAN_POINT('',(1.520159481335E0,4.637031770110E1,1.063002796098E1));
#7432=CARTESIAN_POINT('',(1.530076595291E0,4.639474210499E1,1.061784214032E1));
#7433=CARTESIAN_POINT('',(1.535553908492E0,4.644553371710E1,1.058420575621E1));
#7434=CARTESIAN_POINT('',(1.506715826058E0,4.646931606589E1,1.055133945239E1));
#7435=CARTESIAN_POINT('',(1.492054625687E0,4.646748544980E1,1.054477066626E1));
#7436=CARTESIAN_POINT('',(1.495670463218E0,4.619266770676E1,1.047433484212E1));
#7437=CARTESIAN_POINT('',(1.506685233214E0,4.618743229597E1,1.048646159251E1));
#7438=CARTESIAN_POINT('',(1.548081259850E0,4.619617813617E1,1.050612844278E1));
#7439=CARTESIAN_POINT('',(1.590931729259E0,4.623432286517E1,1.049983801333E1));
#7440=CARTESIAN_POINT('',(1.607072142756E0,4.625544302214E1,1.049128228937E1));
#7441=CARTESIAN_POINT('',(1.617294517293E0,4.627765066932E1,1.047777516391E1));
#7442=CARTESIAN_POINT('',(1.624968436003E0,4.632322880378E1,1.044117165871E1));
#7443=CARTESIAN_POINT('',(1.600126288908E0,4.634400906149E1,1.040559686166E1));
#7444=CARTESIAN_POINT('',(1.585493308224E0,4.634240660577E1,1.039735190232E1));
#7445=CARTESIAN_POINT('',(1.562300132514E0,4.610391079327E1,1.038742894117E1));
#7446=CARTESIAN_POINT('',(1.573776358167E0,4.610014726535E1,1.040025819627E1));
#7447=CARTESIAN_POINT('',(1.613804422064E0,4.611113162889E1,1.041907094745E1));
#7448=CARTESIAN_POINT('',(1.655426516565E0,4.614809196857E1,1.041104541770E1));
#7449=CARTESIAN_POINT('',(1.671303704522E0,4.616803304849E1,1.040167255095E1));
#7450=CARTESIAN_POINT('',(1.681729197446E0,4.618865284258E1,1.038739086325E1));
#7451=CARTESIAN_POINT('',(1.690865075867E0,4.623054537064E1,1.034916063999E1));
#7452=CARTESIAN_POINT('',(1.668751979049E0,4.624919088030E1,1.031215003193E1));
#7453=CARTESIAN_POINT('',(1.654255415600E0,4.624768089761E1,1.030274796535E1));
#7454=CARTESIAN_POINT('',(1.631225643074E0,4.600938966804E1,1.030860663147E1));
#7455=CARTESIAN_POINT('',(1.643169996321E0,4.600711301783E1,1.032189773396E1));
#7456=CARTESIAN_POINT('',(1.681994949527E0,4.601994262738E1,1.033946629440E1));
#7457=CARTESIAN_POINT('',(1.722525170683E0,4.605544805586E1,1.032968381465E1));
#7458=CARTESIAN_POINT('',(1.738168510388E0,4.607414213096E1,1.031956160520E1));
#7459=CARTESIAN_POINT('',(1.748779293473E0,4.609315965274E1,1.030463927837E1));
#7460=CARTESIAN_POINT('',(1.759251205753E0,4.613139974165E1,1.026517111118E1));
#7461=CARTESIAN_POINT('',(1.739694473011E0,4.614795784986E1,1.022712978812E1));
#7462=CARTESIAN_POINT('',(1.725419349014E0,4.614649227871E1,1.021661752306E1));
#7463=CARTESIAN_POINT('',(1.724764225629E0,4.587717068003E1,1.021548365414E1));
#7464=CARTESIAN_POINT('',(1.737296017929E0,4.587686754473E1,1.022908367201E1));
#7465=CARTESIAN_POINT('',(1.774646886622E0,4.589169740975E1,1.024464558711E1));
#7466=CARTESIAN_POINT('',(1.813856519072E0,4.592499292564E1,1.023259360595E1));
#7467=CARTESIAN_POINT('',(1.829219915220E0,4.594196688805E1,1.022158199869E1));
#7468=CARTESIAN_POINT('',(1.840062040975E0,4.595884572284E1,1.020597429454E1));
#7469=CARTESIAN_POINT('',(1.852190927847E0,4.599225867646E1,1.016530656475E1));
#7470=CARTESIAN_POINT('',(1.835878011144E0,4.600601984259E1,1.012633478284E1));
#7471=CARTESIAN_POINT('',(1.822036933655E0,4.600450570378E1,1.011442455097E1));
#7472=CARTESIAN_POINT('',(1.844559505446E0,4.569967005610E1,1.012039609787E1));
#7473=CARTESIAN_POINT('',(1.857735209534E0,4.570179899281E1,1.013381230550E1));
#7474=CARTESIAN_POINT('',(1.893421005363E0,4.571836396683E1,1.014635779365E1));
#7475=CARTESIAN_POINT('',(1.931187129403E0,4.574844835652E1,1.013164925878E1));
#7476=CARTESIAN_POINT('',(1.946251411140E0,4.576316955331E1,1.011972292866E1));
#7477=CARTESIAN_POINT('',(1.957360815799E0,4.577735213902E1,1.010354061103E1));
#7478=CARTESIAN_POINT('',(1.971374079092E0,4.580473230504E1,1.006211101027E1));
#7479=CARTESIAN_POINT('',(1.958874801850E0,4.581485540548E1,1.002271507254E1));
#7480=CARTESIAN_POINT('',(1.945848129526E0,4.581301569207E1,1.000925192765E1));
#7481=CARTESIAN_POINT('',(1.987589272046E0,4.547168074629E1,1.004128347103E1));
#7482=CARTESIAN_POINT('',(2.001500448540E0,4.547623742281E1,1.005377430107E1));
#7483=CARTESIAN_POINT('',(2.035665398423E0,4.549341109593E1,1.006255266026E1));
#7484=CARTESIAN_POINT('',(2.072110974586E0,4.551894189495E1,1.004522644412E1));
#7485=CARTESIAN_POINT('',(2.086909309533E0,4.553083807618E1,1.003254210832E1));
#7486=CARTESIAN_POINT('',(2.098290343331E0,4.554181954602E1,1.001604745550E1));
#7487=CARTESIAN_POINT('',(2.114168195287E0,4.556218150719E1,9.974571681310E0));
#7488=CARTESIAN_POINT('',(2.105579323084E0,4.556802810171E1,9.935456450895E0));
#7489=CARTESIAN_POINT('',(2.093749514335E0,4.556550207582E1,9.920489311115E0));
#7490=CARTESIAN_POINT('',(2.124362247662E0,4.523619693880E1,9.999746078820E0));
#7491=CARTESIAN_POINT('',(2.138866925314E0,4.524270008993E1,1.001075662841E1));
#7492=CARTESIAN_POINT('',(2.171774961375E0,4.525954468556E1,1.001591243734E1));
#7493=CARTESIAN_POINT('',(2.207180400247E0,4.528024493517E1,9.996635861847E0));
#7494=CARTESIAN_POINT('',(2.221781075918E0,4.528931915656E1,9.983540516318E0));
#7495=CARTESIAN_POINT('',(2.233402679519E0,4.529717768829E1,9.967092523247E0));
#7496=CARTESIAN_POINT('',(2.250861760595E0,4.531068959500E1,9.926377477780E0));
#7497=CARTESIAN_POINT('',(2.245669090044E0,4.531206180106E1,9.888318810155E0));
#7498=CARTESIAN_POINT('',(2.235219075058E0,4.530837214874E1,9.872381398094E0));
#7499=CARTESIAN_POINT('',(2.260880313777E0,4.497997070583E1,9.995877004074E0));
#7500=CARTESIAN_POINT('',(2.275984275445E0,4.498773995609E1,1.000512360366E1));
#7501=CARTESIAN_POINT('',(2.307947297E0,4.500308348273E1,1.000706740936E1));
#7502=CARTESIAN_POINT('',(2.342566203470E0,4.501827474336E1,9.986601485805E0));
#7503=CARTESIAN_POINT('',(2.357028292666E0,4.502433399940E1,9.973453914415E0));
#7504=CARTESIAN_POINT('',(2.368865952815E0,4.502896924772E1,9.957394479981E0));
#7505=CARTESIAN_POINT('',(2.387673252086E0,4.503550900575E1,9.918148152360E0));
#7506=CARTESIAN_POINT('',(2.385420525930E0,4.503229606613E1,9.881699208251E0));
#7507=CARTESIAN_POINT('',(2.376407289319E0,4.502714312300E1,9.865183923845E0));
#7508=CARTESIAN_POINT('',(2.345570546157E0,4.480525714177E1,1.002338283487E1));
#7509=CARTESIAN_POINT('',(2.360973481966E0,4.481357716077E1,1.003132069314E1));
#7510=CARTESIAN_POINT('',(2.392413789396E0,4.482763158327E1,1.003146530210E1));
#7511=CARTESIAN_POINT('',(2.426634241751E0,4.483912255488E1,1.001076198081E1));
#7512=CARTESIAN_POINT('',(2.441036423605E0,4.484319235138E1,9.997842237127E0));
#7513=CARTESIAN_POINT('',(2.453006046468E0,4.484570142704E1,9.982301498862E0));
#7514=CARTESIAN_POINT('',(2.472580015335E0,4.484757636617E1,9.944607748081E0));
#7515=CARTESIAN_POINT('',(2.471999485807E0,4.484101157363E1,9.909786435593E0));
#7516=CARTESIAN_POINT('',(2.463954397663E0,4.483448304432E1,9.893370731354E0));
#7517=CARTESIAN_POINT('',(2.387350602539E0,4.471419452827E1,1.004690006037E1));
#7518=CARTESIAN_POINT('',(2.402906272645E0,4.472265727496E1,1.005420884971E1));
#7519=CARTESIAN_POINT('',(2.434137768900E0,4.473589186706E1,1.005360686629E1));
#7520=CARTESIAN_POINT('',(2.468199808895E0,4.474541628777E1,1.003298238538E1));
#7521=CARTESIAN_POINT('',(2.482582052095E0,4.474845234803E1,1.002026583270E1));
#7522=CARTESIAN_POINT('',(2.494615020204E0,4.474987177648E1,1.000506844133E1));
#7523=CARTESIAN_POINT('',(2.514537225514E0,4.474937379135E1,9.968323893838E0));
#7524=CARTESIAN_POINT('',(2.514707273470E0,4.474111696220E1,9.934446763788E0));
#7525=CARTESIAN_POINT('',(2.507116995546E0,4.473386615235E1,9.918186757216E0));
#7526=B_SPLINE_SURFACE_WITH_KNOTS('',3,3,((#7409,#7410,#7411,#7412,#7413,#7414,
#7415,#7416,#7417),(#7418,#7419,#7420,#7421,#7422,#7423,#7424,#7425,#7426),(
#7427,#7428,#7429,#7430,#7431,#7432,#7433,#7434,#7435),(#7436,#7437,#7438,#7439,
#7440,#7441,#7442,#7443,#7444),(#7445,#7446,#7447,#7448,#7449,#7450,#7451,#7452,
#7453),(#7454,#7455,#7456,#7457,#7458,#7459,#7460,#7461,#7462),(#7463,#7464,
#7465,#7466,#7467,#7468,#7469,#7470,#7471),(#7472,#7473,#7474,#7475,#7476,#7477,
#7478,#7479,#7480),(#7481,#7482,#7483,#7484,#7485,#7486,#7487,#7488,#7489),(
#7490,#7491,#7492,#7493,#7494,#7495,#7496,#7497,#7498),(#7499,#7500,#7501,#7502,
#7503,#7504,#7505,#7506,#7507),(#7508,#7509,#7510,#7511,#7512,#7513,#7514,#7515,
#7516),(#7517,#7518,#7519,#7520,#7521,#7522,#7523,#7524,#7525)),.UNSPECIFIED.,
.F.,.F.,.F.,(4,1,1,1,1,1,1,1,1,1,4),(4,1,1,1,1,1,4),(-4.558052175866E-5,
2.906993596390E-4,4.360490394584E-4,5.813987192779E-4,7.267483990974E-4,
8.720980789169E-4,1.162797438556E-3,1.453496798195E-3,1.744196157834E-3,
2.027909393885E-3,2.359385125619E-3),(-3.045268281226E-1,2.500448980386E-1,
3.750673470579E-1,5.000897960773E-1,6.251122450966E-1,7.501346941159E-1,
1.321599615069E0),.UNSPECIFIED.);
#7528=ORIENTED_EDGE('',*,*,#7527,.T.);
#7529=ORIENTED_EDGE('',*,*,#7108,.F.);
#7530=ORIENTED_EDGE('',*,*,#7106,.F.);
#7531=ORIENTED_EDGE('',*,*,#7399,.F.);
#7533=ORIENTED_EDGE('',*,*,#7532,.T.);
#7534=EDGE_LOOP('',(#7528,#7529,#7530,#7531,#7533));
#7535=FACE_OUTER_BOUND('',#7534,.F.);
#7537=CARTESIAN_POINT('',(2.318312501319E0,4.480031374744E1,1.000843453310E1));
#7538=CARTESIAN_POINT('',(2.407001597668E0,4.484113135734E1,1.008810043622E1));
#7539=CARTESIAN_POINT('',(2.527349797281E0,4.486556343431E1,1.002271594455E1));
#7540=CARTESIAN_POINT('',(2.471873402495E0,4.482525687711E1,9.890082249874E0));
#7541=CARTESIAN_POINT('',(2.380798137653E0,4.460418790890E1,1.004656225252E1));
#7542=CARTESIAN_POINT('',(2.465177950279E0,4.465974866664E1,1.011629784174E1));
#7543=CARTESIAN_POINT('',(2.580418729073E0,4.467649044363E1,1.005100852068E1));
#7544=CARTESIAN_POINT('',(2.535186358691E0,4.461521712683E1,9.928150335034E0));
#7545=CARTESIAN_POINT('',(2.439553248896E0,4.442072748201E1,1.012232991519E1));
#7546=CARTESIAN_POINT('',(2.522617080864E0,4.447991900386E1,1.018079392165E1));
#7547=CARTESIAN_POINT('',(2.634206351996E0,4.448617350444E1,1.011741839248E1));
#7548=CARTESIAN_POINT('',(2.595363829152E0,4.441561947620E1,1.000702859981E1));
#7549=CARTESIAN_POINT('',(2.491356139921E0,4.425961765431E1,1.022718002491E1));
#7550=CARTESIAN_POINT('',(2.574321139019E0,4.431761182600E1,1.027964561070E1));
#7551=CARTESIAN_POINT('',(2.683191968011E0,4.431357022903E1,1.022152802245E1));
#7552=CARTESIAN_POINT('',(2.648684583328E0,4.423879036708E1,1.011945249117E1));
#7553=(BOUNDED_SURFACE()B_SPLINE_SURFACE(3,3,((#7537,#7538,#7539,#7540),(#7541,
#7542,#7543,#7544),(#7545,#7546,#7547,#7548),(#7549,#7550,#7551,#7552)),
.UNSPECIFIED.,.F.,.F.,.F.)B_SPLINE_SURFACE_WITH_KNOTS((4,4),(4,4),(
4.889033333168E0,5.275582173781E0),(-6.740733999795E-1,1.364066232650E0),
.UNSPECIFIED.)GEOMETRIC_REPRESENTATION_ITEM()RATIONAL_B_SPLINE_SURFACE(((
1.621234615571E0,7.429973011964E-1,6.270506056683E-1,1.273394528982E0),(
1.592845103648E0,7.547419480636E-1,6.440938466762E-1,1.260900799489E0),(
1.566228043052E0,7.657533376997E-1,6.600730216609E-1,1.249187094936E0),(
1.542980414743E0,7.753708043804E-1,6.740294057396E-1,1.238956218818E0)))REPRESENTATION_ITEM('')SURFACE());
#7554=ORIENTED_EDGE('',*,*,#6979,.T.);
#7556=ORIENTED_EDGE('',*,*,#7555,.F.);
#7557=ORIENTED_EDGE('',*,*,#7110,.F.);
#7558=ORIENTED_EDGE('',*,*,#7527,.F.);
#7559=EDGE_LOOP('',(#7554,#7556,#7557,#7558));
#7560=FACE_OUTER_BOUND('',#7559,.F.);
#7562=CARTESIAN_POINT('',(3.372269381424E0,4.176315662391E1,1.073893944812E1));
#7563=CARTESIAN_POINT('',(3.459504185970E0,4.178844348046E1,1.083483889822E1));
#7564=CARTESIAN_POINT('',(3.398170216989E0,4.176880429177E1,1.096775244943E1));
#7565=CARTESIAN_POINT('',(3.260896548385E0,4.172826418809E1,1.089744580213E1));
#7566=CARTESIAN_POINT('',(3.098847619079E0,4.267719553977E1,1.074834151488E1));
#7567=CARTESIAN_POINT('',(3.189348089313E0,4.267239568351E1,1.084037444275E1));
#7568=CARTESIAN_POINT('',(3.130830481471E0,4.266019767572E1,1.096589557785E1));
#7569=CARTESIAN_POINT('',(2.987106685738E0,4.266043843913E1,1.090900120200E1));
#7570=CARTESIAN_POINT('',(2.835540357614E0,4.355774461489E1,1.049725508077E1));
#7571=CARTESIAN_POINT('',(2.912453184546E0,4.357978789513E1,1.060015559645E1));
#7572=CARTESIAN_POINT('',(2.850970420729E0,4.359329477934E1,1.071925064509E1));
#7573=CARTESIAN_POINT('',(2.719408144699E0,4.357306272853E1,1.065626540360E1));
#7574=CARTESIAN_POINT('',(2.612198170672E0,4.430486284515E1,1.004843322101E1));
#7575=CARTESIAN_POINT('',(2.672289754683E0,4.436756457887E1,1.012262425311E1));
#7576=CARTESIAN_POINT('',(2.606972946164E0,4.440679871942E1,1.022033181320E1));
#7577=CARTESIAN_POINT('',(2.490820351260E0,4.435311733374E1,1.018905715341E1));
#7578=(BOUNDED_SURFACE()B_SPLINE_SURFACE(3,3,((#7562,#7563,#7564,#7565),(#7566,
#7567,#7568,#7569),(#7570,#7571,#7572,#7573),(#7574,#7575,#7576,#7577)),
.UNSPECIFIED.,.F.,.F.,.F.)B_SPLINE_SURFACE_WITH_KNOTS((4,4),(4,4),(
1.561467111464E0,2.112735208248E0),(-6.740257099537E-1,1.360751919261E0),
.UNSPECIFIED.)GEOMETRIC_REPRESENTATION_ITEM()RATIONAL_B_SPLINE_SURFACE(((
1.663106349908E0,7.271665764028E-1,6.022947792097E-1,1.288490958328E0),(
1.620881033964E0,7.445400754088E-1,6.276198701271E-1,1.270120418122E0),(
1.580434432351E0,7.611817269224E-1,6.518781578494E-1,1.252523725127E0),(
1.546792698688E0,7.750235327987E-1,6.720551522559E-1,1.237887557062E0)))REPRESENTATION_ITEM('')SURFACE());
#7579=ORIENTED_EDGE('',*,*,#7555,.T.);
#7580=ORIENTED_EDGE('',*,*,#6977,.F.);
#7582=ORIENTED_EDGE('',*,*,#7581,.T.);
#7583=ORIENTED_EDGE('',*,*,#7088,.F.);
#7584=EDGE_LOOP('',(#7579,#7580,#7582,#7583));
#7585=FACE_OUTER_BOUND('',#7584,.F.);
#7587=CARTESIAN_POINT('',(2.303729158667E0,4.507210879494E1,1.080791127773E1));
#7588=DIRECTION('',(2.873605198497E-1,-9.578224948453E-1,0.E0));
#7589=DIRECTION('',(9.578224948453E-1,2.873605198497E-1,0.E0));
#7590=AXIS2_PLACEMENT_3D('',#7587,#7588,#7589);
#7591=CYLINDRICAL_SURFACE('',#7590,1.E-1);
#7592=ORIENTED_EDGE('',*,*,#7581,.F.);
#7593=ORIENTED_EDGE('',*,*,#6975,.T.);
#7595=ORIENTED_EDGE('',*,*,#7594,.F.);
#7596=ORIENTED_EDGE('',*,*,#7068,.F.);
#7597=EDGE_LOOP('',(#7592,#7593,#7595,#7596));
#7598=FACE_OUTER_BOUND('',#7597,.F.);
#7600=CARTESIAN_POINT('',(4.194741623205E0,3.908633441429E1,1.080477020177E1));
#7601=CARTESIAN_POINT('',(4.196674604098E0,3.908632314605E1,1.086627969532E1));
#7602=CARTESIAN_POINT('',(4.153160091327E0,3.908657681241E1,1.090979494748E1));
#7603=CARTESIAN_POINT('',(4.091651642880E0,3.908693537381E1,1.090786193377E1));
#7604=CARTESIAN_POINT('',(4.194859850568E0,3.910661540854E1,1.080477020177E1));
#7605=CARTESIAN_POINT('',(4.196793974418E0,3.910680020586E1,1.086627969532E1));
#7606=CARTESIAN_POINT('',(4.153253731832E0,3.910264012038E1,1.090979494748E1));
#7607=CARTESIAN_POINT('',(4.091708913886E0,3.909675977409E1,1.090786193377E1));
#7608=CARTESIAN_POINT('',(4.191914601233E0,3.912668175379E1,1.080477020177E1));
#7609=CARTESIAN_POINT('',(4.193820252022E0,3.912706054158E1,1.086627969532E1));
#7610=CARTESIAN_POINT('',(4.150920983914E0,3.911853341829E1,1.090979494748E1));
#7611=CARTESIAN_POINT('',(4.090282193477E0,3.910648019536E1,1.090786193377E1));
#7612=CARTESIAN_POINT('',(4.185973403357E0,3.914607337242E1,1.080477020177E1));
#7613=CARTESIAN_POINT('',(4.187821617890E0,3.914663962778E1,1.086627969532E1));
#7614=CARTESIAN_POINT('',(4.146215332405E0,3.913389230742E1,1.090979494748E1));
#7615=CARTESIAN_POINT('',(4.087404193248E0,3.911587376953E1,1.090786193377E1));
#7616=(BOUNDED_SURFACE()B_SPLINE_SURFACE(3,3,((#7600,#7601,#7602,#7603),(#7604,
#7605,#7606,#7607),(#7608,#7609,#7610,#7611),(#7612,#7613,#7614,#7615)),
.UNSPECIFIED.,.F.,.F.,.F.)B_SPLINE_SURFACE_WITH_KNOTS((4,4),(4,4),(0.E0,1.E0),(
0.E0,1.E0),.UNSPECIFIED.)GEOMETRIC_REPRESENTATION_ITEM()RATIONAL_B_SPLINE_SURFACE(((1.194107302966E0,9.429842331537E-1,9.429842331537E-1,1.194107302966E0),(
1.184981209134E0,9.357773744634E-1,9.357773744634E-1,1.184981209134E0),(
1.184981209134E0,9.357773744634E-1,9.357773744634E-1,1.184981209134E0),(
1.194107302966E0,9.429842331537E-1,9.429842331537E-1,1.194107302966E0)))REPRESENTATION_ITEM('')SURFACE());
#7617=ORIENTED_EDGE('',*,*,#7056,.F.);
#7618=ORIENTED_EDGE('',*,*,#7070,.F.);
#7619=ORIENTED_EDGE('',*,*,#7594,.T.);
#7620=ORIENTED_EDGE('',*,*,#7001,.T.);
#7621=EDGE_LOOP('',(#7617,#7618,#7619,#7620));
#7622=FACE_OUTER_BOUND('',#7621,.F.);
#7624=CARTESIAN_POINT('',(-4.945581676753E0,4.154875199228E1,5.907911277729E0));
#7625=DIRECTION('',(0.E0,0.E0,1.E0));
#7626=DIRECTION('',(1.E0,0.E0,0.E0));
#7627=AXIS2_PLACEMENT_3D('',#7624,#7625,#7626);
#7628=CYLINDRICAL_SURFACE('',#7627,8.113551195392E0);
#7630=ORIENTED_EDGE('',*,*,#7629,.F.);
#7631=ORIENTED_EDGE('',*,*,#6981,.F.);
#7632=ORIENTED_EDGE('',*,*,#7532,.F.);
#7633=ORIENTED_EDGE('',*,*,#7404,.T.);
#7635=ORIENTED_EDGE('',*,*,#7634,.T.);
#7637=ORIENTED_EDGE('',*,*,#7636,.T.);
#7638=EDGE_LOOP('',(#7630,#7631,#7632,#7633,#7635,#7637));
#7639=FACE_OUTER_BOUND('',#7638,.F.);
#7641=CARTESIAN_POINT('',(-4.194794364517E0,4.382752346044E1,1.134250896399E1));
#7642=DIRECTION('',(1.E0,0.E0,0.E0));
#7643=DIRECTION('',(0.E0,0.E0,-1.E0));
#7644=AXIS2_PLACEMENT_3D('',#7641,#7642,#7643);
#7645=CYLINDRICAL_SURFACE('',#7644,3.437450775795E0);
#7647=ORIENTED_EDGE('',*,*,#7646,.F.);
#7649=ORIENTED_EDGE('',*,*,#7648,.T.);
#7650=ORIENTED_EDGE('',*,*,#6946,.T.);
#7651=ORIENTED_EDGE('',*,*,#6985,.T.);
#7652=ORIENTED_EDGE('',*,*,#6983,.F.);
#7653=ORIENTED_EDGE('',*,*,#7629,.T.);
#7655=ORIENTED_EDGE('',*,*,#7654,.T.);
#7657=ORIENTED_EDGE('',*,*,#7656,.T.);
#7659=ORIENTED_EDGE('',*,*,#7658,.T.);
#7661=ORIENTED_EDGE('',*,*,#7660,.T.);
#7662=EDGE_LOOP('',(#7647,#7649,#7650,#7651,#7652,#7653,#7655,#7657,#7659,
#7661));
#7663=FACE_OUTER_BOUND('',#7662,.F.);
#7665=CARTESIAN_POINT('',(-1.156326625774E1,1.455645922023E1,8.707911277729E0));
#7666=DIRECTION('',(9.578224948453E-1,-2.873605198497E-1,0.E0));
#7667=DIRECTION('',(0.E0,0.E0,-1.E0));
#7668=AXIS2_PLACEMENT_3D('',#7665,#7666,#7667);
#7669=PLANE('',#7668);
#7670=ORIENTED_EDGE('',*,*,#6193,.F.);
#7671=ORIENTED_EDGE('',*,*,#6948,.F.);
#7672=ORIENTED_EDGE('',*,*,#7648,.F.);
#7673=ORIENTED_EDGE('',*,*,#7646,.T.);
#7675=ORIENTED_EDGE('',*,*,#7674,.T.);
#7677=ORIENTED_EDGE('',*,*,#7676,.F.);
#7678=ORIENTED_EDGE('',*,*,#6110,.T.);
#7679=ORIENTED_EDGE('',*,*,#6126,.F.);
#7680=ORIENTED_EDGE('',*,*,#6168,.F.);
#7681=EDGE_LOOP('',(#7670,#7671,#7672,#7673,#7675,#7677,#7678,#7679,#7680));
#7682=FACE_OUTER_BOUND('',#7681,.F.);
#7684=CARTESIAN_POINT('',(4.945581676753E0,4.154875199228E1,5.907911277729E0));
#7685=DIRECTION('',(0.E0,0.E0,1.E0));
#7686=DIRECTION('',(1.E0,0.E0,0.E0));
#7687=AXIS2_PLACEMENT_3D('',#7684,#7685,#7686);
#7688=CYLINDRICAL_SURFACE('',#7687,8.113551195392E0);
#7689=ORIENTED_EDGE('',*,*,#7660,.F.);
#7691=ORIENTED_EDGE('',*,*,#7690,.T.);
#7693=ORIENTED_EDGE('',*,*,#7692,.T.);
#7694=ORIENTED_EDGE('',*,*,#7278,.T.);
#7695=ORIENTED_EDGE('',*,*,#7251,.F.);
#7696=ORIENTED_EDGE('',*,*,#7674,.F.);
#7697=EDGE_LOOP('',(#7689,#7691,#7693,#7694,#7695,#7696));
#7698=FACE_OUTER_BOUND('',#7697,.F.);
#7700=CARTESIAN_POINT('',(-9.641763360387E-1,4.678477086154E1,
1.054316807333E1));
#7701=CARTESIAN_POINT('',(-1.155330093382E0,4.680380252451E1,1.054177645461E1));
#7702=CARTESIAN_POINT('',(-1.328507838756E0,4.672062346755E1,1.053946711250E1));
#7703=CARTESIAN_POINT('',(-1.433101119021E0,4.655944700394E1,1.053691392941E1));
#7704=CARTESIAN_POINT('',(-9.595003989931E-1,4.679123604979E1,
9.918298985144E0));
#7705=CARTESIAN_POINT('',(-1.150275900587E0,4.680991430890E1,9.933660863748E0));
#7706=CARTESIAN_POINT('',(-1.323252046507E0,4.672664901613E1,9.958731406378E0));
#7707=CARTESIAN_POINT('',(-1.428101555641E0,4.656557239559E1,9.986226782010E0));
#7708=CARTESIAN_POINT('',(-1.038159660438E0,4.668284770347E1,9.316060890555E0));
#7709=CARTESIAN_POINT('',(-1.236059893849E0,4.670654565880E1,9.338927920427E0));
#7710=CARTESIAN_POINT('',(-1.412433028371E0,4.662474396200E1,9.390799616065E0));
#7711=CARTESIAN_POINT('',(-1.512231848119E0,4.646286837351E1,9.455518634629E0));
#7712=CARTESIAN_POINT('',(-1.172862594227E0,4.647005592224E1,8.745574775666E0));
#7713=CARTESIAN_POINT('',(-1.378629013389E0,4.650951599699E1,8.785962070745E0));
#7714=CARTESIAN_POINT('',(-1.561019422662E0,4.643067791600E1,8.863829573559E0));
#7715=CARTESIAN_POINT('',(-1.656061036867E0,4.626106254869E1,8.951914068712E0));
#7716=(BOUNDED_SURFACE()B_SPLINE_SURFACE(3,3,((#7700,#7701,#7702,#7703),(#7704,
#7705,#7706,#7707),(#7708,#7709,#7710,#7711),(#7712,#7713,#7714,#7715)),
.UNSPECIFIED.,.F.,.F.,.F.)B_SPLINE_SURFACE_WITH_KNOTS((4,4),(4,4),(
-4.633110691463E-5,1.600625039589E-3),(-1.155176769085E-1,1.111937647988E0),
.UNSPECIFIED.)GEOMETRIC_REPRESENTATION_ITEM()RATIONAL_B_SPLINE_SURFACE(((
1.025604908556E0,9.255235271960E-1,9.252324760588E-1,1.024731755144E0),(
1.025489624890E0,9.258588504332E-1,9.255691097262E-1,1.024620402768E0),(
1.027390657626E0,9.203293554701E-1,9.200180057135E-1,1.026456608355E0),(
1.030882301452E0,9.101732826262E-1,9.098222433348E-1,1.029829183577E0)))REPRESENTATION_ITEM('')SURFACE());
#7717=ORIENTED_EDGE('',*,*,#7658,.F.);
#7719=ORIENTED_EDGE('',*,*,#7718,.F.);
#7721=ORIENTED_EDGE('',*,*,#7720,.T.);
#7722=ORIENTED_EDGE('',*,*,#7690,.F.);
#7723=EDGE_LOOP('',(#7717,#7719,#7721,#7722));
#7724=FACE_OUTER_BOUND('',#7723,.F.);
#7726=CARTESIAN_POINT('',(4.945581676753E0,4.178749999986E1,1.049048697268E1));
#7727=DIRECTION('',(-1.E0,0.E0,0.E0));
#7728=DIRECTION('',(0.E0,-1.E0,0.E0));
#7729=AXIS2_PLACEMENT_3D('',#7726,#7727,#7728);
#7730=CYLINDRICAL_SURFACE('',#7729,5.E0);
#7731=ORIENTED_EDGE('',*,*,#7656,.F.);
#7733=ORIENTED_EDGE('',*,*,#7732,.T.);
#7735=ORIENTED_EDGE('',*,*,#7734,.T.);
#7736=ORIENTED_EDGE('',*,*,#7718,.T.);
#7737=EDGE_LOOP('',(#7731,#7733,#7735,#7736));
#7738=FACE_OUTER_BOUND('',#7737,.F.);
#7740=CARTESIAN_POINT('',(1.433729181368E0,4.655847671593E1,1.053689859286E1));
#7741=CARTESIAN_POINT('',(1.329535689932E0,4.671985301670E1,1.053945053764E1));
#7742=CARTESIAN_POINT('',(1.156575342334E0,4.680347551960E1,1.054176270252E1));
#7743=CARTESIAN_POINT('',(9.653350983399E-1,4.678488486772E1,1.054315964641E1));
#7744=CARTESIAN_POINT('',(1.428731462084E0,4.656460225218E1,9.986392259561E0));
#7745=CARTESIAN_POINT('',(1.324279518291E0,4.672587862455E1,9.958911015123E0));
#7746=CARTESIAN_POINT('',(1.151519095133E0,4.680958603316E1,9.933811031338E0));
#7747=CARTESIAN_POINT('',(9.606574139238E-1,4.679134797246E1,9.918392327330E0));
#7748=CARTESIAN_POINT('',(1.512826563508E0,4.646190102254E1,9.455905158220E0));
#7749=CARTESIAN_POINT('',(1.413464897179E0,4.662397490523E1,9.391191996620E0));
#7750=CARTESIAN_POINT('',(1.237339572598E0,4.670623668964E1,9.339217238051E0));
#7751=CARTESIAN_POINT('',(1.039350522658E0,4.668298892589E1,9.316198941920E0));
#7752=CARTESIAN_POINT('',(1.656619053698E0,4.626006346020E1,8.952432458310E0));
#7753=CARTESIAN_POINT('',(1.562069452220E0,4.642989635545E1,8.864399007916E0));
#7754=CARTESIAN_POINT('',(1.379962503477E0,4.650926060336E1,8.786412753807E0));
#7755=CARTESIAN_POINT('',(1.174083069926E0,4.647028847406E1,8.745814912039E0));
#7756=(BOUNDED_SURFACE()B_SPLINE_SURFACE(3,3,((#7740,#7741,#7742,#7743),(#7744,
#7745,#7746,#7747),(#7748,#7749,#7750,#7751),(#7752,#7753,#7754,#7755)),
.UNSPECIFIED.,.F.,.F.,.F.)B_SPLINE_SURFACE_WITH_KNOTS((4,4),(4,4),(
-4.633112731527E-5,1.600625015419E-3),(-1.146644782054E-1,1.112770437510E0),
.UNSPECIFIED.)GEOMETRIC_REPRESENTATION_ITEM()RATIONAL_B_SPLINE_SURFACE(((
1.025396354843E0,9.254553628594E-1,9.253013826698E-1,1.024934414273E0),(
1.025282010120E0,9.257909931446E-1,9.256377062364E-1,1.024822149395E0),(
1.027167558763E0,9.202564374873E-1,9.200917183426E-1,1.026673401328E0),(
1.030630762859E0,9.100910694934E-1,9.099053526570E-1,1.030073612350E0)))REPRESENTATION_ITEM('')SURFACE());
#7757=ORIENTED_EDGE('',*,*,#7654,.F.);
#7758=ORIENTED_EDGE('',*,*,#7636,.F.);
#7760=ORIENTED_EDGE('',*,*,#7759,.T.);
#7761=ORIENTED_EDGE('',*,*,#7732,.F.);
#7762=EDGE_LOOP('',(#7757,#7758,#7760,#7761));
#7763=FACE_OUTER_BOUND('',#7762,.F.);
#7765=CARTESIAN_POINT('',(1.013481095656E0,4.628749999986E1,5.907911277729E0));
#7766=DIRECTION('',(0.E0,0.E0,1.E0));
#7767=DIRECTION('',(1.E0,0.E0,0.E0));
#7768=AXIS2_PLACEMENT_3D('',#7765,#7766,#7767);
#7769=CYLINDRICAL_SURFACE('',#7768,5.E-1);
#7771=ORIENTED_EDGE('',*,*,#7770,.T.);
#7772=ORIENTED_EDGE('',*,*,#7759,.F.);
#7773=ORIENTED_EDGE('',*,*,#7634,.F.);
#7774=ORIENTED_EDGE('',*,*,#7377,.T.);
#7775=ORIENTED_EDGE('',*,*,#7350,.F.);
#7776=EDGE_LOOP('',(#7771,#7772,#7773,#7774,#7775));
#7777=FACE_OUTER_BOUND('',#7776,.F.);
#7779=CARTESIAN_POINT('',(-1.25E0,4.678749999986E1,5.907911277729E0));
#7780=DIRECTION('',(0.E0,1.E0,0.E0));
#7781=DIRECTION('',(0.E0,0.E0,1.E0));
#7782=AXIS2_PLACEMENT_3D('',#7779,#7780,#7781);
#7783=PLANE('',#7782);
#7785=ORIENTED_EDGE('',*,*,#7784,.F.);
#7786=ORIENTED_EDGE('',*,*,#7734,.F.);
#7787=ORIENTED_EDGE('',*,*,#7770,.F.);
#7788=ORIENTED_EDGE('',*,*,#7335,.F.);
#7789=EDGE_LOOP('',(#7785,#7786,#7787,#7788));
#7790=FACE_OUTER_BOUND('',#7789,.F.);
#7792=CARTESIAN_POINT('',(-1.013481095656E0,4.628749999986E1,5.907911277729E0));
#7793=DIRECTION('',(0.E0,0.E0,1.E0));
#7794=DIRECTION('',(1.E0,0.E0,0.E0));
#7795=AXIS2_PLACEMENT_3D('',#7792,#7793,#7794);
#7796=CYLINDRICAL_SURFACE('',#7795,5.E-1);
#7797=ORIENTED_EDGE('',*,*,#7692,.F.);
#7798=ORIENTED_EDGE('',*,*,#7720,.F.);
#7799=ORIENTED_EDGE('',*,*,#7784,.T.);
#7800=ORIENTED_EDGE('',*,*,#7320,.F.);
#7801=ORIENTED_EDGE('',*,*,#7305,.T.);
#7802=EDGE_LOOP('',(#7797,#7798,#7799,#7800,#7801));
#7803=FACE_OUTER_BOUND('',#7802,.F.);
#7805=CARTESIAN_POINT('',(-2.491364511610E0,4.425959161791E1,1.022719696973E1));
#7806=CARTESIAN_POINT('',(-2.574329267570E0,4.431758630525E1,1.027966115317E1));
#7807=CARTESIAN_POINT('',(-2.683199603850E0,4.431354331828E1,1.022154425556E1));
#7808=CARTESIAN_POINT('',(-2.648693142869E0,4.423876198281E1,1.011947053919E1));
#7809=CARTESIAN_POINT('',(-2.439556129561E0,4.442071844436E1,1.012233108736E1));
#7810=CARTESIAN_POINT('',(-2.522619537608E0,4.447991133792E1,1.018079387861E1));
#7811=CARTESIAN_POINT('',(-2.634208528258E0,4.448616574824E1,1.011741806028E1));
#7812=CARTESIAN_POINT('',(-2.595366689592E0,4.441560998894E1,1.000702948821E1));
#7813=CARTESIAN_POINT('',(-2.380793675423E0,4.460420178716E1,1.004655420512E1));
#7814=CARTESIAN_POINT('',(-2.465173082692E0,4.465976394117E1,1.011629043674E1));
#7815=CARTESIAN_POINT('',(-2.580413991386E0,4.467650713371E1,1.005100075074E1));
#7816=CARTESIAN_POINT('',(-2.535181664676E0,4.461523269580E1,9.928141775262E0));
#7817=CARTESIAN_POINT('',(-2.318300008889E0,4.480035295788E1,1.000842691094E1));
#7818=CARTESIAN_POINT('',(-2.406989571125E0,4.484116884946E1,1.008809460713E1));
#7819=CARTESIAN_POINT('',(-2.527338703081E0,4.486560295372E1,1.002271003239E1));
#7820=CARTESIAN_POINT('',(-2.471860645984E0,4.482529919877E1,9.890074581288E0));
#7821=(BOUNDED_SURFACE()B_SPLINE_SURFACE(3,3,((#7805,#7806,#7807,#7808),(#7809,
#7810,#7811,#7812),(#7813,#7814,#7815,#7816),(#7817,#7818,#7819,#7820)),
.UNSPECIFIED.,.F.,.F.,.F.)B_SPLINE_SURFACE_WITH_KNOTS((4,4),(4,4),(
4.149175272996E0,4.535770846916E0),(-6.740733999864E-1,1.364066219770E0),
.UNSPECIFIED.)GEOMETRIC_REPRESENTATION_ITEM()RATIONAL_B_SPLINE_SURFACE(((
1.542976713549E0,7.753723404065E-1,6.740316289808E-1,1.238954579274E0),(
1.566226794797E0,7.657538591616E-1,6.600737723728E-1,1.249186534426E0),(
1.592847207868E0,7.547410828551E-1,6.440925848386E-1,1.260901713822E0),(
1.621240392518E0,7.429949168462E-1,6.270471390264E-1,1.273397059060E0)))REPRESENTATION_ITEM('')SURFACE());
#7822=ORIENTED_EDGE('',*,*,#6112,.T.);
#7823=ORIENTED_EDGE('',*,*,#7676,.T.);
#7824=ORIENTED_EDGE('',*,*,#7249,.F.);
#7825=ORIENTED_EDGE('',*,*,#7113,.F.);
#7826=EDGE_LOOP('',(#7822,#7823,#7824,#7825));
#7827=FACE_OUTER_BOUND('',#7826,.F.);
#7829=CARTESIAN_POINT('',(-4.194794364517E0,4.658749999986E1,1.070791127773E1));
#7830=DIRECTION('',(1.E0,0.E0,0.E0));
#7831=DIRECTION('',(0.E0,0.E0,-1.E0));
#7832=AXIS2_PLACEMENT_3D('',#7829,#7830,#7831);
#7833=CYLINDRICAL_SURFACE('',#7832,2.E-1);
#7834=ORIENTED_EDGE('',*,*,#7302,.T.);
#7836=ORIENTED_EDGE('',*,*,#7835,.T.);
#7837=ORIENTED_EDGE('',*,*,#7374,.T.);
#7838=ORIENTED_EDGE('',*,*,#7401,.T.);
#7839=ORIENTED_EDGE('',*,*,#7104,.F.);
#7840=ORIENTED_EDGE('',*,*,#7275,.T.);
#7841=EDGE_LOOP('',(#7834,#7836,#7837,#7838,#7839,#7840));
#7842=FACE_OUTER_BOUND('',#7841,.F.);
#7844=CARTESIAN_POINT('',(-2.644729664342E0,4.35875E1,1.090791127773E1));
#7845=DIRECTION('',(0.E0,0.E0,1.E0));
#7846=DIRECTION('',(1.E0,0.E0,0.E0));
#7847=AXIS2_PLACEMENT_3D('',#7844,#7845,#7846);
#7848=PLANE('',#7847);
#7849=ORIENTED_EDGE('',*,*,#7332,.F.);
#7850=ORIENTED_EDGE('',*,*,#7347,.T.);
#7851=ORIENTED_EDGE('',*,*,#7835,.F.);
#7852=ORIENTED_EDGE('',*,*,#7317,.T.);
#7853=EDGE_LOOP('',(#7849,#7850,#7851,#7852));
#7854=FACE_OUTER_BOUND('',#7853,.F.);
#7856=CARTESIAN_POINT('',(-4.194646356974E0,3.909378060189E1,1.080477020182E1));
#7857=CARTESIAN_POINT('',(-4.196578416856E0,3.909384131931E1,1.086627969535E1));
#7858=CARTESIAN_POINT('',(-4.153084636878E0,3.909247447221E1,1.090979494747E1));
#7859=CARTESIAN_POINT('',(-4.091605494575E0,3.909054241233E1,1.090786193377E1));
#7860=CARTESIAN_POINT('',(-4.198511430565E0,3.897079196606E1,1.080477020182E1));
#7861=CARTESIAN_POINT('',(-4.200480855867E0,3.896966369655E1,1.086627969534E1));
#7862=CARTESIAN_POINT('',(-4.156145920100E0,3.899506286064E1,1.090979494747E1));
#7863=CARTESIAN_POINT('',(-4.093477790855E0,3.903096497869E1,1.090786193377E1));
#7864=CARTESIAN_POINT('',(-4.111502398460E0,3.888378293395E1,1.080477020182E1));
#7865=CARTESIAN_POINT('',(-4.112630667973E0,3.888181350865E1,1.086627969534E1));
#7866=CARTESIAN_POINT('',(-4.087231503884E0,3.892614844442E1,1.090979494747E1));
#7867=CARTESIAN_POINT('',(-4.051329385828E0,3.898881657366E1,1.090786193377E1));
#7868=CARTESIAN_POINT('',(-3.988513762633E0,3.888764800754E1,1.080477020182E1));
#7869=CARTESIAN_POINT('',(-3.988453045205E0,3.888571594766E1,1.086627969535E1));
#7870=CARTESIAN_POINT('',(-3.989819892306E0,3.892920972764E1,1.090979494747E1));
#7871=CARTESIAN_POINT('',(-3.991751952187E0,3.899068886994E1,1.090786193377E1));
#7872=(BOUNDED_SURFACE()B_SPLINE_SURFACE(3,3,((#7856,#7857,#7858,#7859),(#7860,
#7861,#7862,#7863),(#7864,#7865,#7866,#7867),(#7868,#7869,#7870,#7871)),
.UNSPECIFIED.,.F.,.F.,.F.)B_SPLINE_SURFACE_WITH_KNOTS((4,4),(4,4),(0.E0,1.E0),(
0.E0,1.E0),.UNSPECIFIED.)GEOMETRIC_REPRESENTATION_ITEM()RATIONAL_B_SPLINE_SURFACE(((1.409592795969E0,1.113152711333E0,1.113152711333E0,1.409592795969E0),(
1.113152711338E0,8.790545484464E-1,8.790545484464E-1,1.113152711338E0),(
1.113152711338E0,8.790545484464E-1,8.790545484464E-1,1.113152711338E0),(
1.409592795969E0,1.113152711333E0,1.113152711333E0,1.409592795969E0)))REPRESENTATION_ITEM('')SURFACE());
#7873=ORIENTED_EDGE('',*,*,#6156,.F.);
#7874=ORIENTED_EDGE('',*,*,#7074,.F.);
#7875=ORIENTED_EDGE('',*,*,#7028,.T.);
#7876=ORIENTED_EDGE('',*,*,#6171,.T.);
#7877=EDGE_LOOP('',(#7873,#7874,#7875,#7876));
#7878=FACE_OUTER_BOUND('',#7877,.F.);
#7880=CARTESIAN_POINT('',(5.139040960500E1,4.28E1,6.069415396865E0));
#7881=DIRECTION('',(-1.E0,0.E0,0.E0));
#7882=DIRECTION('',(0.E0,1.E0,0.E0));
#7883=AXIS2_PLACEMENT_3D('',#7880,#7881,#7882);
#7884=CYLINDRICAL_SURFACE('',#7883,1.E0);
#7885=ORIENTED_EDGE('',*,*,#6641,.T.);
#7887=ORIENTED_EDGE('',*,*,#7886,.F.);
#7888=ORIENTED_EDGE('',*,*,#6952,.T.);
#7890=ORIENTED_EDGE('',*,*,#7889,.F.);
#7891=EDGE_LOOP('',(#7885,#7887,#7888,#7890));
#7892=FACE_OUTER_BOUND('',#7891,.F.);
#7894=FILL_AREA_STYLE_COLOUR('',#76);
#7895=FILL_AREA_STYLE('',(#7894));
#7896=SURFACE_STYLE_FILL_AREA(#7895);
#7897=SURFACE_SIDE_STYLE('',(#7896));
#7898=SURFACE_STYLE_USAGE(.NEGATIVE.,#7897);
#7899=PRESENTATION_STYLE_ASSIGNMENT((#7898));
#7900=OVER_RIDING_STYLED_ITEM('',(#7899),#7893,#327);
#7901=CARTESIAN_POINT('',(3.511162036041E0,4.28E1,6.069415396865E0));
#7902=DIRECTION('',(0.E0,3.868500762898E-1,-9.221426237164E-1));
#7903=DIRECTION('',(0.E0,9.221426237164E-1,3.868500762898E-1));
#7904=AXIS2_PLACEMENT_3D('',#7901,#7902,#7903);
#7905=SPHERICAL_SURFACE('',#7904,1.E0);
#7906=ORIENTED_EDGE('',*,*,#7886,.T.);
#7907=ORIENTED_EDGE('',*,*,#6611,.T.);
#7909=ORIENTED_EDGE('',*,*,#7908,.T.);
#7910=EDGE_LOOP('',(#7906,#7907,#7909));
#7911=FACE_OUTER_BOUND('',#7910,.F.);
#7913=FILL_AREA_STYLE_COLOUR('',#76);
#7914=FILL_AREA_STYLE('',(#7913));
#7915=SURFACE_STYLE_FILL_AREA(#7914);
#7916=SURFACE_SIDE_STYLE('',(#7915));
#7917=SURFACE_STYLE_USAGE(.NEGATIVE.,#7916);
#7918=PRESENTATION_STYLE_ASSIGNMENT((#7917));
#7919=OVER_RIDING_STYLED_ITEM('',(#7918),#7912,#327);
#7920=CARTESIAN_POINT('',(3.511162036041E0,4.28E1,-3.762509897957E1));
#7921=DIRECTION('',(0.E0,0.E0,1.E0));
#7922=DIRECTION('',(9.578224948453E-1,2.873605198497E-1,0.E0));
#7923=AXIS2_PLACEMENT_3D('',#7920,#7921,#7922);
#7924=CYLINDRICAL_SURFACE('',#7923,1.E0);
#7925=ORIENTED_EDGE('',*,*,#6567,.F.);
#7926=ORIENTED_EDGE('',*,*,#6204,.F.);
#7927=ORIENTED_EDGE('',*,*,#6954,.T.);
#7928=ORIENTED_EDGE('',*,*,#7908,.F.);
#7929=ORIENTED_EDGE('',*,*,#6589,.T.);
#7930=EDGE_LOOP('',(#7925,#7926,#7927,#7928,#7929));
#7931=FACE_OUTER_BOUND('',#7930,.F.);
#7933=FILL_AREA_STYLE_COLOUR('',#76);
#7934=FILL_AREA_STYLE('',(#7933));
#7935=SURFACE_STYLE_FILL_AREA(#7934);
#7936=SURFACE_SIDE_STYLE('',(#7935));
#7937=SURFACE_STYLE_USAGE(.NEGATIVE.,#7936);
#7938=PRESENTATION_STYLE_ASSIGNMENT((#7937));
#7939=OVER_RIDING_STYLED_ITEM('',(#7938),#7932,#327);
#7940=CARTESIAN_POINT('',(-3.511162036041E0,4.28E1,6.069415396865E0));
#7941=DIRECTION('',(0.E0,1.E0,0.E0));
#7942=DIRECTION('',(1.E0,0.E0,0.E0));
#7943=AXIS2_PLACEMENT_3D('',#7940,#7941,#7942);
#7944=SPHERICAL_SURFACE('',#7943,1.E0);
#7945=ORIENTED_EDGE('',*,*,#6663,.T.);
#7946=ORIENTED_EDGE('',*,*,#7889,.T.);
#7947=ORIENTED_EDGE('',*,*,#6927,.T.);
#7948=EDGE_LOOP('',(#7945,#7946,#7947));
#7949=FACE_OUTER_BOUND('',#7948,.F.);
#7951=FILL_AREA_STYLE_COLOUR('',#76);
#7952=FILL_AREA_STYLE('',(#7951));
#7953=SURFACE_STYLE_FILL_AREA(#7952);
#7954=SURFACE_SIDE_STYLE('',(#7953));
#7955=SURFACE_STYLE_USAGE(.NEGATIVE.,#7954);
#7956=PRESENTATION_STYLE_ASSIGNMENT((#7955));
#7957=OVER_RIDING_STYLED_ITEM('',(#7956),#7950,#327);
#7958=CARTESIAN_POINT('',(0.E0,-9.6E0,-1.092088722271E0));
#7959=DIRECTION('',(0.E0,-1.E0,0.E0));
#7960=DIRECTION('',(1.E0,0.E0,0.E0));
#7961=AXIS2_PLACEMENT_3D('',#7958,#7959,#7960);
#7962=PLANE('',#7961);
#7964=ORIENTED_EDGE('',*,*,#7963,.F.);
#7965=ORIENTED_EDGE('',*,*,#6212,.F.);
#7966=ORIENTED_EDGE('',*,*,#6525,.T.);
#7967=ORIENTED_EDGE('',*,*,#6492,.T.);
#7968=ORIENTED_EDGE('',*,*,#6466,.T.);
#7969=ORIENTED_EDGE('',*,*,#6444,.F.);
#7970=EDGE_LOOP('',(#7964,#7965,#7966,#7967,#7968,#7969));
#7971=FACE_OUTER_BOUND('',#7970,.F.);
#7973=CARTESIAN_POINT('',(9.5E0,-9.6E0,8.907911277729E0));
#7974=DIRECTION('',(-1.E0,0.E0,0.E0));
#7975=DIRECTION('',(0.E0,-1.E0,0.E0));
#7976=AXIS2_PLACEMENT_3D('',#7973,#7974,#7975);
#7977=PLANE('',#7976);
#7979=ORIENTED_EDGE('',*,*,#7978,.T.);
#7980=ORIENTED_EDGE('',*,*,#6214,.T.);
#7981=ORIENTED_EDGE('',*,*,#7963,.T.);
#7982=ORIENTED_EDGE('',*,*,#6442,.F.);
#7984=ORIENTED_EDGE('',*,*,#7983,.T.);
#7986=ORIENTED_EDGE('',*,*,#7985,.T.);
#7987=EDGE_LOOP('',(#7979,#7980,#7981,#7982,#7984,#7986));
#7988=FACE_OUTER_BOUND('',#7987,.F.);
#7990=ORIENTED_EDGE('',*,*,#7989,.T.);
#7992=ORIENTED_EDGE('',*,*,#7991,.T.);
#7993=EDGE_LOOP('',(#7990,#7992));
#7994=FACE_BOUND('',#7993,.F.);
#7996=ORIENTED_EDGE('',*,*,#7995,.T.);
#7998=ORIENTED_EDGE('',*,*,#7997,.T.);
#7999=EDGE_LOOP('',(#7996,#7998));
#8000=FACE_BOUND('',#7999,.F.);
#8002=CARTESIAN_POINT('',(-4.915303002173E1,-1.66E1,7.907911277729E0));
#8003=DIRECTION('',(1.E0,0.E0,0.E0));
#8004=DIRECTION('',(0.E0,0.E0,1.E0));
#8005=AXIS2_PLACEMENT_3D('',#8002,#8003,#8004);
#8006=CYLINDRICAL_SURFACE('',#8005,1.E0);
#8007=ORIENTED_EDGE('',*,*,#7978,.F.);
#8009=ORIENTED_EDGE('',*,*,#8008,.T.);
#8011=ORIENTED_EDGE('',*,*,#8010,.F.);
#8012=ORIENTED_EDGE('',*,*,#6216,.T.);
#8013=EDGE_LOOP('',(#8007,#8009,#8011,#8012));
#8014=FACE_OUTER_BOUND('',#8013,.F.);
#8016=CARTESIAN_POINT('',(9.5E0,-1.76E1,8.907911277729E0));
#8017=DIRECTION('',(0.E0,1.E0,0.E0));
#8018=DIRECTION('',(-1.E0,0.E0,0.E0));
#8019=AXIS2_PLACEMENT_3D('',#8016,#8017,#8018);
#8020=PLANE('',#8019);
#8021=ORIENTED_EDGE('',*,*,#8008,.F.);
#8022=ORIENTED_EDGE('',*,*,#7985,.F.);
#8024=ORIENTED_EDGE('',*,*,#8023,.F.);
#8026=ORIENTED_EDGE('',*,*,#8025,.T.);
#8027=EDGE_LOOP('',(#8021,#8022,#8024,#8026));
#8028=FACE_OUTER_BOUND('',#8027,.F.);
#8030=CARTESIAN_POINT('',(4.924513386371E1,-1.66E1,-1.009208872227E1));
#8031=DIRECTION('',(-1.E0,0.E0,0.E0));
#8032=DIRECTION('',(0.E0,0.E0,-1.E0));
#8033=AXIS2_PLACEMENT_3D('',#8030,#8031,#8032);
#8034=CYLINDRICAL_SURFACE('',#8033,1.E0);
#8036=ORIENTED_EDGE('',*,*,#8035,.F.);
#8037=ORIENTED_EDGE('',*,*,#8023,.T.);
#8038=ORIENTED_EDGE('',*,*,#7983,.F.);
#8039=ORIENTED_EDGE('',*,*,#6440,.T.);
#8040=EDGE_LOOP('',(#8036,#8037,#8038,#8039));
#8041=FACE_OUTER_BOUND('',#8040,.F.);
#8043=CARTESIAN_POINT('',(6.E0,-1.76E1,8.907911277729E0));
#8044=DIRECTION('',(1.E0,0.E0,0.E0));
#8045=DIRECTION('',(0.E0,1.E0,0.E0));
#8046=AXIS2_PLACEMENT_3D('',#8043,#8044,#8045);
#8047=PLANE('',#8046);
#8048=ORIENTED_EDGE('',*,*,#8010,.T.);
#8049=ORIENTED_EDGE('',*,*,#8025,.F.);
#8050=ORIENTED_EDGE('',*,*,#8035,.T.);
#8051=ORIENTED_EDGE('',*,*,#6438,.F.);
#8053=ORIENTED_EDGE('',*,*,#8052,.F.);
#8054=ORIENTED_EDGE('',*,*,#6218,.T.);
#8055=EDGE_LOOP('',(#8048,#8049,#8050,#8051,#8053,#8054));
#8056=FACE_OUTER_BOUND('',#8055,.F.);
#8058=ORIENTED_EDGE('',*,*,#8057,.T.);
#8060=ORIENTED_EDGE('',*,*,#8059,.T.);
#8061=EDGE_LOOP('',(#8058,#8060));
#8062=FACE_BOUND('',#8061,.F.);
#8064=ORIENTED_EDGE('',*,*,#8063,.T.);
#8066=ORIENTED_EDGE('',*,*,#8065,.T.);
#8067=EDGE_LOOP('',(#8064,#8066));
#8068=FACE_BOUND('',#8067,.F.);
#8070=CARTESIAN_POINT('',(0.E0,-9.6E0,-1.092088722271E0));
#8071=DIRECTION('',(0.E0,-1.E0,0.E0));
#8072=DIRECTION('',(1.E0,0.E0,0.E0));
#8073=AXIS2_PLACEMENT_3D('',#8070,#8071,#8072);
#8074=PLANE('',#8073);
#8075=ORIENTED_EDGE('',*,*,#8052,.T.);
#8076=ORIENTED_EDGE('',*,*,#6436,.F.);
#8078=ORIENTED_EDGE('',*,*,#8077,.F.);
#8079=ORIENTED_EDGE('',*,*,#6220,.F.);
#8080=EDGE_LOOP('',(#8075,#8076,#8078,#8079));
#8081=FACE_OUTER_BOUND('',#8080,.F.);
#8083=ORIENTED_EDGE('',*,*,#8082,.T.);
#8085=ORIENTED_EDGE('',*,*,#8084,.T.);
#8087=ORIENTED_EDGE('',*,*,#8086,.F.);
#8089=ORIENTED_EDGE('',*,*,#8088,.T.);
#8091=ORIENTED_EDGE('',*,*,#8090,.T.);
#8093=ORIENTED_EDGE('',*,*,#8092,.T.);
#8095=ORIENTED_EDGE('',*,*,#8094,.T.);
#8097=ORIENTED_EDGE('',*,*,#8096,.T.);
#8098=EDGE_LOOP('',(#8083,#8085,#8087,#8089,#8091,#8093,#8095,#8097));
#8099=FACE_BOUND('',#8098,.F.);
#8101=CARTESIAN_POINT('',(-6.E0,-1.76E1,8.907911277729E0));
#8102=DIRECTION('',(1.E0,0.E0,0.E0));
#8103=DIRECTION('',(0.E0,1.E0,0.E0));
#8104=AXIS2_PLACEMENT_3D('',#8101,#8102,#8103);
#8105=PLANE('',#8104);
#8107=ORIENTED_EDGE('',*,*,#8106,.T.);
#8108=ORIENTED_EDGE('',*,*,#6222,.F.);
#8109=ORIENTED_EDGE('',*,*,#8077,.T.);
#8110=ORIENTED_EDGE('',*,*,#6434,.T.);
#8112=ORIENTED_EDGE('',*,*,#8111,.T.);
#8114=ORIENTED_EDGE('',*,*,#8113,.T.);
#8115=EDGE_LOOP('',(#8107,#8108,#8109,#8110,#8112,#8114));
#8116=FACE_OUTER_BOUND('',#8115,.F.);
#8118=ORIENTED_EDGE('',*,*,#8117,.T.);
#8120=ORIENTED_EDGE('',*,*,#8119,.T.);
#8121=EDGE_LOOP('',(#8118,#8120));
#8122=FACE_BOUND('',#8121,.F.);
#8124=ORIENTED_EDGE('',*,*,#8123,.T.);
#8126=ORIENTED_EDGE('',*,*,#8125,.T.);
#8127=EDGE_LOOP('',(#8124,#8126));
#8128=FACE_BOUND('',#8127,.F.);
#8130=CARTESIAN_POINT('',(-4.915303002173E1,-1.66E1,7.907911277729E0));
#8131=DIRECTION('',(1.E0,0.E0,0.E0));
#8132=DIRECTION('',(0.E0,0.E0,1.E0));
#8133=AXIS2_PLACEMENT_3D('',#8130,#8131,#8132);
#8134=CYLINDRICAL_SURFACE('',#8133,1.E0);
#8135=ORIENTED_EDGE('',*,*,#8106,.F.);
#8137=ORIENTED_EDGE('',*,*,#8136,.T.);
#8139=ORIENTED_EDGE('',*,*,#8138,.F.);
#8140=ORIENTED_EDGE('',*,*,#6224,.T.);
#8141=EDGE_LOOP('',(#8135,#8137,#8139,#8140));
#8142=FACE_OUTER_BOUND('',#8141,.F.);
#8144=CARTESIAN_POINT('',(-9.5E0,-1.76E1,8.907911277729E0));
#8145=DIRECTION('',(0.E0,-1.E0,0.E0));
#8146=DIRECTION('',(1.E0,0.E0,0.E0));
#8147=AXIS2_PLACEMENT_3D('',#8144,#8145,#8146);
#8148=PLANE('',#8147);
#8149=ORIENTED_EDGE('',*,*,#8136,.F.);
#8150=ORIENTED_EDGE('',*,*,#8113,.F.);
#8152=ORIENTED_EDGE('',*,*,#8151,.F.);
#8154=ORIENTED_EDGE('',*,*,#8153,.T.);
#8155=EDGE_LOOP('',(#8149,#8150,#8152,#8154));
#8156=FACE_OUTER_BOUND('',#8155,.F.);
#8158=CARTESIAN_POINT('',(4.924513386371E1,-1.66E1,-1.009208872227E1));
#8159=DIRECTION('',(-1.E0,0.E0,0.E0));
#8160=DIRECTION('',(0.E0,0.E0,-1.E0));
#8161=AXIS2_PLACEMENT_3D('',#8158,#8159,#8160);
#8162=CYLINDRICAL_SURFACE('',#8161,1.E0);
#8164=ORIENTED_EDGE('',*,*,#8163,.F.);
#8165=ORIENTED_EDGE('',*,*,#8151,.T.);
#8166=ORIENTED_EDGE('',*,*,#8111,.F.);
#8167=ORIENTED_EDGE('',*,*,#6432,.T.);
#8168=EDGE_LOOP('',(#8164,#8165,#8166,#8167));
#8169=FACE_OUTER_BOUND('',#8168,.F.);
#8171=CARTESIAN_POINT('',(-9.5E0,-9.6E0,8.907911277729E0));
#8172=DIRECTION('',(-1.E0,0.E0,0.E0));
#8173=DIRECTION('',(0.E0,-1.E0,0.E0));
#8174=AXIS2_PLACEMENT_3D('',#8171,#8172,#8173);
#8175=PLANE('',#8174);
#8176=ORIENTED_EDGE('',*,*,#8138,.T.);
#8177=ORIENTED_EDGE('',*,*,#8153,.F.);
#8178=ORIENTED_EDGE('',*,*,#8163,.T.);
#8179=ORIENTED_EDGE('',*,*,#6430,.T.);
#8181=ORIENTED_EDGE('',*,*,#8180,.F.);
#8182=ORIENTED_EDGE('',*,*,#6226,.F.);
#8183=EDGE_LOOP('',(#8176,#8177,#8178,#8179,#8181,#8182));
#8184=FACE_OUTER_BOUND('',#8183,.F.);
#8186=ORIENTED_EDGE('',*,*,#8185,.T.);
#8188=ORIENTED_EDGE('',*,*,#8187,.T.);
#8189=EDGE_LOOP('',(#8186,#8188));
#8190=FACE_BOUND('',#8189,.F.);
#8192=ORIENTED_EDGE('',*,*,#8191,.T.);
#8194=ORIENTED_EDGE('',*,*,#8193,.T.);
#8195=EDGE_LOOP('',(#8192,#8194));
#8196=FACE_BOUND('',#8195,.F.);
#8198=CARTESIAN_POINT('',(0.E0,-9.6E0,-1.092088722271E0));
#8199=DIRECTION('',(0.E0,-1.E0,0.E0));
#8200=DIRECTION('',(1.E0,0.E0,0.E0));
#8201=AXIS2_PLACEMENT_3D('',#8198,#8199,#8200);
#8202=PLANE('',#8201);
#8203=ORIENTED_EDGE('',*,*,#8180,.T.);
#8204=ORIENTED_EDGE('',*,*,#6428,.F.);
#8205=ORIENTED_EDGE('',*,*,#6406,.T.);
#8206=ORIENTED_EDGE('',*,*,#6372,.F.);
#8207=ORIENTED_EDGE('',*,*,#6346,.T.);
#8208=ORIENTED_EDGE('',*,*,#6228,.F.);
#8209=EDGE_LOOP('',(#8203,#8204,#8205,#8206,#8207,#8208));
#8210=FACE_OUTER_BOUND('',#8209,.F.);
#8212=CARTESIAN_POINT('',(-9.5E0,-1.36E1,-7.092088722271E0));
#8213=DIRECTION('',(-1.E0,0.E0,0.E0));
#8214=DIRECTION('',(0.E0,-1.E0,0.E0));
#8215=AXIS2_PLACEMENT_3D('',#8212,#8213,#8214);
#8216=CYLINDRICAL_SURFACE('',#8215,1.25E0);
#8217=ORIENTED_EDGE('',*,*,#8185,.F.);
#8219=ORIENTED_EDGE('',*,*,#8218,.F.);
#8220=ORIENTED_EDGE('',*,*,#8117,.F.);
#8222=ORIENTED_EDGE('',*,*,#8221,.T.);
#8223=EDGE_LOOP('',(#8217,#8219,#8220,#8222));
#8224=FACE_OUTER_BOUND('',#8223,.F.);
#8226=CARTESIAN_POINT('',(-9.5E0,-1.36E1,-7.092088722271E0));
#8227=DIRECTION('',(-1.E0,0.E0,0.E0));
#8228=DIRECTION('',(0.E0,-1.E0,0.E0));
#8229=AXIS2_PLACEMENT_3D('',#8226,#8227,#8228);
#8230=CYLINDRICAL_SURFACE('',#8229,1.25E0);
#8231=ORIENTED_EDGE('',*,*,#8187,.F.);
#8232=ORIENTED_EDGE('',*,*,#8221,.F.);
#8233=ORIENTED_EDGE('',*,*,#8119,.F.);
#8234=ORIENTED_EDGE('',*,*,#8218,.T.);
#8235=EDGE_LOOP('',(#8231,#8232,#8233,#8234));
#8236=FACE_OUTER_BOUND('',#8235,.F.);
#8238=CARTESIAN_POINT('',(-9.5E0,-1.36E1,4.907911277729E0));
#8239=DIRECTION('',(-1.E0,0.E0,0.E0));
#8240=DIRECTION('',(0.E0,-1.E0,0.E0));
#8241=AXIS2_PLACEMENT_3D('',#8238,#8239,#8240);
#8242=CYLINDRICAL_SURFACE('',#8241,1.25E0);
#8243=ORIENTED_EDGE('',*,*,#8191,.F.);
#8245=ORIENTED_EDGE('',*,*,#8244,.F.);
#8246=ORIENTED_EDGE('',*,*,#8123,.F.);
#8248=ORIENTED_EDGE('',*,*,#8247,.T.);
#8249=EDGE_LOOP('',(#8243,#8245,#8246,#8248));
#8250=FACE_OUTER_BOUND('',#8249,.F.);
#8252=CARTESIAN_POINT('',(-9.5E0,-1.36E1,4.907911277729E0));
#8253=DIRECTION('',(-1.E0,0.E0,0.E0));
#8254=DIRECTION('',(0.E0,-1.E0,0.E0));
#8255=AXIS2_PLACEMENT_3D('',#8252,#8253,#8254);
#8256=CYLINDRICAL_SURFACE('',#8255,1.25E0);
#8257=ORIENTED_EDGE('',*,*,#8193,.F.);
#8258=ORIENTED_EDGE('',*,*,#8247,.F.);
#8259=ORIENTED_EDGE('',*,*,#8125,.F.);
#8260=ORIENTED_EDGE('',*,*,#8244,.T.);
#8261=EDGE_LOOP('',(#8257,#8258,#8259,#8260));
#8262=FACE_OUTER_BOUND('',#8261,.F.);
#8264=CARTESIAN_POINT('',(2.E0,-1.1E1,7.329123457760E-1));
#8265=DIRECTION('',(0.E0,0.E0,1.E0));
#8266=DIRECTION('',(-1.E0,0.E0,0.E0));
#8267=AXIS2_PLACEMENT_3D('',#8264,#8265,#8266);
#8268=PLANE('',#8267);
#8270=ORIENTED_EDGE('',*,*,#8269,.F.);
#8272=ORIENTED_EDGE('',*,*,#8271,.F.);
#8273=ORIENTED_EDGE('',*,*,#8082,.F.);
#8275=ORIENTED_EDGE('',*,*,#8274,.F.);
#8276=EDGE_LOOP('',(#8270,#8272,#8273,#8275));
#8277=FACE_OUTER_BOUND('',#8276,.F.);
#8279=CARTESIAN_POINT('',(0.E0,-8.4E0,-1.092088722271E0));
#8280=DIRECTION('',(0.E0,-1.E0,0.E0));
#8281=DIRECTION('',(1.E0,0.E0,0.E0));
#8282=AXIS2_PLACEMENT_3D('',#8279,#8280,#8281);
#8283=PLANE('',#8282);
#8284=ORIENTED_EDGE('',*,*,#8269,.T.);
#8286=ORIENTED_EDGE('',*,*,#8285,.T.);
#8288=ORIENTED_EDGE('',*,*,#8287,.T.);
#8290=ORIENTED_EDGE('',*,*,#8289,.T.);
#8292=ORIENTED_EDGE('',*,*,#8291,.T.);
#8294=ORIENTED_EDGE('',*,*,#8293,.T.);
#8296=ORIENTED_EDGE('',*,*,#8295,.T.);
#8298=ORIENTED_EDGE('',*,*,#8297,.T.);
#8299=EDGE_LOOP('',(#8284,#8286,#8288,#8290,#8292,#8294,#8296,#8298));
#8300=FACE_OUTER_BOUND('',#8299,.F.);
#8302=ORIENTED_EDGE('',*,*,#8301,.T.);
#8304=ORIENTED_EDGE('',*,*,#8303,.F.);
#8306=ORIENTED_EDGE('',*,*,#8305,.F.);
#8308=ORIENTED_EDGE('',*,*,#8307,.T.);
#8309=EDGE_LOOP('',(#8302,#8304,#8306,#8308));
#8310=FACE_BOUND('',#8309,.F.);
#8312=CARTESIAN_POINT('',(1.5E0,-3.897904E1,2.329123457760E-1));
#8313=DIRECTION('',(0.E0,1.E0,0.E0));
#8314=DIRECTION('',(0.E0,0.E0,1.E0));
#8315=AXIS2_PLACEMENT_3D('',#8312,#8313,#8314);
#8316=CYLINDRICAL_SURFACE('',#8315,5.E-1);
#8317=ORIENTED_EDGE('',*,*,#8285,.F.);
#8318=ORIENTED_EDGE('',*,*,#8274,.T.);
#8319=ORIENTED_EDGE('',*,*,#8096,.F.);
#8321=ORIENTED_EDGE('',*,*,#8320,.T.);
#8322=EDGE_LOOP('',(#8317,#8318,#8319,#8321));
#8323=FACE_OUTER_BOUND('',#8322,.F.);
#8325=CARTESIAN_POINT('',(2.E0,-1.1E1,-7.767087654224E0));
#8326=DIRECTION('',(1.E0,0.E0,0.E0));
#8327=DIRECTION('',(0.E0,0.E0,1.E0));
#8328=AXIS2_PLACEMENT_3D('',#8325,#8326,#8327);
#8329=PLANE('',#8328);
#8330=ORIENTED_EDGE('',*,*,#8287,.F.);
#8331=ORIENTED_EDGE('',*,*,#8320,.F.);
#8332=ORIENTED_EDGE('',*,*,#8094,.F.);
#8334=ORIENTED_EDGE('',*,*,#8333,.F.);
#8335=EDGE_LOOP('',(#8330,#8331,#8332,#8334));
#8336=FACE_OUTER_BOUND('',#8335,.F.);
#8338=CARTESIAN_POINT('',(1.5E0,-3.897904E1,-7.267087654224E0));
#8339=DIRECTION('',(0.E0,1.E0,0.E0));
#8340=DIRECTION('',(1.E0,0.E0,0.E0));
#8341=AXIS2_PLACEMENT_3D('',#8338,#8339,#8340);
#8342=CYLINDRICAL_SURFACE('',#8341,5.E-1);
#8343=ORIENTED_EDGE('',*,*,#8289,.F.);
#8344=ORIENTED_EDGE('',*,*,#8333,.T.);
#8345=ORIENTED_EDGE('',*,*,#8092,.F.);
#8347=ORIENTED_EDGE('',*,*,#8346,.T.);
#8348=EDGE_LOOP('',(#8343,#8344,#8345,#8347));
#8349=FACE_OUTER_BOUND('',#8348,.F.);
#8351=CARTESIAN_POINT('',(-2.E0,-1.1E1,-7.767087654224E0));
#8352=DIRECTION('',(0.E0,0.E0,-1.E0));
#8353=DIRECTION('',(1.E0,0.E0,0.E0));
#8354=AXIS2_PLACEMENT_3D('',#8351,#8352,#8353);
#8355=PLANE('',#8354);
#8356=ORIENTED_EDGE('',*,*,#8291,.F.);
#8357=ORIENTED_EDGE('',*,*,#8346,.F.);
#8358=ORIENTED_EDGE('',*,*,#8090,.F.);
#8360=ORIENTED_EDGE('',*,*,#8359,.F.);
#8361=EDGE_LOOP('',(#8356,#8357,#8358,#8360));
#8362=FACE_OUTER_BOUND('',#8361,.F.);
#8364=CARTESIAN_POINT('',(-1.5E0,-3.897904E1,-7.267087654224E0));
#8365=DIRECTION('',(0.E0,1.E0,0.E0));
#8366=DIRECTION('',(0.E0,0.E0,-1.E0));
#8367=AXIS2_PLACEMENT_3D('',#8364,#8365,#8366);
#8368=CYLINDRICAL_SURFACE('',#8367,5.E-1);
#8369=ORIENTED_EDGE('',*,*,#8293,.F.);
#8370=ORIENTED_EDGE('',*,*,#8359,.T.);
#8371=ORIENTED_EDGE('',*,*,#8088,.F.);
#8373=ORIENTED_EDGE('',*,*,#8372,.T.);
#8374=EDGE_LOOP('',(#8369,#8370,#8371,#8373));
#8375=FACE_OUTER_BOUND('',#8374,.F.);
#8377=CARTESIAN_POINT('',(-2.E0,-1.1E1,7.329123457760E-1));
#8378=DIRECTION('',(-1.E0,0.E0,0.E0));
#8379=DIRECTION('',(0.E0,0.E0,-1.E0));
#8380=AXIS2_PLACEMENT_3D('',#8377,#8378,#8379);
#8381=PLANE('',#8380);
#8382=ORIENTED_EDGE('',*,*,#8295,.F.);
#8383=ORIENTED_EDGE('',*,*,#8372,.F.);
#8384=ORIENTED_EDGE('',*,*,#8086,.T.);
#8386=ORIENTED_EDGE('',*,*,#8385,.F.);
#8387=EDGE_LOOP('',(#8382,#8383,#8384,#8386));
#8388=FACE_OUTER_BOUND('',#8387,.F.);
#8390=CARTESIAN_POINT('',(-1.5E0,-3.897904E1,2.329123457760E-1));
#8391=DIRECTION('',(0.E0,1.E0,0.E0));
#8392=DIRECTION('',(-1.E0,0.E0,0.E0));
#8393=AXIS2_PLACEMENT_3D('',#8390,#8391,#8392);
#8394=CYLINDRICAL_SURFACE('',#8393,5.E-1);
#8395=ORIENTED_EDGE('',*,*,#8297,.F.);
#8396=ORIENTED_EDGE('',*,*,#8385,.T.);
#8397=ORIENTED_EDGE('',*,*,#8084,.F.);
#8398=ORIENTED_EDGE('',*,*,#8271,.T.);
#8399=EDGE_LOOP('',(#8395,#8396,#8397,#8398));
#8400=FACE_OUTER_BOUND('',#8399,.F.);
#8402=CARTESIAN_POINT('',(-1.524999786440E0,-1.21740018E1,-7.192087672921E0));
#8403=DIRECTION('',(-6.130134672935E-9,0.E0,1.E0));
#8404=DIRECTION('',(0.E0,1.E0,0.E0));
#8405=AXIS2_PLACEMENT_3D('',#8402,#8403,#8404);
#8406=PLANE('',#8405);
#8408=ORIENTED_EDGE('',*,*,#8407,.F.);
#8410=ORIENTED_EDGE('',*,*,#8409,.T.);
#8412=ORIENTED_EDGE('',*,*,#8411,.T.);
#8413=ORIENTED_EDGE('',*,*,#8301,.F.);
#8414=EDGE_LOOP('',(#8408,#8410,#8412,#8413));
#8415=FACE_OUTER_BOUND('',#8414,.F.);
#8417=FILL_AREA_STYLE_COLOUR('',#116);
#8418=FILL_AREA_STYLE('',(#8417));
#8419=SURFACE_STYLE_FILL_AREA(#8418);
#8420=SURFACE_SIDE_STYLE('',(#8419));
#8421=SURFACE_STYLE_USAGE(.POSITIVE.,#8420);
#8422=FILL_AREA_STYLE_COLOUR('',#252);
#8423=FILL_AREA_STYLE('',(#8422));
#8424=SURFACE_STYLE_FILL_AREA(#8423);
#8425=SURFACE_SIDE_STYLE('',(#8424));
#8426=SURFACE_STYLE_USAGE(.NEGATIVE.,#8425);
#8427=PRESENTATION_STYLE_ASSIGNMENT((#8421,#8426));
#8428=OVER_RIDING_STYLED_ITEM('',(#8427),#8416,#327);
#8429=CARTESIAN_POINT('',(-1.524999786440E0,-1.21740018E1,-7.192087672921E0));
#8430=DIRECTION('',(1.E0,0.E0,6.130134672935E-9));
#8431=DIRECTION('',(0.E0,1.E0,0.E0));
#8432=AXIS2_PLACEMENT_3D('',#8429,#8430,#8431);
#8433=PLANE('',#8432);
#8434=ORIENTED_EDGE('',*,*,#8407,.T.);
#8435=ORIENTED_EDGE('',*,*,#8307,.F.);
#8437=ORIENTED_EDGE('',*,*,#8436,.F.);
#8439=ORIENTED_EDGE('',*,*,#8438,.T.);
#8440=EDGE_LOOP('',(#8434,#8435,#8437,#8439));
#8441=FACE_OUTER_BOUND('',#8440,.F.);
#8443=FILL_AREA_STYLE_COLOUR('',#116);
#8444=FILL_AREA_STYLE('',(#8443));
#8445=SURFACE_STYLE_FILL_AREA(#8444);
#8446=SURFACE_SIDE_STYLE('',(#8445));
#8447=SURFACE_STYLE_USAGE(.POSITIVE.,#8446);
#8448=FILL_AREA_STYLE_COLOUR('',#252);
#8449=FILL_AREA_STYLE('',(#8448));
#8450=SURFACE_STYLE_FILL_AREA(#8449);
#8451=SURFACE_SIDE_STYLE('',(#8450));
#8452=SURFACE_STYLE_USAGE(.NEGATIVE.,#8451);
#8453=PRESENTATION_STYLE_ASSIGNMENT((#8447,#8452));
#8454=OVER_RIDING_STYLED_ITEM('',(#8453),#8442,#327);
#8455=CARTESIAN_POINT('',(-1.524999831497E0,-1.21740018E1,1.579123270790E-1));
#8456=DIRECTION('',(6.130134672935E-9,0.E0,-1.E0));
#8457=DIRECTION('',(0.E0,-1.E0,0.E0));
#8458=AXIS2_PLACEMENT_3D('',#8455,#8456,#8457);
#8459=PLANE('',#8458);
#8461=ORIENTED_EDGE('',*,*,#8460,.F.);
#8463=ORIENTED_EDGE('',*,*,#8462,.T.);
#8464=ORIENTED_EDGE('',*,*,#8436,.T.);
#8465=ORIENTED_EDGE('',*,*,#8305,.T.);
#8466=EDGE_LOOP('',(#8461,#8463,#8464,#8465));
#8467=FACE_OUTER_BOUND('',#8466,.F.);
#8469=FILL_AREA_STYLE_COLOUR('',#116);
#8470=FILL_AREA_STYLE('',(#8469));
#8471=SURFACE_STYLE_FILL_AREA(#8470);
#8472=SURFACE_SIDE_STYLE('',(#8471));
#8473=SURFACE_STYLE_USAGE(.POSITIVE.,#8472);
#8474=FILL_AREA_STYLE_COLOUR('',#252);
#8475=FILL_AREA_STYLE('',(#8474));
#8476=SURFACE_STYLE_FILL_AREA(#8475);
#8477=SURFACE_SIDE_STYLE('',(#8476));
#8478=SURFACE_STYLE_USAGE(.NEGATIVE.,#8477);
#8479=PRESENTATION_STYLE_ASSIGNMENT((#8473,#8478));
#8480=OVER_RIDING_STYLED_ITEM('',(#8479),#8468,#327);
#8481=CARTESIAN_POINT('',(1.525000213560E0,-1.21740018E1,-7.192087654224E0));
#8482=DIRECTION('',(-1.E0,0.E0,-6.130134672935E-9));
#8483=DIRECTION('',(0.E0,-1.E0,0.E0));
#8484=AXIS2_PLACEMENT_3D('',#8481,#8482,#8483);
#8485=PLANE('',#8484);
#8486=ORIENTED_EDGE('',*,*,#8411,.F.);
#8488=ORIENTED_EDGE('',*,*,#8487,.T.);
#8489=ORIENTED_EDGE('',*,*,#8460,.T.);
#8490=ORIENTED_EDGE('',*,*,#8303,.T.);
#8491=EDGE_LOOP('',(#8486,#8488,#8489,#8490));
#8492=FACE_OUTER_BOUND('',#8491,.F.);
#8494=FILL_AREA_STYLE_COLOUR('',#116);
#8495=FILL_AREA_STYLE('',(#8494));
#8496=SURFACE_STYLE_FILL_AREA(#8495);
#8497=SURFACE_SIDE_STYLE('',(#8496));
#8498=SURFACE_STYLE_USAGE(.POSITIVE.,#8497);
#8499=FILL_AREA_STYLE_COLOUR('',#252);
#8500=FILL_AREA_STYLE('',(#8499));
#8501=SURFACE_STYLE_FILL_AREA(#8500);
#8502=SURFACE_SIDE_STYLE('',(#8501));
#8503=SURFACE_STYLE_USAGE(.NEGATIVE.,#8502);
#8504=PRESENTATION_STYLE_ASSIGNMENT((#8498,#8503));
#8505=OVER_RIDING_STYLED_ITEM('',(#8504),#8493,#327);
#8506=CARTESIAN_POINT('',(1.150000008582E1,-1.16740018E1,-9.192087593076E0));
#8507=DIRECTION('',(0.E0,1.E0,0.E0));
#8508=DIRECTION('',(-1.E0,0.E0,-6.130134672935E-9));
#8509=AXIS2_PLACEMENT_3D('',#8506,#8507,#8508);
#8510=PLANE('',#8509);
#8511=ORIENTED_EDGE('',*,*,#8487,.F.);
#8512=ORIENTED_EDGE('',*,*,#8409,.F.);
#8513=ORIENTED_EDGE('',*,*,#8438,.F.);
#8514=ORIENTED_EDGE('',*,*,#8462,.F.);
#8515=EDGE_LOOP('',(#8511,#8512,#8513,#8514));
#8516=FACE_OUTER_BOUND('',#8515,.F.);
#8518=ORIENTED_EDGE('',*,*,#8517,.T.);
#8520=ORIENTED_EDGE('',*,*,#8519,.T.);
#8522=ORIENTED_EDGE('',*,*,#8521,.T.);
#8524=ORIENTED_EDGE('',*,*,#8523,.T.);
#8525=EDGE_LOOP('',(#8518,#8520,#8522,#8524));
#8526=FACE_BOUND('',#8525,.F.);
#8528=FILL_AREA_STYLE_COLOUR('',#116);
#8529=FILL_AREA_STYLE('',(#8528));
#8530=SURFACE_STYLE_FILL_AREA(#8529);
#8531=SURFACE_SIDE_STYLE('',(#8530));
#8532=SURFACE_STYLE_USAGE(.POSITIVE.,#8531);
#8533=FILL_AREA_STYLE_COLOUR('',#252);
#8534=FILL_AREA_STYLE('',(#8533));
#8535=SURFACE_STYLE_FILL_AREA(#8534);
#8536=SURFACE_SIDE_STYLE('',(#8535));
#8537=SURFACE_STYLE_USAGE(.NEGATIVE.,#8536);
#8538=PRESENTATION_STYLE_ASSIGNMENT((#8532,#8537));
#8539=OVER_RIDING_STYLED_ITEM('',(#8538),#8527,#327);
#8540=CARTESIAN_POINT('',(1.055000208196E0,-1.21740018E1,-6.317087657105E0));
#8541=DIRECTION('',(-1.E0,0.E0,-6.130134672935E-9));
#8542=DIRECTION('',(0.E0,-1.E0,0.E0));
#8543=AXIS2_PLACEMENT_3D('',#8540,#8541,#8542);
#8544=PLANE('',#8543);
#8546=ORIENTED_EDGE('',*,*,#8545,.F.);
#8547=ORIENTED_EDGE('',*,*,#8517,.F.);
#8549=ORIENTED_EDGE('',*,*,#8548,.T.);
#8551=ORIENTED_EDGE('',*,*,#8550,.F.);
#8552=EDGE_LOOP('',(#8546,#8547,#8549,#8551));
#8553=FACE_OUTER_BOUND('',#8552,.F.);
#8555=FILL_AREA_STYLE_COLOUR('',#116);
#8556=FILL_AREA_STYLE('',(#8555));
#8557=SURFACE_STYLE_FILL_AREA(#8556);
#8558=SURFACE_SIDE_STYLE('',(#8557));
#8559=SURFACE_STYLE_USAGE(.POSITIVE.,#8558);
#8560=FILL_AREA_STYLE_COLOUR('',#252);
#8561=FILL_AREA_STYLE('',(#8560));
#8562=SURFACE_STYLE_FILL_AREA(#8561);
#8563=SURFACE_SIDE_STYLE('',(#8562));
#8564=SURFACE_STYLE_USAGE(.NEGATIVE.,#8563);
#8565=PRESENTATION_STYLE_ASSIGNMENT((#8559,#8564));
#8566=OVER_RIDING_STYLED_ITEM('',(#8565),#8554,#327);
#8567=CARTESIAN_POINT('',(-1.054999826133E0,-1.21740018E1,-7.170876700398E-1));
#8568=DIRECTION('',(6.130134672935E-9,0.E0,-1.E0));
#8569=DIRECTION('',(0.E0,-1.E0,0.E0));
#8570=AXIS2_PLACEMENT_3D('',#8567,#8568,#8569);
#8571=PLANE('',#8570);
#8572=ORIENTED_EDGE('',*,*,#8545,.T.);
#8574=ORIENTED_EDGE('',*,*,#8573,.F.);
#8576=ORIENTED_EDGE('',*,*,#8575,.F.);
#8577=ORIENTED_EDGE('',*,*,#8519,.F.);
#8578=EDGE_LOOP('',(#8572,#8574,#8576,#8577));
#8579=FACE_OUTER_BOUND('',#8578,.F.);
#8581=FILL_AREA_STYLE_COLOUR('',#116);
#8582=FILL_AREA_STYLE('',(#8581));
#8583=SURFACE_STYLE_FILL_AREA(#8582);
#8584=SURFACE_SIDE_STYLE('',(#8583));
#8585=SURFACE_STYLE_USAGE(.POSITIVE.,#8584);
#8586=FILL_AREA_STYLE_COLOUR('',#252);
#8587=FILL_AREA_STYLE('',(#8586));
#8588=SURFACE_STYLE_FILL_AREA(#8587);
#8589=SURFACE_SIDE_STYLE('',(#8588));
#8590=SURFACE_STYLE_USAGE(.NEGATIVE.,#8589);
#8591=PRESENTATION_STYLE_ASSIGNMENT((#8585,#8590));
#8592=OVER_RIDING_STYLED_ITEM('',(#8591),#8580,#327);
#8593=CARTESIAN_POINT('',(0.E0,-8.4E0,-1.092088722271E0));
#8594=DIRECTION('',(0.E0,-1.E0,0.E0));
#8595=DIRECTION('',(1.E0,0.E0,0.E0));
#8596=AXIS2_PLACEMENT_3D('',#8593,#8594,#8595);
#8597=PLANE('',#8596);
#8598=ORIENTED_EDGE('',*,*,#8550,.T.);
#8600=ORIENTED_EDGE('',*,*,#8599,.F.);
#8602=ORIENTED_EDGE('',*,*,#8601,.F.);
#8603=ORIENTED_EDGE('',*,*,#8573,.T.);
#8604=EDGE_LOOP('',(#8598,#8600,#8602,#8603));
#8605=FACE_OUTER_BOUND('',#8604,.F.);
#8607=CARTESIAN_POINT('',(-1.054999791804E0,-1.21740018E1,-6.317087670040E0));
#8608=DIRECTION('',(-6.130134672935E-9,0.E0,1.E0));
#8609=DIRECTION('',(0.E0,1.E0,0.E0));
#8610=AXIS2_PLACEMENT_3D('',#8607,#8608,#8609);
#8611=PLANE('',#8610);
#8612=ORIENTED_EDGE('',*,*,#8548,.F.);
#8613=ORIENTED_EDGE('',*,*,#8523,.F.);
#8615=ORIENTED_EDGE('',*,*,#8614,.T.);
#8616=ORIENTED_EDGE('',*,*,#8599,.T.);
#8617=EDGE_LOOP('',(#8612,#8613,#8615,#8616));
#8618=FACE_OUTER_BOUND('',#8617,.F.);
#8620=FILL_AREA_STYLE_COLOUR('',#116);
#8621=FILL_AREA_STYLE('',(#8620));
#8622=SURFACE_STYLE_FILL_AREA(#8621);
#8623=SURFACE_SIDE_STYLE('',(#8622));
#8624=SURFACE_STYLE_USAGE(.POSITIVE.,#8623);
#8625=FILL_AREA_STYLE_COLOUR('',#252);
#8626=FILL_AREA_STYLE('',(#8625));
#8627=SURFACE_STYLE_FILL_AREA(#8626);
#8628=SURFACE_SIDE_STYLE('',(#8627));
#8629=SURFACE_STYLE_USAGE(.NEGATIVE.,#8628);
#8630=PRESENTATION_STYLE_ASSIGNMENT((#8624,#8629));
#8631=OVER_RIDING_STYLED_ITEM('',(#8630),#8619,#327);
#8632=CARTESIAN_POINT('',(-1.054999791804E0,-1.21740018E1,-6.317087670040E0));
#8633=DIRECTION('',(1.E0,0.E0,6.130134672935E-9));
#8634=DIRECTION('',(0.E0,1.E0,0.E0));
#8635=AXIS2_PLACEMENT_3D('',#8632,#8633,#8634);
#8636=PLANE('',#8635);
#8637=ORIENTED_EDGE('',*,*,#8614,.F.);
#8638=ORIENTED_EDGE('',*,*,#8521,.F.);
#8639=ORIENTED_EDGE('',*,*,#8575,.T.);
#8640=ORIENTED_EDGE('',*,*,#8601,.T.);
#8641=EDGE_LOOP('',(#8637,#8638,#8639,#8640));
#8642=FACE_OUTER_BOUND('',#8641,.F.);
#8644=FILL_AREA_STYLE_COLOUR('',#116);
#8645=FILL_AREA_STYLE('',(#8644));
#8646=SURFACE_STYLE_FILL_AREA(#8645);
#8647=SURFACE_SIDE_STYLE('',(#8646));
#8648=SURFACE_STYLE_USAGE(.POSITIVE.,#8647);
#8649=FILL_AREA_STYLE_COLOUR('',#252);
#8650=FILL_AREA_STYLE('',(#8649));
#8651=SURFACE_STYLE_FILL_AREA(#8650);
#8652=SURFACE_SIDE_STYLE('',(#8651));
#8653=SURFACE_STYLE_USAGE(.NEGATIVE.,#8652);
#8654=PRESENTATION_STYLE_ASSIGNMENT((#8648,#8653));
#8655=OVER_RIDING_STYLED_ITEM('',(#8654),#8643,#327);
#8656=CARTESIAN_POINT('',(-9.5E0,-1.36E1,-7.092088722271E0));
#8657=DIRECTION('',(-1.E0,0.E0,0.E0));
#8658=DIRECTION('',(0.E0,-1.E0,0.E0));
#8659=AXIS2_PLACEMENT_3D('',#8656,#8657,#8658);
#8660=CYLINDRICAL_SURFACE('',#8659,1.25E0);
#8661=ORIENTED_EDGE('',*,*,#7989,.F.);
#8663=ORIENTED_EDGE('',*,*,#8662,.T.);
#8664=ORIENTED_EDGE('',*,*,#8057,.F.);
#8666=ORIENTED_EDGE('',*,*,#8665,.F.);
#8667=EDGE_LOOP('',(#8661,#8663,#8664,#8666));
#8668=FACE_OUTER_BOUND('',#8667,.F.);
#8670=CARTESIAN_POINT('',(-9.5E0,-1.36E1,-7.092088722271E0));
#8671=DIRECTION('',(-1.E0,0.E0,0.E0));
#8672=DIRECTION('',(0.E0,-1.E0,0.E0));
#8673=AXIS2_PLACEMENT_3D('',#8670,#8671,#8672);
#8674=CYLINDRICAL_SURFACE('',#8673,1.25E0);
#8675=ORIENTED_EDGE('',*,*,#7991,.F.);
#8676=ORIENTED_EDGE('',*,*,#8665,.T.);
#8677=ORIENTED_EDGE('',*,*,#8059,.F.);
#8678=ORIENTED_EDGE('',*,*,#8662,.F.);
#8679=EDGE_LOOP('',(#8675,#8676,#8677,#8678));
#8680=FACE_OUTER_BOUND('',#8679,.F.);
#8682=CARTESIAN_POINT('',(-9.5E0,-1.36E1,4.907911277729E0));
#8683=DIRECTION('',(-1.E0,0.E0,0.E0));
#8684=DIRECTION('',(0.E0,-1.E0,0.E0));
#8685=AXIS2_PLACEMENT_3D('',#8682,#8683,#8684);
#8686=CYLINDRICAL_SURFACE('',#8685,1.25E0);
#8687=ORIENTED_EDGE('',*,*,#7995,.F.);
#8689=ORIENTED_EDGE('',*,*,#8688,.T.);
#8690=ORIENTED_EDGE('',*,*,#8063,.F.);
#8692=ORIENTED_EDGE('',*,*,#8691,.F.);
#8693=EDGE_LOOP('',(#8687,#8689,#8690,#8692));
#8694=FACE_OUTER_BOUND('',#8693,.F.);
#8696=CARTESIAN_POINT('',(-9.5E0,-1.36E1,4.907911277729E0));
#8697=DIRECTION('',(-1.E0,0.E0,0.E0));
#8698=DIRECTION('',(0.E0,-1.E0,0.E0));
#8699=AXIS2_PLACEMENT_3D('',#8696,#8697,#8698);
#8700=CYLINDRICAL_SURFACE('',#8699,1.25E0);
#8701=ORIENTED_EDGE('',*,*,#7997,.F.);
#8702=ORIENTED_EDGE('',*,*,#8691,.T.);
#8703=ORIENTED_EDGE('',*,*,#8065,.F.);
#8704=ORIENTED_EDGE('',*,*,#8688,.F.);
#8705=EDGE_LOOP('',(#8701,#8702,#8703,#8704));
#8706=FACE_OUTER_BOUND('',#8705,.F.);
#8708=CARTESIAN_POINT('',(1.314259265236E1,-3.699999999793E0,3.007911277729E0));
#8709=DIRECTION('',(1.E0,0.E0,0.E0));
#8710=DIRECTION('',(0.E0,9.927395255594E-1,1.202839739618E-1));
#8711=AXIS2_PLACEMENT_3D('',#8708,#8709,#8710);
#8712=CONICAL_SURFACE('',#8711,1.357407347638E0,4.5E1);
#8713=ORIENTED_EDGE('',*,*,#6496,.F.);
#8715=ORIENTED_EDGE('',*,*,#8714,.T.);
#8717=ORIENTED_EDGE('',*,*,#8716,.T.);
#8719=ORIENTED_EDGE('',*,*,#8718,.F.);
#8720=EDGE_LOOP('',(#8713,#8715,#8717,#8719));
#8721=FACE_OUTER_BOUND('',#8720,.F.);
#8723=CARTESIAN_POINT('',(1.314259265236E1,-3.699999999793E0,3.007911277729E0));
#8724=DIRECTION('',(1.E0,0.E0,0.E0));
#8725=DIRECTION('',(0.E0,9.927395255594E-1,1.202839739618E-1));
#8726=AXIS2_PLACEMENT_3D('',#8723,#8724,#8725);
#8727=CONICAL_SURFACE('',#8726,1.357407347638E0,4.5E1);
#8728=ORIENTED_EDGE('',*,*,#6498,.F.);
#8729=ORIENTED_EDGE('',*,*,#8718,.T.);
#8731=ORIENTED_EDGE('',*,*,#8730,.T.);
#8732=ORIENTED_EDGE('',*,*,#8714,.F.);
#8733=EDGE_LOOP('',(#8728,#8729,#8731,#8732));
#8734=FACE_OUTER_BOUND('',#8733,.F.);
#8736=CARTESIAN_POINT('',(9.685185304730E0,-3.699999999793E0,3.007911277729E0));
#8737=DIRECTION('',(-1.E0,0.E0,0.E0));
#8738=DIRECTION('',(0.E0,-9.927395255594E-1,-1.202839739618E-1));
#8739=AXIS2_PLACEMENT_3D('',#8736,#8737,#8738);
#8740=CYLINDRICAL_SURFACE('',#8739,1.5E0);
#8742=ORIENTED_EDGE('',*,*,#8741,.T.);
#8743=ORIENTED_EDGE('',*,*,#8730,.F.);
#8745=ORIENTED_EDGE('',*,*,#8744,.F.);
#8747=ORIENTED_EDGE('',*,*,#8746,.F.);
#8748=EDGE_LOOP('',(#8742,#8743,#8745,#8747));
#8749=FACE_OUTER_BOUND('',#8748,.F.);
#8751=CARTESIAN_POINT('',(9.685185304730E0,-3.699999999793E0,3.007911277729E0));
#8752=DIRECTION('',(-1.E0,0.E0,0.E0));
#8753=DIRECTION('',(0.E0,-9.927395255594E-1,-1.202839739618E-1));
#8754=AXIS2_PLACEMENT_3D('',#8751,#8752,#8753);
#8755=CYLINDRICAL_SURFACE('',#8754,1.5E0);
#8757=ORIENTED_EDGE('',*,*,#8756,.F.);
#8758=ORIENTED_EDGE('',*,*,#8744,.T.);
#8759=ORIENTED_EDGE('',*,*,#8716,.F.);
#8760=ORIENTED_EDGE('',*,*,#8741,.F.);
#8761=EDGE_LOOP('',(#8757,#8758,#8759,#8760));
#8762=FACE_OUTER_BOUND('',#8761,.F.);
#8764=CARTESIAN_POINT('',(1.368518530473E1,-3.699999999793E0,3.007911277729E0));
#8765=DIRECTION('',(1.E0,0.E0,0.E0));
#8766=DIRECTION('',(0.E0,9.927395255594E-1,1.202839739618E-1));
#8767=AXIS2_PLACEMENT_3D('',#8764,#8765,#8766);
#8768=PLANE('',#8767);
#8769=ORIENTED_EDGE('',*,*,#8756,.T.);
#8770=ORIENTED_EDGE('',*,*,#8746,.T.);
#8771=EDGE_LOOP('',(#8769,#8770));
#8772=FACE_OUTER_BOUND('',#8771,.F.);
#8774=ORIENTED_EDGE('',*,*,#8773,.T.);
#8776=ORIENTED_EDGE('',*,*,#8775,.T.);
#8778=ORIENTED_EDGE('',*,*,#8777,.T.);
#8780=ORIENTED_EDGE('',*,*,#8779,.T.);
#8782=ORIENTED_EDGE('',*,*,#8781,.T.);
#8784=ORIENTED_EDGE('',*,*,#8783,.T.);
#8785=EDGE_LOOP('',(#8774,#8776,#8778,#8780,#8782,#8784));
#8786=FACE_BOUND('',#8785,.F.);
#8788=CARTESIAN_POINT('',(1.328518530473E1,-4.253976124281E0,2.591845833962E0));
#8789=DIRECTION('',(0.E0,-3.922007856607E-1,-9.198796354563E-1));
#8790=DIRECTION('',(0.E0,9.198796354563E-1,-3.922007856607E-1));
#8791=AXIS2_PLACEMENT_3D('',#8788,#8789,#8790);
#8792=PLANE('',#8791);
#8793=ORIENTED_EDGE('',*,*,#8773,.F.);
#8795=ORIENTED_EDGE('',*,*,#8794,.F.);
#8797=ORIENTED_EDGE('',*,*,#8796,.F.);
#8799=ORIENTED_EDGE('',*,*,#8798,.T.);
#8800=EDGE_LOOP('',(#8793,#8795,#8797,#8799));
#8801=FACE_OUTER_BOUND('',#8800,.F.);
#8803=CARTESIAN_POINT('',(1.328518530473E1,-4.337311305976E0,3.279635952742E0));
#8804=DIRECTION('',(0.E0,-9.927395255594E-1,-1.202839739618E-1));
#8805=DIRECTION('',(1.E0,0.E0,0.E0));
#8806=AXIS2_PLACEMENT_3D('',#8803,#8804,#8805);
#8807=PLANE('',#8806);
#8808=ORIENTED_EDGE('',*,*,#8783,.F.);
#8810=ORIENTED_EDGE('',*,*,#8809,.F.);
#8812=ORIENTED_EDGE('',*,*,#8811,.T.);
#8813=ORIENTED_EDGE('',*,*,#8794,.T.);
#8814=EDGE_LOOP('',(#8808,#8810,#8812,#8813));
#8815=FACE_OUTER_BOUND('',#8814,.F.);
#8817=CARTESIAN_POINT('',(1.328518530473E1,-3.783335181488E0,3.695701396509E0));
#8818=DIRECTION('',(0.E0,-6.005387398988E-1,7.995956614945E-1));
#8819=DIRECTION('',(0.E0,-7.995956614945E-1,-6.005387398988E-1));
#8820=AXIS2_PLACEMENT_3D('',#8817,#8818,#8819);
#8821=PLANE('',#8820);
#8822=ORIENTED_EDGE('',*,*,#8781,.F.);
#8824=ORIENTED_EDGE('',*,*,#8823,.F.);
#8826=ORIENTED_EDGE('',*,*,#8825,.F.);
#8827=ORIENTED_EDGE('',*,*,#8809,.T.);
#8828=EDGE_LOOP('',(#8822,#8824,#8826,#8827));
#8829=FACE_OUTER_BOUND('',#8828,.F.);
#8831=CARTESIAN_POINT('',(1.328518530473E1,-3.146023875305E0,3.423976721496E0));
#8832=DIRECTION('',(0.E0,3.922007856607E-1,9.198796354563E-1));
#8833=DIRECTION('',(0.E0,-9.198796354563E-1,3.922007856607E-1));
#8834=AXIS2_PLACEMENT_3D('',#8831,#8832,#8833);
#8835=PLANE('',#8834);
#8836=ORIENTED_EDGE('',*,*,#8779,.F.);
#8838=ORIENTED_EDGE('',*,*,#8837,.F.);
#8840=ORIENTED_EDGE('',*,*,#8839,.F.);
#8841=ORIENTED_EDGE('',*,*,#8823,.T.);
#8842=EDGE_LOOP('',(#8836,#8838,#8840,#8841));
#8843=FACE_OUTER_BOUND('',#8842,.F.);
#8845=CARTESIAN_POINT('',(1.328518530473E1,-3.062688693610E0,2.736186602716E0));
#8846=DIRECTION('',(0.E0,9.927395255594E-1,1.202839739618E-1));
#8847=DIRECTION('',(-1.E0,0.E0,0.E0));
#8848=AXIS2_PLACEMENT_3D('',#8845,#8846,#8847);
#8849=PLANE('',#8848);
#8850=ORIENTED_EDGE('',*,*,#8777,.F.);
#8852=ORIENTED_EDGE('',*,*,#8851,.F.);
#8854=ORIENTED_EDGE('',*,*,#8853,.T.);
#8855=ORIENTED_EDGE('',*,*,#8837,.T.);
#8856=EDGE_LOOP('',(#8850,#8852,#8854,#8855));
#8857=FACE_OUTER_BOUND('',#8856,.F.);
#8859=CARTESIAN_POINT('',(1.328518530473E1,-3.616664818098E0,2.320121158949E0));
#8860=DIRECTION('',(0.E0,6.005387398988E-1,-7.995956614945E-1));
#8861=DIRECTION('',(0.E0,7.995956614945E-1,6.005387398988E-1));
#8862=AXIS2_PLACEMENT_3D('',#8859,#8860,#8861);
#8863=PLANE('',#8862);
#8864=ORIENTED_EDGE('',*,*,#8775,.F.);
#8865=ORIENTED_EDGE('',*,*,#8798,.F.);
#8867=ORIENTED_EDGE('',*,*,#8866,.F.);
#8868=ORIENTED_EDGE('',*,*,#8851,.T.);
#8869=EDGE_LOOP('',(#8864,#8865,#8867,#8868));
#8870=FACE_OUTER_BOUND('',#8869,.F.);
#8872=CARTESIAN_POINT('',(1.328518530473E1,-3.783335181488E0,3.695701396509E0));
#8873=DIRECTION('',(1.E0,0.E0,0.E0));
#8874=DIRECTION('',(0.E0,-1.202839739618E-1,9.927395255594E-1));
#8875=AXIS2_PLACEMENT_3D('',#8872,#8873,#8874);
#8876=PLANE('',#8875);
#8878=ORIENTED_EDGE('',*,*,#8877,.T.);
#8879=ORIENTED_EDGE('',*,*,#8866,.T.);
#8880=EDGE_LOOP('',(#8878,#8879));
#8881=FACE_OUTER_BOUND('',#8880,.F.);
#8883=CARTESIAN_POINT('',(1.319740153692E1,-3.699999999793E0,3.007911277729E0));
#8884=DIRECTION('',(1.E0,0.E0,0.E0));
#8885=DIRECTION('',(0.E0,-1.202839739618E-1,9.927395255594E-1));
#8886=AXIS2_PLACEMENT_3D('',#8883,#8884,#8885);
#8887=CONICAL_SURFACE('',#8886,3.887284311925E-1,7.389788624801E1);
#8889=ORIENTED_EDGE('',*,*,#8888,.T.);
#8891=ORIENTED_EDGE('',*,*,#8890,.F.);
#8893=ORIENTED_EDGE('',*,*,#8892,.F.);
#8894=ORIENTED_EDGE('',*,*,#8877,.F.);
#8896=ORIENTED_EDGE('',*,*,#8895,.F.);
#8897=EDGE_LOOP('',(#8889,#8891,#8893,#8894,#8896));
#8898=FACE_OUTER_BOUND('',#8897,.F.);
#8900=CARTESIAN_POINT('',(1.319740153692E1,-3.699999999793E0,3.007911277729E0));
#8901=DIRECTION('',(1.E0,0.E0,0.E0));
#8902=DIRECTION('',(0.E0,-1.202839739618E-1,9.927395255594E-1));
#8903=AXIS2_PLACEMENT_3D('',#8900,#8901,#8902);
#8904=CONICAL_SURFACE('',#8903,3.887284311925E-1,7.389788624801E1);
#8905=ORIENTED_EDGE('',*,*,#8895,.T.);
#8907=ORIENTED_EDGE('',*,*,#8906,.F.);
#8909=ORIENTED_EDGE('',*,*,#8908,.F.);
#8911=ORIENTED_EDGE('',*,*,#8910,.F.);
#8912=ORIENTED_EDGE('',*,*,#8888,.F.);
#8913=EDGE_LOOP('',(#8905,#8907,#8909,#8911,#8912));
#8914=FACE_OUTER_BOUND('',#8913,.F.);
#8916=CARTESIAN_POINT('',(1.328518530473E1,-3.783335181488E0,3.695701396509E0));
#8917=DIRECTION('',(1.E0,0.E0,0.E0));
#8918=DIRECTION('',(0.E0,-1.202839739618E-1,9.927395255594E-1));
#8919=AXIS2_PLACEMENT_3D('',#8916,#8917,#8918);
#8920=PLANE('',#8919);
#8921=ORIENTED_EDGE('',*,*,#8906,.T.);
#8922=ORIENTED_EDGE('',*,*,#8796,.T.);
#8923=EDGE_LOOP('',(#8921,#8922));
#8924=FACE_OUTER_BOUND('',#8923,.F.);
#8926=CARTESIAN_POINT('',(1.328518530473E1,-3.783335181488E0,3.695701396509E0));
#8927=DIRECTION('',(1.E0,0.E0,0.E0));
#8928=DIRECTION('',(0.E0,-1.202839739618E-1,9.927395255594E-1));
#8929=AXIS2_PLACEMENT_3D('',#8926,#8927,#8928);
#8930=PLANE('',#8929);
#8931=ORIENTED_EDGE('',*,*,#8908,.T.);
#8932=ORIENTED_EDGE('',*,*,#8811,.F.);
#8933=EDGE_LOOP('',(#8931,#8932));
#8934=FACE_OUTER_BOUND('',#8933,.F.);
#8936=CARTESIAN_POINT('',(1.328518530473E1,-3.783335181488E0,3.695701396509E0));
#8937=DIRECTION('',(1.E0,0.E0,0.E0));
#8938=DIRECTION('',(0.E0,-1.202839739618E-1,9.927395255594E-1));
#8939=AXIS2_PLACEMENT_3D('',#8936,#8937,#8938);
#8940=PLANE('',#8939);
#8941=ORIENTED_EDGE('',*,*,#8910,.T.);
#8942=ORIENTED_EDGE('',*,*,#8825,.T.);
#8943=EDGE_LOOP('',(#8941,#8942));
#8944=FACE_OUTER_BOUND('',#8943,.F.);
#8946=CARTESIAN_POINT('',(1.328518530473E1,-3.783335181488E0,3.695701396509E0));
#8947=DIRECTION('',(1.E0,0.E0,0.E0));
#8948=DIRECTION('',(0.E0,-1.202839739618E-1,9.927395255594E-1));
#8949=AXIS2_PLACEMENT_3D('',#8946,#8947,#8948);
#8950=PLANE('',#8949);
#8951=ORIENTED_EDGE('',*,*,#8890,.T.);
#8952=ORIENTED_EDGE('',*,*,#8839,.T.);
#8953=EDGE_LOOP('',(#8951,#8952));
#8954=FACE_OUTER_BOUND('',#8953,.F.);
#8956=CARTESIAN_POINT('',(1.328518530473E1,-3.783335181488E0,3.695701396509E0));
#8957=DIRECTION('',(1.E0,0.E0,0.E0));
#8958=DIRECTION('',(0.E0,-1.202839739618E-1,9.927395255594E-1));
#8959=AXIS2_PLACEMENT_3D('',#8956,#8957,#8958);
#8960=PLANE('',#8959);
#8961=ORIENTED_EDGE('',*,*,#8892,.T.);
#8962=ORIENTED_EDGE('',*,*,#8853,.F.);
#8963=EDGE_LOOP('',(#8961,#8962));
#8964=FACE_OUTER_BOUND('',#8963,.F.);
#8966=CARTESIAN_POINT('',(1.314259265237E1,-3.700000003651E0,
-5.992088722271E0));
#8967=DIRECTION('',(1.E0,-1.475568202148E-10,0.E0));
#8968=DIRECTION('',(1.464854876931E-10,9.927395255591E-1,1.202839739644E-1));
#8969=AXIS2_PLACEMENT_3D('',#8966,#8967,#8968);
#8970=CONICAL_SURFACE('',#8969,1.357407347639E0,4.5E1);
#8971=ORIENTED_EDGE('',*,*,#6502,.F.);
#8973=ORIENTED_EDGE('',*,*,#8972,.T.);
#8975=ORIENTED_EDGE('',*,*,#8974,.T.);
#8977=ORIENTED_EDGE('',*,*,#8976,.F.);
#8978=EDGE_LOOP('',(#8971,#8973,#8975,#8977));
#8979=FACE_OUTER_BOUND('',#8978,.F.);
#8981=CARTESIAN_POINT('',(1.314259265236E1,-3.700000003651E0,
-5.992088722271E0));
#8982=DIRECTION('',(1.E0,-1.475568202148E-10,0.E0));
#8983=DIRECTION('',(1.464854876931E-10,9.927395255591E-1,1.202839739644E-1));
#8984=AXIS2_PLACEMENT_3D('',#8981,#8982,#8983);
#8985=CONICAL_SURFACE('',#8984,1.357407347627E0,4.5E1);
#8986=ORIENTED_EDGE('',*,*,#6504,.F.);
#8987=ORIENTED_EDGE('',*,*,#8976,.T.);
#8989=ORIENTED_EDGE('',*,*,#8988,.T.);
#8990=ORIENTED_EDGE('',*,*,#8972,.F.);
#8991=EDGE_LOOP('',(#8986,#8987,#8989,#8990));
#8992=FACE_OUTER_BOUND('',#8991,.F.);
#8994=CARTESIAN_POINT('',(9.685185304730E0,-3.700000003140E0,
-5.992088722271E0));
#8995=DIRECTION('',(-1.E0,1.475568202148E-10,0.E0));
#8996=DIRECTION('',(-1.464854876931E-10,-9.927395255591E-1,-1.202839739644E-1));
#8997=AXIS2_PLACEMENT_3D('',#8994,#8995,#8996);
#8998=CYLINDRICAL_SURFACE('',#8997,1.5E0);
#9000=ORIENTED_EDGE('',*,*,#8999,.T.);
#9001=ORIENTED_EDGE('',*,*,#8988,.F.);
#9003=ORIENTED_EDGE('',*,*,#9002,.F.);
#9005=ORIENTED_EDGE('',*,*,#9004,.F.);
#9006=EDGE_LOOP('',(#9000,#9001,#9003,#9005));
#9007=FACE_OUTER_BOUND('',#9006,.F.);
#9009=CARTESIAN_POINT('',(9.685185304730E0,-3.700000003140E0,
-5.992088722271E0));
#9010=DIRECTION('',(-1.E0,1.475568202148E-10,0.E0));
#9011=DIRECTION('',(-1.464854876931E-10,-9.927395255591E-1,-1.202839739644E-1));
#9012=AXIS2_PLACEMENT_3D('',#9009,#9010,#9011);
#9013=CYLINDRICAL_SURFACE('',#9012,1.5E0);
#9015=ORIENTED_EDGE('',*,*,#9014,.F.);
#9016=ORIENTED_EDGE('',*,*,#9002,.T.);
#9017=ORIENTED_EDGE('',*,*,#8974,.F.);
#9018=ORIENTED_EDGE('',*,*,#8999,.F.);
#9019=EDGE_LOOP('',(#9015,#9016,#9017,#9018));
#9020=FACE_OUTER_BOUND('',#9019,.F.);
#9022=CARTESIAN_POINT('',(1.368518530473E1,-3.700000003731E0,
-5.992088722271E0));
#9023=DIRECTION('',(1.E0,-1.475568202148E-10,0.E0));
#9024=DIRECTION('',(1.464854876931E-10,9.927395255591E-1,1.202839739644E-1));
#9025=AXIS2_PLACEMENT_3D('',#9022,#9023,#9024);
#9026=PLANE('',#9025);
#9027=ORIENTED_EDGE('',*,*,#9014,.T.);
#9028=ORIENTED_EDGE('',*,*,#9004,.T.);
#9029=EDGE_LOOP('',(#9027,#9028));
#9030=FACE_OUTER_BOUND('',#9029,.F.);
#9032=ORIENTED_EDGE('',*,*,#9031,.T.);
#9034=ORIENTED_EDGE('',*,*,#9033,.T.);
#9036=ORIENTED_EDGE('',*,*,#9035,.T.);
#9038=ORIENTED_EDGE('',*,*,#9037,.T.);
#9040=ORIENTED_EDGE('',*,*,#9039,.T.);
#9042=ORIENTED_EDGE('',*,*,#9041,.T.);
#9043=EDGE_LOOP('',(#9032,#9034,#9036,#9038,#9040,#9042));
#9044=FACE_BOUND('',#9043,.F.);
#9046=CARTESIAN_POINT('',(1.328518530465E1,-4.253976128159E0,
-6.408154166040E0));
#9047=DIRECTION('',(-5.787192155182E-11,-3.922007856583E-1,-9.198796354573E-1));
#9048=DIRECTION('',(1.357345051481E-10,9.198796354573E-1,-3.922007856583E-1));
#9049=AXIS2_PLACEMENT_3D('',#9046,#9047,#9048);
#9050=PLANE('',#9049);
#9051=ORIENTED_EDGE('',*,*,#9031,.F.);
#9053=ORIENTED_EDGE('',*,*,#9052,.F.);
#9055=ORIENTED_EDGE('',*,*,#9054,.F.);
#9057=ORIENTED_EDGE('',*,*,#9056,.T.);
#9058=EDGE_LOOP('',(#9051,#9053,#9055,#9057));
#9059=FACE_OUTER_BOUND('',#9058,.F.);
#9061=CARTESIAN_POINT('',(1.328518530464E1,-4.337311309856E0,
-5.720364047260E0));
#9062=DIRECTION('',(-1.464854904043E-10,-9.927395255591E-1,-1.202839739644E-1));
#9063=DIRECTION('',(1.E0,-1.475568229064E-10,0.E0));
#9064=AXIS2_PLACEMENT_3D('',#9061,#9062,#9063);
#9065=PLANE('',#9064);
#9066=ORIENTED_EDGE('',*,*,#9041,.F.);
#9068=ORIENTED_EDGE('',*,*,#9067,.F.);
#9070=ORIENTED_EDGE('',*,*,#9069,.T.);
#9071=ORIENTED_EDGE('',*,*,#9052,.T.);
#9072=EDGE_LOOP('',(#9066,#9068,#9070,#9071));
#9073=FACE_OUTER_BOUND('',#9072,.F.);
#9075=CARTESIAN_POINT('',(1.328518530472E1,-3.783335185369E0,
-5.304298603491E0));
#9076=DIRECTION('',(-8.861356885248E-11,-6.005387399009E-1,7.995956614929E-1));
#9077=DIRECTION('',(-1.179858068038E-10,-7.995956614929E-1,-6.005387399009E-1));
#9078=AXIS2_PLACEMENT_3D('',#9075,#9076,#9077);
#9079=PLANE('',#9078);
#9080=ORIENTED_EDGE('',*,*,#9039,.F.);
#9082=ORIENTED_EDGE('',*,*,#9081,.F.);
#9084=ORIENTED_EDGE('',*,*,#9083,.F.);
#9085=ORIENTED_EDGE('',*,*,#9067,.T.);
#9086=EDGE_LOOP('',(#9080,#9082,#9084,#9085));
#9087=FACE_OUTER_BOUND('',#9086,.F.);
#9089=CARTESIAN_POINT('',(1.328518530481E1,-3.146023879185E0,
-5.576023278502E0));
#9090=DIRECTION('',(5.787192155182E-11,3.922007856583E-1,9.198796354573E-1));
#9091=DIRECTION('',(-1.357345051481E-10,-9.198796354573E-1,3.922007856583E-1));
#9092=AXIS2_PLACEMENT_3D('',#9089,#9090,#9091);
#9093=PLANE('',#9092);
#9094=ORIENTED_EDGE('',*,*,#9037,.F.);
#9096=ORIENTED_EDGE('',*,*,#9095,.F.);
#9098=ORIENTED_EDGE('',*,*,#9097,.F.);
#9099=ORIENTED_EDGE('',*,*,#9081,.T.);
#9100=EDGE_LOOP('',(#9094,#9096,#9098,#9099));
#9101=FACE_OUTER_BOUND('',#9100,.F.);
#9103=CARTESIAN_POINT('',(1.328518530482E1,-3.062688697488E0,
-6.263813397282E0));
#9104=DIRECTION('',(1.464854904043E-10,9.927395255591E-1,1.202839739644E-1));
#9105=DIRECTION('',(-1.E0,1.475568229064E-10,0.E0));
#9106=AXIS2_PLACEMENT_3D('',#9103,#9104,#9105);
#9107=PLANE('',#9106);
#9108=ORIENTED_EDGE('',*,*,#9035,.F.);
#9110=ORIENTED_EDGE('',*,*,#9109,.F.);
#9112=ORIENTED_EDGE('',*,*,#9111,.T.);
#9113=ORIENTED_EDGE('',*,*,#9095,.T.);
#9114=EDGE_LOOP('',(#9108,#9110,#9112,#9113));
#9115=FACE_OUTER_BOUND('',#9114,.F.);
#9117=CARTESIAN_POINT('',(1.328518530474E1,-3.616664821975E0,
-6.679878841051E0));
#9118=DIRECTION('',(8.861356885248E-11,6.005387399009E-1,-7.995956614929E-1));
#9119=DIRECTION('',(1.179858068038E-10,7.995956614929E-1,6.005387399009E-1));
#9120=AXIS2_PLACEMENT_3D('',#9117,#9118,#9119);
#9121=PLANE('',#9120);
#9122=ORIENTED_EDGE('',*,*,#9033,.F.);
#9123=ORIENTED_EDGE('',*,*,#9056,.F.);
#9125=ORIENTED_EDGE('',*,*,#9124,.F.);
#9126=ORIENTED_EDGE('',*,*,#9109,.T.);
#9127=EDGE_LOOP('',(#9122,#9123,#9125,#9126));
#9128=FACE_OUTER_BOUND('',#9127,.F.);
#9130=CARTESIAN_POINT('',(1.328518530472E1,-3.783335185369E0,
-5.304298603491E0));
#9131=DIRECTION('',(1.E0,-1.475568202148E-10,0.E0));
#9132=DIRECTION('',(-1.774872072099E-11,-1.202839739644E-1,9.927395255591E-1));
#9133=AXIS2_PLACEMENT_3D('',#9130,#9131,#9132);
#9134=PLANE('',#9133);
#9136=ORIENTED_EDGE('',*,*,#9135,.T.);
#9137=ORIENTED_EDGE('',*,*,#9124,.T.);
#9138=EDGE_LOOP('',(#9136,#9137));
#9139=FACE_OUTER_BOUND('',#9138,.F.);
#9141=CARTESIAN_POINT('',(1.319740153692E1,-3.700000003659E0,
-5.992088722271E0));
#9142=DIRECTION('',(1.E0,-1.475568202148E-10,0.E0));
#9143=DIRECTION('',(-1.774872072099E-11,-1.202839739644E-1,9.927395255591E-1));
#9144=AXIS2_PLACEMENT_3D('',#9141,#9142,#9143);
#9145=CONICAL_SURFACE('',#9144,3.887284311924E-1,7.389788624801E1);
#9147=ORIENTED_EDGE('',*,*,#9146,.T.);
#9149=ORIENTED_EDGE('',*,*,#9148,.F.);
#9151=ORIENTED_EDGE('',*,*,#9150,.F.);
#9152=ORIENTED_EDGE('',*,*,#9135,.F.);
#9154=ORIENTED_EDGE('',*,*,#9153,.F.);
#9155=EDGE_LOOP('',(#9147,#9149,#9151,#9152,#9154));
#9156=FACE_OUTER_BOUND('',#9155,.F.);
#9158=CARTESIAN_POINT('',(1.319740153692E1,-3.700000003659E0,
-5.992088722271E0));
#9159=DIRECTION('',(1.E0,-1.475568202148E-10,0.E0));
#9160=DIRECTION('',(-1.774872072099E-11,-1.202839739644E-1,9.927395255591E-1));
#9161=AXIS2_PLACEMENT_3D('',#9158,#9159,#9160);
#9162=CONICAL_SURFACE('',#9161,3.887284311925E-1,7.389788624801E1);
#9163=ORIENTED_EDGE('',*,*,#9153,.T.);
#9165=ORIENTED_EDGE('',*,*,#9164,.F.);
#9167=ORIENTED_EDGE('',*,*,#9166,.F.);
#9169=ORIENTED_EDGE('',*,*,#9168,.F.);
#9170=ORIENTED_EDGE('',*,*,#9146,.F.);
#9171=EDGE_LOOP('',(#9163,#9165,#9167,#9169,#9170));
#9172=FACE_OUTER_BOUND('',#9171,.F.);
#9174=CARTESIAN_POINT('',(1.328518530472E1,-3.783335185369E0,
-5.304298603491E0));
#9175=DIRECTION('',(1.E0,-1.475568202148E-10,0.E0));
#9176=DIRECTION('',(-1.774872072099E-11,-1.202839739644E-1,9.927395255591E-1));
#9177=AXIS2_PLACEMENT_3D('',#9174,#9175,#9176);
#9178=PLANE('',#9177);
#9179=ORIENTED_EDGE('',*,*,#9164,.T.);
#9180=ORIENTED_EDGE('',*,*,#9054,.T.);
#9181=EDGE_LOOP('',(#9179,#9180));
#9182=FACE_OUTER_BOUND('',#9181,.F.);
#9184=CARTESIAN_POINT('',(1.328518530472E1,-3.783335185369E0,
-5.304298603491E0));
#9185=DIRECTION('',(1.E0,-1.475568202148E-10,0.E0));
#9186=DIRECTION('',(-1.774872072099E-11,-1.202839739644E-1,9.927395255591E-1));
#9187=AXIS2_PLACEMENT_3D('',#9184,#9185,#9186);
#9188=PLANE('',#9187);
#9189=ORIENTED_EDGE('',*,*,#9166,.T.);
#9190=ORIENTED_EDGE('',*,*,#9069,.F.);
#9191=EDGE_LOOP('',(#9189,#9190));
#9192=FACE_OUTER_BOUND('',#9191,.F.);
#9194=CARTESIAN_POINT('',(1.328518530472E1,-3.783335185369E0,
-5.304298603491E0));
#9195=DIRECTION('',(1.E0,-1.475568202148E-10,0.E0));
#9196=DIRECTION('',(-1.774872072099E-11,-1.202839739644E-1,9.927395255591E-1));
#9197=AXIS2_PLACEMENT_3D('',#9194,#9195,#9196);
#9198=PLANE('',#9197);
#9199=ORIENTED_EDGE('',*,*,#9168,.T.);
#9200=ORIENTED_EDGE('',*,*,#9083,.T.);
#9201=EDGE_LOOP('',(#9199,#9200));
#9202=FACE_OUTER_BOUND('',#9201,.F.);
#9204=CARTESIAN_POINT('',(1.328518530472E1,-3.783335185369E0,
-5.304298603491E0));
#9205=DIRECTION('',(1.E0,-1.475568202148E-10,0.E0));
#9206=DIRECTION('',(-1.774872072099E-11,-1.202839739644E-1,9.927395255591E-1));
#9207=AXIS2_PLACEMENT_3D('',#9204,#9205,#9206);
#9208=PLANE('',#9207);
#9209=ORIENTED_EDGE('',*,*,#9148,.T.);
#9210=ORIENTED_EDGE('',*,*,#9097,.T.);
#9211=EDGE_LOOP('',(#9209,#9210));
#9212=FACE_OUTER_BOUND('',#9211,.F.);
#9214=CARTESIAN_POINT('',(1.328518530472E1,-3.783335185369E0,
-5.304298603491E0));
#9215=DIRECTION('',(1.E0,-1.475568202148E-10,0.E0));
#9216=DIRECTION('',(-1.774872072099E-11,-1.202839739644E-1,9.927395255591E-1));
#9217=AXIS2_PLACEMENT_3D('',#9214,#9215,#9216);
#9218=PLANE('',#9217);
#9219=ORIENTED_EDGE('',*,*,#9150,.T.);
#9220=ORIENTED_EDGE('',*,*,#9111,.F.);
#9221=EDGE_LOOP('',(#9219,#9220));
#9222=FACE_OUTER_BOUND('',#9221,.F.);
#9224=CARTESIAN_POINT('',(-1.309654073138E1,-3.699999999780E0,
-5.992088722271E0));
#9225=DIRECTION('',(-1.E0,1.475568360729E-10,0.E0));
#9226=DIRECTION('',(1.464855034344E-10,9.927395255479E-1,1.202839740572E-1));
#9227=AXIS2_PLACEMENT_3D('',#9224,#9225,#9226);
#9228=CONICAL_SURFACE('',#9227,1.403459268634E0,4.5E1);
#9229=ORIENTED_EDGE('',*,*,#6376,.F.);
#9231=ORIENTED_EDGE('',*,*,#9230,.T.);
#9233=ORIENTED_EDGE('',*,*,#9232,.T.);
#9235=ORIENTED_EDGE('',*,*,#9234,.F.);
#9236=EDGE_LOOP('',(#9229,#9231,#9233,#9235));
#9237=FACE_OUTER_BOUND('',#9236,.F.);
#9239=CARTESIAN_POINT('',(-1.309654073137E1,-3.699999999780E0,
-5.992088722271E0));
#9240=DIRECTION('',(-1.E0,1.475568360729E-10,0.E0));
#9241=DIRECTION('',(1.464855034344E-10,9.927395255479E-1,1.202839740572E-1));
#9242=AXIS2_PLACEMENT_3D('',#9239,#9240,#9241);
#9243=CONICAL_SURFACE('',#9242,1.403459268615E0,4.5E1);
#9244=ORIENTED_EDGE('',*,*,#6378,.F.);
#9245=ORIENTED_EDGE('',*,*,#9234,.T.);
#9247=ORIENTED_EDGE('',*,*,#9246,.T.);
#9248=ORIENTED_EDGE('',*,*,#9230,.F.);
#9249=EDGE_LOOP('',(#9244,#9245,#9247,#9248));
#9250=FACE_OUTER_BOUND('',#9249,.F.);
#9252=CARTESIAN_POINT('',(-9.593081462750E0,-3.700000000297E0,
-5.992088722271E0));
#9253=DIRECTION('',(1.E0,-1.475568360729E-10,0.E0));
#9254=DIRECTION('',(-1.464855034344E-10,-9.927395255479E-1,-1.202839740572E-1));
#9255=AXIS2_PLACEMENT_3D('',#9252,#9253,#9254);
#9256=CYLINDRICAL_SURFACE('',#9255,1.5E0);
#9258=ORIENTED_EDGE('',*,*,#9257,.T.);
#9259=ORIENTED_EDGE('',*,*,#9246,.F.);
#9261=ORIENTED_EDGE('',*,*,#9260,.F.);
#9263=ORIENTED_EDGE('',*,*,#9262,.F.);
#9264=EDGE_LOOP('',(#9258,#9259,#9261,#9263));
#9265=FACE_OUTER_BOUND('',#9264,.F.);
#9267=CARTESIAN_POINT('',(-9.593081462750E0,-3.700000000297E0,
-5.992088722271E0));
#9268=DIRECTION('',(1.E0,-1.475568360729E-10,0.E0));
#9269=DIRECTION('',(-1.464855034344E-10,-9.927395255479E-1,-1.202839740572E-1));
#9270=AXIS2_PLACEMENT_3D('',#9267,#9268,#9269);
#9271=CYLINDRICAL_SURFACE('',#9270,1.5E0);
#9273=ORIENTED_EDGE('',*,*,#9272,.F.);
#9274=ORIENTED_EDGE('',*,*,#9260,.T.);
#9275=ORIENTED_EDGE('',*,*,#9232,.F.);
#9276=ORIENTED_EDGE('',*,*,#9257,.F.);
#9277=EDGE_LOOP('',(#9273,#9274,#9275,#9276));
#9278=FACE_OUTER_BOUND('',#9277,.F.);
#9280=CARTESIAN_POINT('',(-1.359308146275E1,-3.699999999706E0,
-5.992088722271E0));
#9281=DIRECTION('',(-1.E0,1.475568360729E-10,0.E0));
#9282=DIRECTION('',(1.464855034344E-10,9.927395255479E-1,1.202839740572E-1));
#9283=AXIS2_PLACEMENT_3D('',#9280,#9281,#9282);
#9284=PLANE('',#9283);
#9285=ORIENTED_EDGE('',*,*,#9272,.T.);
#9286=ORIENTED_EDGE('',*,*,#9262,.T.);
#9287=EDGE_LOOP('',(#9285,#9286));
#9288=FACE_OUTER_BOUND('',#9287,.F.);
#9290=ORIENTED_EDGE('',*,*,#9289,.T.);
#9292=ORIENTED_EDGE('',*,*,#9291,.T.);
#9294=ORIENTED_EDGE('',*,*,#9293,.T.);
#9296=ORIENTED_EDGE('',*,*,#9295,.T.);
#9298=ORIENTED_EDGE('',*,*,#9297,.T.);
#9300=ORIENTED_EDGE('',*,*,#9299,.T.);
#9301=EDGE_LOOP('',(#9290,#9292,#9294,#9296,#9298,#9300));
#9302=FACE_BOUND('',#9301,.F.);
#9304=CARTESIAN_POINT('',(-1.319308146284E1,-4.337311305975E0,
-5.720364047319E0));
#9305=DIRECTION('',(-8.861368302839E-11,-6.005387399756E-1,7.995956614368E-1));
#9306=DIRECTION('',(1.179857408843E-10,7.995956614368E-1,6.005387399756E-1));
#9307=AXIS2_PLACEMENT_3D('',#9304,#9305,#9306);
#9308=PLANE('',#9307);
#9309=ORIENTED_EDGE('',*,*,#9289,.F.);
#9311=ORIENTED_EDGE('',*,*,#9310,.F.);
#9313=ORIENTED_EDGE('',*,*,#9312,.F.);
#9315=ORIENTED_EDGE('',*,*,#9314,.T.);
#9316=EDGE_LOOP('',(#9309,#9311,#9313,#9315));
#9317=FACE_OUTER_BOUND('',#9316,.F.);
#9319=CARTESIAN_POINT('',(-1.319308146283E1,-4.253976124213E0,
-6.408154166091E0));
#9320=DIRECTION('',(-1.464854904043E-10,-9.927395255479E-1,-1.202839740572E-1));
#9321=DIRECTION('',(-1.E0,1.475568231374E-10,0.E0));
#9322=AXIS2_PLACEMENT_3D('',#9319,#9320,#9321);
#9323=PLANE('',#9322);
#9324=ORIENTED_EDGE('',*,*,#9299,.F.);
#9326=ORIENTED_EDGE('',*,*,#9325,.F.);
#9328=ORIENTED_EDGE('',*,*,#9327,.T.);
#9329=ORIENTED_EDGE('',*,*,#9310,.T.);
#9330=EDGE_LOOP('',(#9324,#9326,#9328,#9329));
#9331=FACE_OUTER_BOUND('',#9330,.F.);
#9333=CARTESIAN_POINT('',(-1.319308146274E1,-3.616664818004E0,
-6.679878841043E0));
#9334=DIRECTION('',(-5.787180737591E-11,-3.922007855723E-1,-9.198796354940E-1));
#9335=DIRECTION('',(-1.357345710676E-10,-9.198796354940E-1,3.922007855723E-1));
#9336=AXIS2_PLACEMENT_3D('',#9333,#9334,#9335);
#9337=PLANE('',#9336);
#9338=ORIENTED_EDGE('',*,*,#9297,.F.);
#9340=ORIENTED_EDGE('',*,*,#9339,.F.);
#9342=ORIENTED_EDGE('',*,*,#9341,.F.);
#9343=ORIENTED_EDGE('',*,*,#9325,.T.);
#9344=EDGE_LOOP('',(#9338,#9340,#9342,#9343));
#9345=FACE_OUTER_BOUND('',#9344,.F.);
#9347=CARTESIAN_POINT('',(-1.319308146266E1,-3.062688693556E0,
-6.263813397223E0));
#9348=DIRECTION('',(8.861368302839E-11,6.005387399756E-1,-7.995956614368E-1));
#9349=DIRECTION('',(-1.179857408843E-10,-7.995956614368E-1,-6.005387399756E-1));
#9350=AXIS2_PLACEMENT_3D('',#9347,#9348,#9349);
#9351=PLANE('',#9350);
#9352=ORIENTED_EDGE('',*,*,#9295,.F.);
#9354=ORIENTED_EDGE('',*,*,#9353,.F.);
#9356=ORIENTED_EDGE('',*,*,#9355,.F.);
#9357=ORIENTED_EDGE('',*,*,#9339,.T.);
#9358=EDGE_LOOP('',(#9352,#9354,#9356,#9357));
#9359=FACE_OUTER_BOUND('',#9358,.F.);
#9361=CARTESIAN_POINT('',(-1.319308146267E1,-3.146023875317E0,
-5.576023278451E0));
#9362=DIRECTION('',(1.464854904043E-10,9.927395255479E-1,1.202839740572E-1));
#9363=DIRECTION('',(1.E0,-1.475568231374E-10,0.E0));
#9364=AXIS2_PLACEMENT_3D('',#9361,#9362,#9363);
#9365=PLANE('',#9364);
#9366=ORIENTED_EDGE('',*,*,#9293,.F.);
#9368=ORIENTED_EDGE('',*,*,#9367,.F.);
#9370=ORIENTED_EDGE('',*,*,#9369,.T.);
#9371=ORIENTED_EDGE('',*,*,#9353,.T.);
#9372=EDGE_LOOP('',(#9366,#9368,#9370,#9371));
#9373=FACE_OUTER_BOUND('',#9372,.F.);
#9375=CARTESIAN_POINT('',(-1.319308146276E1,-3.783335181527E0,
-5.304298603499E0));
#9376=DIRECTION('',(5.787180737591E-11,3.922007855723E-1,9.198796354940E-1));
#9377=DIRECTION('',(1.357345710676E-10,9.198796354940E-1,-3.922007855723E-1));
#9378=AXIS2_PLACEMENT_3D('',#9375,#9376,#9377);
#9379=PLANE('',#9378);
#9380=ORIENTED_EDGE('',*,*,#9291,.F.);
#9381=ORIENTED_EDGE('',*,*,#9314,.F.);
#9383=ORIENTED_EDGE('',*,*,#9382,.F.);
#9384=ORIENTED_EDGE('',*,*,#9367,.T.);
#9385=EDGE_LOOP('',(#9380,#9381,#9383,#9384));
#9386=FACE_OUTER_BOUND('',#9385,.F.);
#9388=CARTESIAN_POINT('',(-1.319308146274E1,-3.616664818004E0,
-6.679878841043E0));
#9389=DIRECTION('',(-1.E0,1.475568360729E-10,0.E0));
#9390=DIRECTION('',(1.774872264215E-11,1.202839740572E-1,-9.927395255479E-1));
#9391=AXIS2_PLACEMENT_3D('',#9388,#9389,#9390);
#9392=PLANE('',#9391);
#9394=ORIENTED_EDGE('',*,*,#9393,.T.);
#9395=ORIENTED_EDGE('',*,*,#9382,.T.);
#9396=EDGE_LOOP('',(#9394,#9395));
#9397=FACE_OUTER_BOUND('',#9396,.F.);
#9399=CARTESIAN_POINT('',(-1.310529769494E1,-3.699999999778E0,
-5.992088722271E0));
#9400=DIRECTION('',(-1.E0,1.475568360729E-10,0.E0));
#9401=DIRECTION('',(1.774872264215E-11,1.202839740572E-1,-9.927395255479E-1));
#9402=AXIS2_PLACEMENT_3D('',#9399,#9400,#9401);
#9403=CONICAL_SURFACE('',#9402,3.887284311925E-1,7.389788624801E1);
#9405=ORIENTED_EDGE('',*,*,#9404,.T.);
#9407=ORIENTED_EDGE('',*,*,#9406,.F.);
#9409=ORIENTED_EDGE('',*,*,#9408,.F.);
#9410=ORIENTED_EDGE('',*,*,#9393,.F.);
#9412=ORIENTED_EDGE('',*,*,#9411,.F.);
#9413=EDGE_LOOP('',(#9405,#9407,#9409,#9410,#9412));
#9414=FACE_OUTER_BOUND('',#9413,.F.);
#9416=CARTESIAN_POINT('',(-1.310529769494E1,-3.699999999778E0,
-5.992088722271E0));
#9417=DIRECTION('',(-1.E0,1.475568360729E-10,0.E0));
#9418=DIRECTION('',(1.774872264215E-11,1.202839740572E-1,-9.927395255479E-1));
#9419=AXIS2_PLACEMENT_3D('',#9416,#9417,#9418);
#9420=CONICAL_SURFACE('',#9419,3.887284311924E-1,7.389788624801E1);
#9421=ORIENTED_EDGE('',*,*,#9411,.T.);
#9423=ORIENTED_EDGE('',*,*,#9422,.F.);
#9425=ORIENTED_EDGE('',*,*,#9424,.F.);
#9427=ORIENTED_EDGE('',*,*,#9426,.F.);
#9428=ORIENTED_EDGE('',*,*,#9404,.F.);
#9429=EDGE_LOOP('',(#9421,#9423,#9425,#9427,#9428));
#9430=FACE_OUTER_BOUND('',#9429,.F.);
#9432=CARTESIAN_POINT('',(-1.319308146274E1,-3.616664818004E0,
-6.679878841043E0));
#9433=DIRECTION('',(-1.E0,1.475568360729E-10,0.E0));
#9434=DIRECTION('',(1.774872264215E-11,1.202839740572E-1,-9.927395255479E-1));
#9435=AXIS2_PLACEMENT_3D('',#9432,#9433,#9434);
#9436=PLANE('',#9435);
#9437=ORIENTED_EDGE('',*,*,#9422,.T.);
#9438=ORIENTED_EDGE('',*,*,#9312,.T.);
#9439=EDGE_LOOP('',(#9437,#9438));
#9440=FACE_OUTER_BOUND('',#9439,.F.);
#9442=CARTESIAN_POINT('',(-1.319308146274E1,-3.616664818004E0,
-6.679878841043E0));
#9443=DIRECTION('',(-1.E0,1.475568360729E-10,0.E0));
#9444=DIRECTION('',(1.774872264215E-11,1.202839740572E-1,-9.927395255479E-1));
#9445=AXIS2_PLACEMENT_3D('',#9442,#9443,#9444);
#9446=PLANE('',#9445);
#9447=ORIENTED_EDGE('',*,*,#9424,.T.);
#9448=ORIENTED_EDGE('',*,*,#9327,.F.);
#9449=EDGE_LOOP('',(#9447,#9448));
#9450=FACE_OUTER_BOUND('',#9449,.F.);
#9452=CARTESIAN_POINT('',(-1.319308146274E1,-3.616664818004E0,
-6.679878841043E0));
#9453=DIRECTION('',(-1.E0,1.475568360729E-10,0.E0));
#9454=DIRECTION('',(1.774872264215E-11,1.202839740572E-1,-9.927395255479E-1));
#9455=AXIS2_PLACEMENT_3D('',#9452,#9453,#9454);
#9456=PLANE('',#9455);
#9457=ORIENTED_EDGE('',*,*,#9426,.T.);
#9458=ORIENTED_EDGE('',*,*,#9341,.T.);
#9459=EDGE_LOOP('',(#9457,#9458));
#9460=FACE_OUTER_BOUND('',#9459,.F.);
#9462=CARTESIAN_POINT('',(-1.319308146274E1,-3.616664818004E0,
-6.679878841043E0));
#9463=DIRECTION('',(-1.E0,1.475568360729E-10,0.E0));
#9464=DIRECTION('',(1.774872264215E-11,1.202839740572E-1,-9.927395255479E-1));
#9465=AXIS2_PLACEMENT_3D('',#9462,#9463,#9464);
#9466=PLANE('',#9465);
#9467=ORIENTED_EDGE('',*,*,#9406,.T.);
#9468=ORIENTED_EDGE('',*,*,#9355,.T.);
#9469=EDGE_LOOP('',(#9467,#9468));
#9470=FACE_OUTER_BOUND('',#9469,.F.);
#9472=CARTESIAN_POINT('',(-1.319308146274E1,-3.616664818004E0,
-6.679878841043E0));
#9473=DIRECTION('',(-1.E0,1.475568360729E-10,0.E0));
#9474=DIRECTION('',(1.774872264215E-11,1.202839740572E-1,-9.927395255479E-1));
#9475=AXIS2_PLACEMENT_3D('',#9472,#9473,#9474);
#9476=PLANE('',#9475);
#9477=ORIENTED_EDGE('',*,*,#9408,.T.);
#9478=ORIENTED_EDGE('',*,*,#9369,.F.);
#9479=EDGE_LOOP('',(#9477,#9478));
#9480=FACE_OUTER_BOUND('',#9479,.F.);
#9482=CARTESIAN_POINT('',(-1.309654073138E1,-3.699999999793E0,
3.007911277729E0));
#9483=DIRECTION('',(-1.E0,0.E0,0.E0));
#9484=DIRECTION('',(0.E0,9.927395255480E-1,1.202839740558E-1));
#9485=AXIS2_PLACEMENT_3D('',#9482,#9483,#9484);
#9486=CONICAL_SURFACE('',#9485,1.403459268622E0,4.5E1);
#9487=ORIENTED_EDGE('',*,*,#6382,.F.);
#9489=ORIENTED_EDGE('',*,*,#9488,.T.);
#9491=ORIENTED_EDGE('',*,*,#9490,.T.);
#9493=ORIENTED_EDGE('',*,*,#9492,.F.);
#9494=EDGE_LOOP('',(#9487,#9489,#9491,#9493));
#9495=FACE_OUTER_BOUND('',#9494,.F.);
#9497=CARTESIAN_POINT('',(-1.309654073138E1,-3.699999999793E0,
3.007911277729E0));
#9498=DIRECTION('',(-1.E0,0.E0,0.E0));
#9499=DIRECTION('',(0.E0,9.927395255480E-1,1.202839740558E-1));
#9500=AXIS2_PLACEMENT_3D('',#9497,#9498,#9499);
#9501=CONICAL_SURFACE('',#9500,1.403459268622E0,4.5E1);
#9502=ORIENTED_EDGE('',*,*,#6384,.F.);
#9503=ORIENTED_EDGE('',*,*,#9492,.T.);
#9505=ORIENTED_EDGE('',*,*,#9504,.T.);
#9506=ORIENTED_EDGE('',*,*,#9488,.F.);
#9507=EDGE_LOOP('',(#9502,#9503,#9505,#9506));
#9508=FACE_OUTER_BOUND('',#9507,.F.);
#9510=CARTESIAN_POINT('',(-9.593081462750E0,-3.699999999793E0,
3.007911277729E0));
#9511=DIRECTION('',(1.E0,0.E0,0.E0));
#9512=DIRECTION('',(0.E0,-9.927395255480E-1,-1.202839740558E-1));
#9513=AXIS2_PLACEMENT_3D('',#9510,#9511,#9512);
#9514=CYLINDRICAL_SURFACE('',#9513,1.5E0);
#9516=ORIENTED_EDGE('',*,*,#9515,.T.);
#9517=ORIENTED_EDGE('',*,*,#9504,.F.);
#9519=ORIENTED_EDGE('',*,*,#9518,.F.);
#9521=ORIENTED_EDGE('',*,*,#9520,.F.);
#9522=EDGE_LOOP('',(#9516,#9517,#9519,#9521));
#9523=FACE_OUTER_BOUND('',#9522,.F.);
#9525=CARTESIAN_POINT('',(-9.593081462750E0,-3.699999999793E0,
3.007911277729E0));
#9526=DIRECTION('',(1.E0,0.E0,0.E0));
#9527=DIRECTION('',(0.E0,-9.927395255480E-1,-1.202839740558E-1));
#9528=AXIS2_PLACEMENT_3D('',#9525,#9526,#9527);
#9529=CYLINDRICAL_SURFACE('',#9528,1.5E0);
#9531=ORIENTED_EDGE('',*,*,#9530,.F.);
#9532=ORIENTED_EDGE('',*,*,#9518,.T.);
#9533=ORIENTED_EDGE('',*,*,#9490,.F.);
#9534=ORIENTED_EDGE('',*,*,#9515,.F.);
#9535=EDGE_LOOP('',(#9531,#9532,#9533,#9534));
#9536=FACE_OUTER_BOUND('',#9535,.F.);
#9538=CARTESIAN_POINT('',(-1.359308146275E1,-3.699999999793E0,
3.007911277729E0));
#9539=DIRECTION('',(-1.E0,0.E0,0.E0));
#9540=DIRECTION('',(0.E0,9.927395255480E-1,1.202839740558E-1));
#9541=AXIS2_PLACEMENT_3D('',#9538,#9539,#9540);
#9542=PLANE('',#9541);
#9543=ORIENTED_EDGE('',*,*,#9530,.T.);
#9544=ORIENTED_EDGE('',*,*,#9520,.T.);
#9545=EDGE_LOOP('',(#9543,#9544));
#9546=FACE_OUTER_BOUND('',#9545,.F.);
#9548=ORIENTED_EDGE('',*,*,#9547,.T.);
#9550=ORIENTED_EDGE('',*,*,#9549,.T.);
#9552=ORIENTED_EDGE('',*,*,#9551,.T.);
#9554=ORIENTED_EDGE('',*,*,#9553,.T.);
#9556=ORIENTED_EDGE('',*,*,#9555,.T.);
#9558=ORIENTED_EDGE('',*,*,#9557,.T.);
#9559=EDGE_LOOP('',(#9548,#9550,#9552,#9554,#9556,#9558));
#9560=FACE_BOUND('',#9559,.F.);
#9562=CARTESIAN_POINT('',(-1.319308146275E1,-4.337311306002E0,
3.279635952682E0));
#9563=DIRECTION('',(0.E0,-6.005387399745E-1,7.995956614376E-1));
#9564=DIRECTION('',(0.E0,7.995956614376E-1,6.005387399745E-1));
#9565=AXIS2_PLACEMENT_3D('',#9562,#9563,#9564);
#9566=PLANE('',#9565);
#9567=ORIENTED_EDGE('',*,*,#9547,.F.);
#9569=ORIENTED_EDGE('',*,*,#9568,.F.);
#9571=ORIENTED_EDGE('',*,*,#9570,.F.);
#9573=ORIENTED_EDGE('',*,*,#9572,.T.);
#9574=EDGE_LOOP('',(#9567,#9569,#9571,#9573));
#9575=FACE_OUTER_BOUND('',#9574,.F.);
#9577=CARTESIAN_POINT('',(-1.319308146275E1,-4.253976124242E0,
2.591845833909E0));
#9578=DIRECTION('',(0.E0,-9.927395255480E-1,-1.202839740558E-1));
#9579=DIRECTION('',(-1.E0,0.E0,0.E0));
#9580=AXIS2_PLACEMENT_3D('',#9577,#9578,#9579);
#9581=PLANE('',#9580);
#9582=ORIENTED_EDGE('',*,*,#9557,.F.);
#9584=ORIENTED_EDGE('',*,*,#9583,.F.);
#9586=ORIENTED_EDGE('',*,*,#9585,.T.);
#9587=ORIENTED_EDGE('',*,*,#9568,.T.);
#9588=EDGE_LOOP('',(#9582,#9584,#9586,#9587));
#9589=FACE_OUTER_BOUND('',#9588,.F.);
#9591=CARTESIAN_POINT('',(-1.319308146275E1,-3.616664818033E0,
2.320121158957E0));
#9592=DIRECTION('',(0.E0,-3.922007855736E-1,-9.198796354934E-1));
#9593=DIRECTION('',(0.E0,-9.198796354934E-1,3.922007855736E-1));
#9594=AXIS2_PLACEMENT_3D('',#9591,#9592,#9593);
#9595=PLANE('',#9594);
#9596=ORIENTED_EDGE('',*,*,#9555,.F.);
#9598=ORIENTED_EDGE('',*,*,#9597,.F.);
#9600=ORIENTED_EDGE('',*,*,#9599,.F.);
#9601=ORIENTED_EDGE('',*,*,#9583,.T.);
#9602=EDGE_LOOP('',(#9596,#9598,#9600,#9601));
#9603=FACE_OUTER_BOUND('',#9602,.F.);
#9605=CARTESIAN_POINT('',(-1.319308146275E1,-3.062688693584E0,
2.736186602776E0));
#9606=DIRECTION('',(0.E0,6.005387399745E-1,-7.995956614376E-1));
#9607=DIRECTION('',(0.E0,-7.995956614376E-1,-6.005387399745E-1));
#9608=AXIS2_PLACEMENT_3D('',#9605,#9606,#9607);
#9609=PLANE('',#9608);
#9610=ORIENTED_EDGE('',*,*,#9553,.F.);
#9612=ORIENTED_EDGE('',*,*,#9611,.F.);
#9614=ORIENTED_EDGE('',*,*,#9613,.F.);
#9615=ORIENTED_EDGE('',*,*,#9597,.T.);
#9616=EDGE_LOOP('',(#9610,#9612,#9614,#9615));
#9617=FACE_OUTER_BOUND('',#9616,.F.);
#9619=CARTESIAN_POINT('',(-1.319308146275E1,-3.146023875344E0,
3.423976721549E0));
#9620=DIRECTION('',(0.E0,9.927395255480E-1,1.202839740558E-1));
#9621=DIRECTION('',(1.E0,0.E0,0.E0));
#9622=AXIS2_PLACEMENT_3D('',#9619,#9620,#9621);
#9623=PLANE('',#9622);
#9624=ORIENTED_EDGE('',*,*,#9551,.F.);
#9626=ORIENTED_EDGE('',*,*,#9625,.F.);
#9628=ORIENTED_EDGE('',*,*,#9627,.T.);
#9629=ORIENTED_EDGE('',*,*,#9611,.T.);
#9630=EDGE_LOOP('',(#9624,#9626,#9628,#9629));
#9631=FACE_OUTER_BOUND('',#9630,.F.);
#9633=CARTESIAN_POINT('',(-1.319308146275E1,-3.783335181553E0,
3.695701396501E0));
#9634=DIRECTION('',(0.E0,3.922007855736E-1,9.198796354934E-1));
#9635=DIRECTION('',(0.E0,9.198796354934E-1,-3.922007855736E-1));
#9636=AXIS2_PLACEMENT_3D('',#9633,#9634,#9635);
#9637=PLANE('',#9636);
#9638=ORIENTED_EDGE('',*,*,#9549,.F.);
#9639=ORIENTED_EDGE('',*,*,#9572,.F.);
#9641=ORIENTED_EDGE('',*,*,#9640,.F.);
#9642=ORIENTED_EDGE('',*,*,#9625,.T.);
#9643=EDGE_LOOP('',(#9638,#9639,#9641,#9642));
#9644=FACE_OUTER_BOUND('',#9643,.F.);
#9646=CARTESIAN_POINT('',(-1.319308146275E1,-3.616664818033E0,
2.320121158957E0));
#9647=DIRECTION('',(-1.E0,0.E0,0.E0));
#9648=DIRECTION('',(0.E0,1.202839740558E-1,-9.927395255480E-1));
#9649=AXIS2_PLACEMENT_3D('',#9646,#9647,#9648);
#9650=PLANE('',#9649);
#9652=ORIENTED_EDGE('',*,*,#9651,.T.);
#9653=ORIENTED_EDGE('',*,*,#9640,.T.);
#9654=EDGE_LOOP('',(#9652,#9653));
#9655=FACE_OUTER_BOUND('',#9654,.F.);
#9657=CARTESIAN_POINT('',(-1.310529769494E1,-3.699999999793E0,
3.007911277729E0));
#9658=DIRECTION('',(-1.E0,0.E0,0.E0));
#9659=DIRECTION('',(0.E0,1.202839740558E-1,-9.927395255480E-1));
#9660=AXIS2_PLACEMENT_3D('',#9657,#9658,#9659);
#9661=CONICAL_SURFACE('',#9660,3.887284311925E-1,7.389788624801E1);
#9663=ORIENTED_EDGE('',*,*,#9662,.T.);
#9665=ORIENTED_EDGE('',*,*,#9664,.F.);
#9667=ORIENTED_EDGE('',*,*,#9666,.F.);
#9668=ORIENTED_EDGE('',*,*,#9651,.F.);
#9670=ORIENTED_EDGE('',*,*,#9669,.F.);
#9671=EDGE_LOOP('',(#9663,#9665,#9667,#9668,#9670));
#9672=FACE_OUTER_BOUND('',#9671,.F.);
#9674=CARTESIAN_POINT('',(-1.310529769494E1,-3.699999999793E0,
3.007911277729E0));
#9675=DIRECTION('',(-1.E0,0.E0,0.E0));
#9676=DIRECTION('',(0.E0,1.202839740558E-1,-9.927395255480E-1));
#9677=AXIS2_PLACEMENT_3D('',#9674,#9675,#9676);
#9678=CONICAL_SURFACE('',#9677,3.887284311925E-1,7.389788624801E1);
#9679=ORIENTED_EDGE('',*,*,#9669,.T.);
#9681=ORIENTED_EDGE('',*,*,#9680,.F.);
#9683=ORIENTED_EDGE('',*,*,#9682,.F.);
#9685=ORIENTED_EDGE('',*,*,#9684,.F.);
#9686=ORIENTED_EDGE('',*,*,#9662,.F.);
#9687=EDGE_LOOP('',(#9679,#9681,#9683,#9685,#9686));
#9688=FACE_OUTER_BOUND('',#9687,.F.);
#9690=CARTESIAN_POINT('',(-1.319308146275E1,-3.616664818033E0,
2.320121158957E0));
#9691=DIRECTION('',(-1.E0,0.E0,0.E0));
#9692=DIRECTION('',(0.E0,1.202839740558E-1,-9.927395255480E-1));
#9693=AXIS2_PLACEMENT_3D('',#9690,#9691,#9692);
#9694=PLANE('',#9693);
#9695=ORIENTED_EDGE('',*,*,#9680,.T.);
#9696=ORIENTED_EDGE('',*,*,#9570,.T.);
#9697=EDGE_LOOP('',(#9695,#9696));
#9698=FACE_OUTER_BOUND('',#9697,.F.);
#9700=CARTESIAN_POINT('',(-1.319308146275E1,-3.616664818033E0,
2.320121158957E0));
#9701=DIRECTION('',(-1.E0,0.E0,0.E0));
#9702=DIRECTION('',(0.E0,1.202839740558E-1,-9.927395255480E-1));
#9703=AXIS2_PLACEMENT_3D('',#9700,#9701,#9702);
#9704=PLANE('',#9703);
#9705=ORIENTED_EDGE('',*,*,#9682,.T.);
#9706=ORIENTED_EDGE('',*,*,#9585,.F.);
#9707=EDGE_LOOP('',(#9705,#9706));
#9708=FACE_OUTER_BOUND('',#9707,.F.);
#9710=CARTESIAN_POINT('',(-1.319308146275E1,-3.616664818033E0,
2.320121158957E0));
#9711=DIRECTION('',(-1.E0,0.E0,0.E0));
#9712=DIRECTION('',(0.E0,1.202839740558E-1,-9.927395255480E-1));
#9713=AXIS2_PLACEMENT_3D('',#9710,#9711,#9712);
#9714=PLANE('',#9713);
#9715=ORIENTED_EDGE('',*,*,#9684,.T.);
#9716=ORIENTED_EDGE('',*,*,#9599,.T.);
#9717=EDGE_LOOP('',(#9715,#9716));
#9718=FACE_OUTER_BOUND('',#9717,.F.);
#9720=CARTESIAN_POINT('',(-1.319308146275E1,-3.616664818033E0,
2.320121158957E0));
#9721=DIRECTION('',(-1.E0,0.E0,0.E0));
#9722=DIRECTION('',(0.E0,1.202839740558E-1,-9.927395255480E-1));
#9723=AXIS2_PLACEMENT_3D('',#9720,#9721,#9722);
#9724=PLANE('',#9723);
#9725=ORIENTED_EDGE('',*,*,#9664,.T.);
#9726=ORIENTED_EDGE('',*,*,#9613,.T.);
#9727=EDGE_LOOP('',(#9725,#9726));
#9728=FACE_OUTER_BOUND('',#9727,.F.);
#9730=CARTESIAN_POINT('',(-1.319308146275E1,-3.616664818033E0,
2.320121158957E0));
#9731=DIRECTION('',(-1.E0,0.E0,0.E0));
#9732=DIRECTION('',(0.E0,1.202839740558E-1,-9.927395255480E-1));
#9733=AXIS2_PLACEMENT_3D('',#9730,#9731,#9732);
#9734=PLANE('',#9733);
#9735=ORIENTED_EDGE('',*,*,#9666,.T.);
#9736=ORIENTED_EDGE('',*,*,#9627,.F.);
#9737=EDGE_LOOP('',(#9735,#9736));
#9738=FACE_OUTER_BOUND('',#9737,.F.);
#9740=CARTESIAN_POINT('',(1.26E1,-4.2E0,9.107911277729E0));
#9741=DIRECTION('',(1.E0,0.E0,0.E0));
#9742=DIRECTION('',(0.E0,0.E0,1.E0));
#9743=AXIS2_PLACEMENT_3D('',#9740,#9741,#9742);
#9744=PLANE('',#9743);
#9745=ORIENTED_EDGE('',*,*,#6232,.T.);
#9747=ORIENTED_EDGE('',*,*,#9746,.F.);
#9749=ORIENTED_EDGE('',*,*,#9748,.F.);
#9751=ORIENTED_EDGE('',*,*,#9750,.F.);
#9752=EDGE_LOOP('',(#9745,#9747,#9749,#9751));
#9753=FACE_OUTER_BOUND('',#9752,.F.);
#9755=CARTESIAN_POINT('',(1.21E1,-6.9E0,-3.807660872227E1));
#9756=DIRECTION('',(0.E0,0.E0,1.E0));
#9757=DIRECTION('',(0.E0,-1.E0,0.E0));
#9758=AXIS2_PLACEMENT_3D('',#9755,#9756,#9757);
#9759=CYLINDRICAL_SURFACE('',#9758,5.E-1);
#9761=ORIENTED_EDGE('',*,*,#9760,.T.);
#9763=ORIENTED_EDGE('',*,*,#9762,.F.);
#9764=ORIENTED_EDGE('',*,*,#9746,.T.);
#9765=ORIENTED_EDGE('',*,*,#6246,.F.);
#9766=EDGE_LOOP('',(#9761,#9763,#9764,#9765));
#9767=FACE_OUTER_BOUND('',#9766,.F.);
#9769=CARTESIAN_POINT('',(-8.5E0,-7.4E0,9.107911277729E0));
#9770=DIRECTION('',(0.E0,-1.E0,0.E0));
#9771=DIRECTION('',(1.E0,0.E0,0.E0));
#9772=AXIS2_PLACEMENT_3D('',#9769,#9770,#9771);
#9773=PLANE('',#9772);
#9774=ORIENTED_EDGE('',*,*,#9760,.F.);
#9775=ORIENTED_EDGE('',*,*,#6244,.T.);
#9777=ORIENTED_EDGE('',*,*,#9776,.F.);
#9779=ORIENTED_EDGE('',*,*,#9778,.F.);
#9780=EDGE_LOOP('',(#9774,#9775,#9777,#9779));
#9781=FACE_OUTER_BOUND('',#9780,.F.);
#9783=CARTESIAN_POINT('',(3.5E0,-6.9E0,3.613171127773E1));
#9784=DIRECTION('',(0.E0,0.E0,-1.E0));
#9785=DIRECTION('',(0.E0,-1.E0,0.E0));
#9786=AXIS2_PLACEMENT_3D('',#9783,#9784,#9785);
#9787=CYLINDRICAL_SURFACE('',#9786,5.E-1);
#9788=ORIENTED_EDGE('',*,*,#6242,.F.);
#9790=ORIENTED_EDGE('',*,*,#9789,.T.);
#9792=ORIENTED_EDGE('',*,*,#9791,.F.);
#9793=ORIENTED_EDGE('',*,*,#9776,.T.);
#9794=EDGE_LOOP('',(#9788,#9790,#9792,#9793));
#9795=FACE_OUTER_BOUND('',#9794,.F.);
#9797=CARTESIAN_POINT('',(-7.5E0,-6.4E0,8.707911277729E0));
#9798=DIRECTION('',(0.E0,-1.E0,0.E0));
#9799=DIRECTION('',(1.E0,0.E0,0.E0));
#9800=AXIS2_PLACEMENT_3D('',#9797,#9798,#9799);
#9801=PLANE('',#9800);
#9803=ORIENTED_EDGE('',*,*,#9802,.F.);
#9805=ORIENTED_EDGE('',*,*,#9804,.T.);
#9806=ORIENTED_EDGE('',*,*,#9789,.F.);
#9807=ORIENTED_EDGE('',*,*,#6240,.T.);
#9808=EDGE_LOOP('',(#9803,#9805,#9806,#9807));
#9809=FACE_OUTER_BOUND('',#9808,.F.);
#9811=CARTESIAN_POINT('',(1.11E1,-5.9E0,-3.807660872227E1));
#9812=DIRECTION('',(0.E0,0.E0,1.E0));
#9813=DIRECTION('',(0.E0,-1.E0,0.E0));
#9814=AXIS2_PLACEMENT_3D('',#9811,#9812,#9813);
#9815=CYLINDRICAL_SURFACE('',#9814,5.E-1);
#9816=ORIENTED_EDGE('',*,*,#9802,.T.);
#9817=ORIENTED_EDGE('',*,*,#6238,.F.);
#9819=ORIENTED_EDGE('',*,*,#9818,.T.);
#9821=ORIENTED_EDGE('',*,*,#9820,.F.);
#9822=EDGE_LOOP('',(#9816,#9817,#9819,#9821));
#9823=FACE_OUTER_BOUND('',#9822,.F.);
#9825=CARTESIAN_POINT('',(1.16E1,1.8E0,8.707911277729E0));
#9826=DIRECTION('',(1.E0,0.E0,0.E0));
#9827=DIRECTION('',(0.E0,0.E0,1.E0));
#9828=AXIS2_PLACEMENT_3D('',#9825,#9826,#9827);
#9829=PLANE('',#9828);
#9831=ORIENTED_EDGE('',*,*,#9830,.T.);
#9833=ORIENTED_EDGE('',*,*,#9832,.T.);
#9834=ORIENTED_EDGE('',*,*,#9818,.F.);
#9835=ORIENTED_EDGE('',*,*,#6236,.T.);
#9836=EDGE_LOOP('',(#9831,#9833,#9834,#9835));
#9837=FACE_OUTER_BOUND('',#9836,.F.);
#9839=CARTESIAN_POINT('',(0.E0,-1.2E0,-1.092088722271E0));
#9840=DIRECTION('',(0.E0,-1.E0,0.E0));
#9841=DIRECTION('',(1.E0,0.E0,0.E0));
#9842=AXIS2_PLACEMENT_3D('',#9839,#9840,#9841);
#9843=PLANE('',#9842);
#9844=ORIENTED_EDGE('',*,*,#6234,.T.);
#9845=ORIENTED_EDGE('',*,*,#9750,.T.);
#9847=ORIENTED_EDGE('',*,*,#9846,.T.);
#9848=ORIENTED_EDGE('',*,*,#9830,.F.);
#9849=EDGE_LOOP('',(#9844,#9845,#9847,#9848));
#9850=FACE_OUTER_BOUND('',#9849,.F.);
#9852=CARTESIAN_POINT('',(0.E0,-4.6E0,9.607911277729E0));
#9853=DIRECTION('',(0.E0,0.E0,1.E0));
#9854=DIRECTION('',(1.E0,0.E0,0.E0));
#9855=AXIS2_PLACEMENT_3D('',#9852,#9853,#9854);
#9856=PLANE('',#9855);
#9857=ORIENTED_EDGE('',*,*,#9804,.F.);
#9858=ORIENTED_EDGE('',*,*,#9820,.T.);
#9859=ORIENTED_EDGE('',*,*,#9832,.F.);
#9860=ORIENTED_EDGE('',*,*,#9846,.F.);
#9861=ORIENTED_EDGE('',*,*,#9748,.T.);
#9862=ORIENTED_EDGE('',*,*,#9762,.T.);
#9863=ORIENTED_EDGE('',*,*,#9778,.T.);
#9864=ORIENTED_EDGE('',*,*,#9791,.T.);
#9865=EDGE_LOOP('',(#9857,#9858,#9859,#9860,#9861,#9862,#9863,#9864));
#9866=FACE_OUTER_BOUND('',#9865,.F.);
#9868=CARTESIAN_POINT('',(7.1E0,-9.856504341390E-1,8.256111277729E0));
#9869=DIRECTION('',(0.E0,0.E0,1.E0));
#9870=DIRECTION('',(-1.E0,0.E0,0.E0));
#9871=AXIS2_PLACEMENT_3D('',#9868,#9869,#9870);
#9872=CYLINDRICAL_SURFACE('',#9871,5.E-1);
#9873=ORIENTED_EDGE('',*,*,#6250,.F.);
#9875=ORIENTED_EDGE('',*,*,#9874,.T.);
#9877=ORIENTED_EDGE('',*,*,#9876,.F.);
#9879=ORIENTED_EDGE('',*,*,#9878,.T.);
#9880=EDGE_LOOP('',(#9873,#9875,#9877,#9879));
#9881=FACE_OUTER_BOUND('',#9880,.F.);
#9883=FILL_AREA_STYLE_COLOUR('',#165);
#9884=FILL_AREA_STYLE('',(#9883));
#9885=SURFACE_STYLE_FILL_AREA(#9884);
#9886=SURFACE_SIDE_STYLE('',(#9885));
#9887=SURFACE_STYLE_USAGE(.NEGATIVE.,#9886);
#9888=PRESENTATION_STYLE_ASSIGNMENT((#9887));
#9889=OVER_RIDING_STYLED_ITEM('',(#9888),#9882,#327);
#9890=CARTESIAN_POINT('',(7.5E0,-1.485650434139E0,9.407911277729E0));
#9891=DIRECTION('',(0.E0,1.E0,0.E0));
#9892=DIRECTION('',(-1.E0,0.E0,0.E0));
#9893=AXIS2_PLACEMENT_3D('',#9890,#9891,#9892);
#9894=PLANE('',#9893);
#9895=ORIENTED_EDGE('',*,*,#6280,.T.);
#9897=ORIENTED_EDGE('',*,*,#9896,.F.);
#9899=ORIENTED_EDGE('',*,*,#9898,.T.);
#9900=ORIENTED_EDGE('',*,*,#9874,.F.);
#9901=EDGE_LOOP('',(#9895,#9897,#9899,#9900));
#9902=FACE_OUTER_BOUND('',#9901,.F.);
#9904=FILL_AREA_STYLE_COLOUR('',#165);
#9905=FILL_AREA_STYLE('',(#9904));
#9906=SURFACE_STYLE_FILL_AREA(#9905);
#9907=SURFACE_SIDE_STYLE('',(#9906));
#9908=SURFACE_STYLE_USAGE(.NEGATIVE.,#9907);
#9909=PRESENTATION_STYLE_ASSIGNMENT((#9908));
#9910=OVER_RIDING_STYLED_ITEM('',(#9909),#9903,#327);
#9911=CARTESIAN_POINT('',(1.095E1,-1.985650434139E0,8.256111277729E0));
#9912=DIRECTION('',(0.E0,0.E0,1.E0));
#9913=DIRECTION('',(1.E0,0.E0,0.E0));
#9914=AXIS2_PLACEMENT_3D('',#9911,#9912,#9913);
#9915=CYLINDRICAL_SURFACE('',#9914,5.E-1);
#9916=ORIENTED_EDGE('',*,*,#6278,.F.);
#9918=ORIENTED_EDGE('',*,*,#9917,.T.);
#9920=ORIENTED_EDGE('',*,*,#9919,.F.);
#9921=ORIENTED_EDGE('',*,*,#9896,.T.);
#9922=EDGE_LOOP('',(#9916,#9918,#9920,#9921));
#9923=FACE_OUTER_BOUND('',#9922,.F.);
#9925=FILL_AREA_STYLE_COLOUR('',#165);
#9926=FILL_AREA_STYLE('',(#9925));
#9927=SURFACE_STYLE_FILL_AREA(#9926);
#9928=SURFACE_SIDE_STYLE('',(#9927));
#9929=SURFACE_STYLE_USAGE(.NEGATIVE.,#9928);
#9930=PRESENTATION_STYLE_ASSIGNMENT((#9929));
#9931=OVER_RIDING_STYLED_ITEM('',(#9930),#9924,#327);
#9932=CARTESIAN_POINT('',(1.145E1,4.143495658610E-1,9.107911277729E0));
#9933=DIRECTION('',(-1.E0,0.E0,0.E0));
#9934=DIRECTION('',(0.E0,-1.E0,0.E0));
#9935=AXIS2_PLACEMENT_3D('',#9932,#9933,#9934);
#9936=PLANE('',#9935);
#9937=ORIENTED_EDGE('',*,*,#6276,.F.);
#9939=ORIENTED_EDGE('',*,*,#9938,.F.);
#9941=ORIENTED_EDGE('',*,*,#9940,.T.);
#9942=ORIENTED_EDGE('',*,*,#9917,.F.);
#9943=EDGE_LOOP('',(#9937,#9939,#9941,#9942));
#9944=FACE_OUTER_BOUND('',#9943,.F.);
#9946=FILL_AREA_STYLE_COLOUR('',#165);
#9947=FILL_AREA_STYLE('',(#9946));
#9948=SURFACE_STYLE_FILL_AREA(#9947);
#9949=SURFACE_SIDE_STYLE('',(#9948));
#9950=SURFACE_STYLE_USAGE(.NEGATIVE.,#9949);
#9951=PRESENTATION_STYLE_ASSIGNMENT((#9950));
#9952=OVER_RIDING_STYLED_ITEM('',(#9951),#9945,#327);
#9953=CARTESIAN_POINT('',(1.105E1,-5.835650434139E0,8.256111277729E0));
#9954=DIRECTION('',(0.E0,0.E0,1.E0));
#9955=DIRECTION('',(0.E0,-1.E0,0.E0));
#9956=AXIS2_PLACEMENT_3D('',#9953,#9954,#9955);
#9957=CYLINDRICAL_SURFACE('',#9956,4.E-1);
#9958=ORIENTED_EDGE('',*,*,#6274,.F.);
#9960=ORIENTED_EDGE('',*,*,#9959,.T.);
#9962=ORIENTED_EDGE('',*,*,#9961,.F.);
#9963=ORIENTED_EDGE('',*,*,#9938,.T.);
#9964=EDGE_LOOP('',(#9958,#9960,#9962,#9963));
#9965=FACE_OUTER_BOUND('',#9964,.F.);
#9967=FILL_AREA_STYLE_COLOUR('',#170);
#9968=FILL_AREA_STYLE('',(#9967));
#9969=SURFACE_STYLE_FILL_AREA(#9968);
#9970=SURFACE_SIDE_STYLE('',(#9969));
#9971=SURFACE_STYLE_USAGE(.POSITIVE.,#9970);
#9972=FILL_AREA_STYLE_COLOUR('',#165);
#9973=FILL_AREA_STYLE('',(#9972));
#9974=SURFACE_STYLE_FILL_AREA(#9973);
#9975=SURFACE_SIDE_STYLE('',(#9974));
#9976=SURFACE_STYLE_USAGE(.NEGATIVE.,#9975);
#9977=PRESENTATION_STYLE_ASSIGNMENT((#9971,#9976));
#9978=OVER_RIDING_STYLED_ITEM('',(#9977),#9966,#327);
#9979=CARTESIAN_POINT('',(-7.5E0,-6.235650434139E0,9.107911277729E0));
#9980=DIRECTION('',(0.E0,1.E0,0.E0));
#9981=DIRECTION('',(0.E0,0.E0,1.E0));
#9982=AXIS2_PLACEMENT_3D('',#9979,#9980,#9981);
#9983=PLANE('',#9982);
#9984=ORIENTED_EDGE('',*,*,#6272,.T.);
#9986=ORIENTED_EDGE('',*,*,#9985,.F.);
#9988=ORIENTED_EDGE('',*,*,#9987,.T.);
#9989=ORIENTED_EDGE('',*,*,#9959,.F.);
#9990=EDGE_LOOP('',(#9984,#9986,#9988,#9989));
#9991=FACE_OUTER_BOUND('',#9990,.F.);
#9993=FILL_AREA_STYLE_COLOUR('',#165);
#9994=FILL_AREA_STYLE('',(#9993));
#9995=SURFACE_STYLE_FILL_AREA(#9994);
#9996=SURFACE_SIDE_STYLE('',(#9995));
#9997=SURFACE_STYLE_USAGE(.NEGATIVE.,#9996);
#9998=PRESENTATION_STYLE_ASSIGNMENT((#9997));
#9999=OVER_RIDING_STYLED_ITEM('',(#9998),#9992,#327);
#10000=CARTESIAN_POINT('',(-1.105E1,-5.835650434139E0,8.256111277729E0));
#10001=DIRECTION('',(0.E0,0.E0,1.E0));
#10002=DIRECTION('',(-1.E0,0.E0,0.E0));
#10003=AXIS2_PLACEMENT_3D('',#10000,#10001,#10002);
#10004=CYLINDRICAL_SURFACE('',#10003,4.E-1);
#10005=ORIENTED_EDGE('',*,*,#6270,.F.);
#10007=ORIENTED_EDGE('',*,*,#10006,.T.);
#10009=ORIENTED_EDGE('',*,*,#10008,.F.);
#10010=ORIENTED_EDGE('',*,*,#9985,.T.);
#10011=EDGE_LOOP('',(#10005,#10007,#10009,#10010));
#10012=FACE_OUTER_BOUND('',#10011,.F.);
#10014=FILL_AREA_STYLE_COLOUR('',#170);
#10015=FILL_AREA_STYLE('',(#10014));
#10016=SURFACE_STYLE_FILL_AREA(#10015);
#10017=SURFACE_SIDE_STYLE('',(#10016));
#10018=SURFACE_STYLE_USAGE(.POSITIVE.,#10017);
#10019=FILL_AREA_STYLE_COLOUR('',#165);
#10020=FILL_AREA_STYLE('',(#10019));
#10021=SURFACE_STYLE_FILL_AREA(#10020);
#10022=SURFACE_SIDE_STYLE('',(#10021));
#10023=SURFACE_STYLE_USAGE(.NEGATIVE.,#10022);
#10024=PRESENTATION_STYLE_ASSIGNMENT((#10018,#10023));
#10025=OVER_RIDING_STYLED_ITEM('',(#10024),#10013,#327);
#10026=CARTESIAN_POINT('',(-1.145E1,4.143495658610E-1,9.107911277729E0));
#10027=DIRECTION('',(1.E0,0.E0,0.E0));
#10028=DIRECTION('',(0.E0,1.E0,0.E0));
#10029=AXIS2_PLACEMENT_3D('',#10026,#10027,#10028);
#10030=PLANE('',#10029);
#10031=ORIENTED_EDGE('',*,*,#6268,.F.);
#10033=ORIENTED_EDGE('',*,*,#10032,.F.);
#10035=ORIENTED_EDGE('',*,*,#10034,.T.);
#10036=ORIENTED_EDGE('',*,*,#10006,.F.);
#10037=EDGE_LOOP('',(#10031,#10033,#10035,#10036));
#10038=FACE_OUTER_BOUND('',#10037,.F.);
#10040=FILL_AREA_STYLE_COLOUR('',#165);
#10041=FILL_AREA_STYLE('',(#10040));
#10042=SURFACE_STYLE_FILL_AREA(#10041);
#10043=SURFACE_SIDE_STYLE('',(#10042));
#10044=SURFACE_STYLE_USAGE(.NEGATIVE.,#10043);
#10045=PRESENTATION_STYLE_ASSIGNMENT((#10044));
#10046=OVER_RIDING_STYLED_ITEM('',(#10045),#10039,#327);
#10047=CARTESIAN_POINT('',(-1.095E1,-1.985650434139E0,1.005971127773E1));
#10048=DIRECTION('',(0.E0,0.E0,-1.E0));
#10049=DIRECTION('',(-1.E0,0.E0,0.E0));
#10050=AXIS2_PLACEMENT_3D('',#10047,#10048,#10049);
#10051=CYLINDRICAL_SURFACE('',#10050,5.E-1);
#10052=ORIENTED_EDGE('',*,*,#6266,.F.);
#10054=ORIENTED_EDGE('',*,*,#10053,.T.);
#10056=ORIENTED_EDGE('',*,*,#10055,.F.);
#10057=ORIENTED_EDGE('',*,*,#10032,.T.);
#10058=EDGE_LOOP('',(#10052,#10054,#10056,#10057));
#10059=FACE_OUTER_BOUND('',#10058,.F.);
#10061=FILL_AREA_STYLE_COLOUR('',#165);
#10062=FILL_AREA_STYLE('',(#10061));
#10063=SURFACE_STYLE_FILL_AREA(#10062);
#10064=SURFACE_SIDE_STYLE('',(#10063));
#10065=SURFACE_STYLE_USAGE(.NEGATIVE.,#10064);
#10066=PRESENTATION_STYLE_ASSIGNMENT((#10065));
#10067=OVER_RIDING_STYLED_ITEM('',(#10066),#10060,#327);
#10068=CARTESIAN_POINT('',(-7.5E0,-1.485650434139E0,9.407911277729E0));
#10069=DIRECTION('',(0.E0,-1.E0,0.E0));
#10070=DIRECTION('',(1.E0,0.E0,0.E0));
#10071=AXIS2_PLACEMENT_3D('',#10068,#10069,#10070);
#10072=PLANE('',#10071);
#10073=ORIENTED_EDGE('',*,*,#6264,.F.);
#10075=ORIENTED_EDGE('',*,*,#10074,.F.);
#10077=ORIENTED_EDGE('',*,*,#10076,.T.);
#10078=ORIENTED_EDGE('',*,*,#10053,.F.);
#10079=EDGE_LOOP('',(#10073,#10075,#10077,#10078));
#10080=FACE_OUTER_BOUND('',#10079,.F.);
#10082=FILL_AREA_STYLE_COLOUR('',#165);
#10083=FILL_AREA_STYLE('',(#10082));
#10084=SURFACE_STYLE_FILL_AREA(#10083);
#10085=SURFACE_SIDE_STYLE('',(#10084));
#10086=SURFACE_STYLE_USAGE(.NEGATIVE.,#10085);
#10087=PRESENTATION_STYLE_ASSIGNMENT((#10086));
#10088=OVER_RIDING_STYLED_ITEM('',(#10087),#10081,#327);
#10089=CARTESIAN_POINT('',(-7.1E0,-9.856504341390E-1,1.005971127773E1));
#10090=DIRECTION('',(0.E0,0.E0,-1.E0));
#10091=DIRECTION('',(1.E0,0.E0,0.E0));
#10092=AXIS2_PLACEMENT_3D('',#10089,#10090,#10091);
#10093=CYLINDRICAL_SURFACE('',#10092,5.E-1);
#10094=ORIENTED_EDGE('',*,*,#6262,.F.);
#10096=ORIENTED_EDGE('',*,*,#10095,.T.);
#10098=ORIENTED_EDGE('',*,*,#10097,.F.);
#10099=ORIENTED_EDGE('',*,*,#10074,.T.);
#10100=EDGE_LOOP('',(#10094,#10096,#10098,#10099));
#10101=FACE_OUTER_BOUND('',#10100,.F.);
#10103=FILL_AREA_STYLE_COLOUR('',#165);
#10104=FILL_AREA_STYLE('',(#10103));
#10105=SURFACE_STYLE_FILL_AREA(#10104);
#10106=SURFACE_SIDE_STYLE('',(#10105));
#10107=SURFACE_STYLE_USAGE(.NEGATIVE.,#10106);
#10108=PRESENTATION_STYLE_ASSIGNMENT((#10107));
#10109=OVER_RIDING_STYLED_ITEM('',(#10108),#10102,#327);
#10110=CARTESIAN_POINT('',(-6.6E0,-1.485650434139E0,9.407911277729E0));
#10111=DIRECTION('',(1.E0,0.E0,0.E0));
#10112=DIRECTION('',(0.E0,1.E0,0.E0));
#10113=AXIS2_PLACEMENT_3D('',#10110,#10111,#10112);
#10114=PLANE('',#10113);
#10115=ORIENTED_EDGE('',*,*,#6260,.F.);
#10117=ORIENTED_EDGE('',*,*,#10116,.F.);
#10119=ORIENTED_EDGE('',*,*,#10118,.T.);
#10120=ORIENTED_EDGE('',*,*,#10095,.F.);
#10121=EDGE_LOOP('',(#10115,#10117,#10119,#10120));
#10122=FACE_OUTER_BOUND('',#10121,.F.);
#10124=FILL_AREA_STYLE_COLOUR('',#165);
#10125=FILL_AREA_STYLE('',(#10124));
#10126=SURFACE_STYLE_FILL_AREA(#10125);
#10127=SURFACE_SIDE_STYLE('',(#10126));
#10128=SURFACE_STYLE_USAGE(.NEGATIVE.,#10127);
#10129=PRESENTATION_STYLE_ASSIGNMENT((#10128));
#10130=OVER_RIDING_STYLED_ITEM('',(#10129),#10123,#327);
#10131=CARTESIAN_POINT('',(-6.1E0,-1.856504341390E-1,8.256111277729E0));
#10132=DIRECTION('',(0.E0,0.E0,1.E0));
#10133=DIRECTION('',(0.E0,1.E0,0.E0));
#10134=AXIS2_PLACEMENT_3D('',#10131,#10132,#10133);
#10135=CYLINDRICAL_SURFACE('',#10134,5.E-1);
#10136=ORIENTED_EDGE('',*,*,#6258,.F.);
#10138=ORIENTED_EDGE('',*,*,#10137,.T.);
#10140=ORIENTED_EDGE('',*,*,#10139,.F.);
#10141=ORIENTED_EDGE('',*,*,#10116,.T.);
#10142=EDGE_LOOP('',(#10136,#10138,#10140,#10141));
#10143=FACE_OUTER_BOUND('',#10142,.F.);
#10145=FILL_AREA_STYLE_COLOUR('',#165);
#10146=FILL_AREA_STYLE('',(#10145));
#10147=SURFACE_STYLE_FILL_AREA(#10146);
#10148=SURFACE_SIDE_STYLE('',(#10147));
#10149=SURFACE_STYLE_USAGE(.NEGATIVE.,#10148);
#10150=PRESENTATION_STYLE_ASSIGNMENT((#10149));
#10151=OVER_RIDING_STYLED_ITEM('',(#10150),#10144,#327);
#10152=CARTESIAN_POINT('',(-7.5E0,3.143495658610E-1,9.107911277729E0));
#10153=DIRECTION('',(0.E0,-1.E0,0.E0));
#10154=DIRECTION('',(0.E0,0.E0,-1.E0));
#10155=AXIS2_PLACEMENT_3D('',#10152,#10153,#10154);
#10156=PLANE('',#10155);
#10157=ORIENTED_EDGE('',*,*,#6256,.F.);
#10159=ORIENTED_EDGE('',*,*,#10158,.F.);
#10161=ORIENTED_EDGE('',*,*,#10160,.T.);
#10162=ORIENTED_EDGE('',*,*,#10137,.F.);
#10163=EDGE_LOOP('',(#10157,#10159,#10161,#10162));
#10164=FACE_OUTER_BOUND('',#10163,.F.);
#10166=FILL_AREA_STYLE_COLOUR('',#165);
#10167=FILL_AREA_STYLE('',(#10166));
#10168=SURFACE_STYLE_FILL_AREA(#10167);
#10169=SURFACE_SIDE_STYLE('',(#10168));
#10170=SURFACE_STYLE_USAGE(.NEGATIVE.,#10169);
#10171=PRESENTATION_STYLE_ASSIGNMENT((#10170));
#10172=OVER_RIDING_STYLED_ITEM('',(#10171),#10165,#327);
#10173=CARTESIAN_POINT('',(6.1E0,-1.856504341390E-1,1.005971127773E1));
#10174=DIRECTION('',(0.E0,0.E0,-1.E0));
#10175=DIRECTION('',(0.E0,1.E0,0.E0));
#10176=AXIS2_PLACEMENT_3D('',#10173,#10174,#10175);
#10177=CYLINDRICAL_SURFACE('',#10176,5.E-1);
#10178=ORIENTED_EDGE('',*,*,#6254,.F.);
#10180=ORIENTED_EDGE('',*,*,#10179,.T.);
#10182=ORIENTED_EDGE('',*,*,#10181,.F.);
#10183=ORIENTED_EDGE('',*,*,#10158,.T.);
#10184=EDGE_LOOP('',(#10178,#10180,#10182,#10183));
#10185=FACE_OUTER_BOUND('',#10184,.F.);
#10187=FILL_AREA_STYLE_COLOUR('',#165);
#10188=FILL_AREA_STYLE('',(#10187));
#10189=SURFACE_STYLE_FILL_AREA(#10188);
#10190=SURFACE_SIDE_STYLE('',(#10189));
#10191=SURFACE_STYLE_USAGE(.NEGATIVE.,#10190);
#10192=PRESENTATION_STYLE_ASSIGNMENT((#10191));
#10193=OVER_RIDING_STYLED_ITEM('',(#10192),#10186,#327);
#10194=CARTESIAN_POINT('',(6.6E0,-1.485650434139E0,9.407911277729E0));
#10195=DIRECTION('',(1.E0,0.E0,0.E0));
#10196=DIRECTION('',(0.E0,1.E0,0.E0));
#10197=AXIS2_PLACEMENT_3D('',#10194,#10195,#10196);
#10198=PLANE('',#10197);
#10199=ORIENTED_EDGE('',*,*,#6252,.T.);
#10200=ORIENTED_EDGE('',*,*,#9878,.F.);
#10202=ORIENTED_EDGE('',*,*,#10201,.F.);
#10203=ORIENTED_EDGE('',*,*,#10179,.F.);
#10204=EDGE_LOOP('',(#10199,#10200,#10202,#10203));
#10205=FACE_OUTER_BOUND('',#10204,.F.);
#10207=FILL_AREA_STYLE_COLOUR('',#165);
#10208=FILL_AREA_STYLE('',(#10207));
#10209=SURFACE_STYLE_FILL_AREA(#10208);
#10210=SURFACE_SIDE_STYLE('',(#10209));
#10211=SURFACE_STYLE_USAGE(.NEGATIVE.,#10210);
#10212=PRESENTATION_STYLE_ASSIGNMENT((#10211));
#10213=OVER_RIDING_STYLED_ITEM('',(#10212),#10206,#327);
#10214=CARTESIAN_POINT('',(0.E0,-2.985650434139E0,9.407911277729E0));
#10215=DIRECTION('',(0.E0,0.E0,1.E0));
#10216=DIRECTION('',(1.E0,0.E0,0.E0));
#10217=AXIS2_PLACEMENT_3D('',#10214,#10215,#10216);
#10218=PLANE('',#10217);
#10219=ORIENTED_EDGE('',*,*,#10076,.F.);
#10220=ORIENTED_EDGE('',*,*,#10097,.T.);
#10221=ORIENTED_EDGE('',*,*,#10118,.F.);
#10222=ORIENTED_EDGE('',*,*,#10139,.T.);
#10223=ORIENTED_EDGE('',*,*,#10160,.F.);
#10224=ORIENTED_EDGE('',*,*,#10181,.T.);
#10225=ORIENTED_EDGE('',*,*,#10201,.T.);
#10226=ORIENTED_EDGE('',*,*,#9876,.T.);
#10227=ORIENTED_EDGE('',*,*,#9898,.F.);
#10228=ORIENTED_EDGE('',*,*,#9919,.T.);
#10229=ORIENTED_EDGE('',*,*,#9940,.F.);
#10230=ORIENTED_EDGE('',*,*,#9961,.T.);
#10231=ORIENTED_EDGE('',*,*,#9987,.F.);
#10232=ORIENTED_EDGE('',*,*,#10008,.T.);
#10233=ORIENTED_EDGE('',*,*,#10034,.F.);
#10234=ORIENTED_EDGE('',*,*,#10055,.T.);
#10235=EDGE_LOOP('',(#10219,#10220,#10221,#10222,#10223,#10224,#10225,#10226,
#10227,#10228,#10229,#10230,#10231,#10232,#10233,#10234));
#10236=FACE_OUTER_BOUND('',#10235,.F.);
#10238=ORIENTED_EDGE('',*,*,#10237,.T.);
#10240=ORIENTED_EDGE('',*,*,#10239,.T.);
#10241=EDGE_LOOP('',(#10238,#10240));
#10242=FACE_BOUND('',#10241,.F.);
#10244=ORIENTED_EDGE('',*,*,#10243,.T.);
#10246=ORIENTED_EDGE('',*,*,#10245,.T.);
#10247=EDGE_LOOP('',(#10244,#10246));
#10248=FACE_BOUND('',#10247,.F.);
#10250=FILL_AREA_STYLE_COLOUR('',#165);
#10251=FILL_AREA_STYLE('',(#10250));
#10252=SURFACE_STYLE_FILL_AREA(#10251);
#10253=SURFACE_SIDE_STYLE('',(#10252));
#10254=SURFACE_STYLE_USAGE(.NEGATIVE.,#10253);
#10255=PRESENTATION_STYLE_ASSIGNMENT((#10254));
#10256=OVER_RIDING_STYLED_ITEM('',(#10255),#10249,#327);
#10257=CARTESIAN_POINT('',(-8.78E0,-3.6E0,9.492737639826E0));
#10258=DIRECTION('',(0.E0,0.E0,1.E0));
#10259=DIRECTION('',(2.473667364580E-1,9.689219254894E-1,0.E0));
#10260=AXIS2_PLACEMENT_3D('',#10257,#10258,#10259);
#10261=CONICAL_SURFACE('',#10260,1.415173637903E0,4.5E1);
#10262=ORIENTED_EDGE('',*,*,#10237,.F.);
#10264=ORIENTED_EDGE('',*,*,#10263,.T.);
#10266=ORIENTED_EDGE('',*,*,#10265,.T.);
#10268=ORIENTED_EDGE('',*,*,#10267,.F.);
#10269=EDGE_LOOP('',(#10262,#10264,#10266,#10268));
#10270=FACE_OUTER_BOUND('',#10269,.F.);
#10272=CARTESIAN_POINT('',(-8.78E0,-3.6E0,9.492737639826E0));
#10273=DIRECTION('',(0.E0,0.E0,1.E0));
#10274=DIRECTION('',(2.473667364580E-1,9.689219254894E-1,0.E0));
#10275=AXIS2_PLACEMENT_3D('',#10272,#10273,#10274);
#10276=CONICAL_SURFACE('',#10275,1.415173637903E0,4.5E1);
#10277=ORIENTED_EDGE('',*,*,#10239,.F.);
#10278=ORIENTED_EDGE('',*,*,#10267,.T.);
#10280=ORIENTED_EDGE('',*,*,#10279,.T.);
#10281=ORIENTED_EDGE('',*,*,#10263,.F.);
#10282=EDGE_LOOP('',(#10277,#10278,#10280,#10281));
#10283=FACE_OUTER_BOUND('',#10282,.F.);
#10285=CARTESIAN_POINT('',(-8.78E0,-3.6E0,5.977564001922E0));
#10286=DIRECTION('',(0.E0,0.E0,-1.E0));
#10287=DIRECTION('',(-2.473667364580E-1,-9.689219254894E-1,0.E0));
#10288=AXIS2_PLACEMENT_3D('',#10285,#10286,#10287);
#10289=CYLINDRICAL_SURFACE('',#10288,1.5E0);
#10291=ORIENTED_EDGE('',*,*,#10290,.T.);
#10292=ORIENTED_EDGE('',*,*,#10279,.F.);
#10294=ORIENTED_EDGE('',*,*,#10293,.F.);
#10296=ORIENTED_EDGE('',*,*,#10295,.F.);
#10297=EDGE_LOOP('',(#10291,#10292,#10294,#10296));
#10298=FACE_OUTER_BOUND('',#10297,.F.);
#10300=CARTESIAN_POINT('',(-8.78E0,-3.6E0,5.977564001922E0));
#10301=DIRECTION('',(0.E0,0.E0,-1.E0));
#10302=DIRECTION('',(-2.473667364580E-1,-9.689219254894E-1,0.E0));
#10303=AXIS2_PLACEMENT_3D('',#10300,#10301,#10302);
#10304=CYLINDRICAL_SURFACE('',#10303,1.5E0);
#10306=ORIENTED_EDGE('',*,*,#10305,.F.);
#10307=ORIENTED_EDGE('',*,*,#10293,.T.);
#10308=ORIENTED_EDGE('',*,*,#10265,.F.);
#10309=ORIENTED_EDGE('',*,*,#10290,.F.);
#10310=EDGE_LOOP('',(#10306,#10307,#10308,#10309));
#10311=FACE_OUTER_BOUND('',#10310,.F.);
#10313=CARTESIAN_POINT('',(-8.78E0,-3.6E0,9.977564001922E0));
#10314=DIRECTION('',(0.E0,0.E0,1.E0));
#10315=DIRECTION('',(2.473667364580E-1,9.689219254894E-1,0.E0));
#10316=AXIS2_PLACEMENT_3D('',#10313,#10314,#10315);
#10317=PLANE('',#10316);
#10318=ORIENTED_EDGE('',*,*,#10305,.T.);
#10319=ORIENTED_EDGE('',*,*,#10295,.T.);
#10320=EDGE_LOOP('',(#10318,#10319));
#10321=FACE_OUTER_BOUND('',#10320,.F.);
#10323=ORIENTED_EDGE('',*,*,#10322,.T.);
#10325=ORIENTED_EDGE('',*,*,#10324,.T.);
#10327=ORIENTED_EDGE('',*,*,#10326,.T.);
#10329=ORIENTED_EDGE('',*,*,#10328,.T.);
#10331=ORIENTED_EDGE('',*,*,#10330,.T.);
#10333=ORIENTED_EDGE('',*,*,#10332,.T.);
#10334=EDGE_LOOP('',(#10323,#10325,#10327,#10329,#10331,#10333));
#10335=FACE_BOUND('',#10334,.F.);
#10337=CARTESIAN_POINT('',(-8.592775641172E0,-4.267043506423E0,
9.577564001922E0));
#10338=DIRECTION('',(7.154276335286E-1,-6.986868405686E-1,0.E0));
#10339=DIRECTION('',(6.986868405686E-1,7.154276335286E-1,0.E0));
#10340=AXIS2_PLACEMENT_3D('',#10337,#10338,#10339);
#10341=PLANE('',#10340);
#10342=ORIENTED_EDGE('',*,*,#10322,.F.);
#10344=ORIENTED_EDGE('',*,*,#10343,.F.);
#10346=ORIENTED_EDGE('',*,*,#10345,.F.);
#10348=ORIENTED_EDGE('',*,*,#10347,.T.);
#10349=EDGE_LOOP('',(#10342,#10344,#10346,#10348));
#10350=FACE_OUTER_BOUND('',#10349,.F.);
#10352=CARTESIAN_POINT('',(-9.264064442578E0,-4.095662804164E0,
9.577564001922E0));
#10353=DIRECTION('',(-2.473667364580E-1,-9.689219254894E-1,0.E0));
#10354=DIRECTION('',(0.E0,0.E0,1.E0));
#10355=AXIS2_PLACEMENT_3D('',#10352,#10353,#10354);
#10356=PLANE('',#10355);
#10357=ORIENTED_EDGE('',*,*,#10332,.F.);
#10359=ORIENTED_EDGE('',*,*,#10358,.F.);
#10361=ORIENTED_EDGE('',*,*,#10360,.T.);
#10362=ORIENTED_EDGE('',*,*,#10343,.T.);
#10363=EDGE_LOOP('',(#10357,#10359,#10361,#10362));
#10364=FACE_OUTER_BOUND('',#10363,.F.);
#10366=CARTESIAN_POINT('',(-9.451288801406E0,-3.428619297741E0,
9.577564001922E0));
#10367=DIRECTION('',(-9.627943699866E-1,-2.702350849208E-1,0.E0));
#10368=DIRECTION('',(2.702350849208E-1,-9.627943699866E-1,0.E0));
#10369=AXIS2_PLACEMENT_3D('',#10366,#10367,#10368);
#10370=PLANE('',#10369);
#10371=ORIENTED_EDGE('',*,*,#10330,.F.);
#10373=ORIENTED_EDGE('',*,*,#10372,.F.);
#10375=ORIENTED_EDGE('',*,*,#10374,.F.);
#10376=ORIENTED_EDGE('',*,*,#10358,.T.);
#10377=EDGE_LOOP('',(#10371,#10373,#10375,#10376));
#10378=FACE_OUTER_BOUND('',#10377,.F.);
#10380=CARTESIAN_POINT('',(-8.967224358828E0,-2.932956493577E0,
9.577564001922E0));
#10381=DIRECTION('',(-7.154276335286E-1,6.986868405686E-1,0.E0));
#10382=DIRECTION('',(-6.986868405686E-1,-7.154276335286E-1,0.E0));
#10383=AXIS2_PLACEMENT_3D('',#10380,#10381,#10382);
#10384=PLANE('',#10383);
#10385=ORIENTED_EDGE('',*,*,#10328,.F.);
#10387=ORIENTED_EDGE('',*,*,#10386,.F.);
#10389=ORIENTED_EDGE('',*,*,#10388,.F.);
#10390=ORIENTED_EDGE('',*,*,#10372,.T.);
#10391=EDGE_LOOP('',(#10385,#10387,#10389,#10390));
#10392=FACE_OUTER_BOUND('',#10391,.F.);
#10394=CARTESIAN_POINT('',(-8.295935557422E0,-3.104337195836E0,
9.577564001922E0));
#10395=DIRECTION('',(2.473667364580E-1,9.689219254894E-1,0.E0));
#10396=DIRECTION('',(0.E0,0.E0,-1.E0));
#10397=AXIS2_PLACEMENT_3D('',#10394,#10395,#10396);
#10398=PLANE('',#10397);
#10399=ORIENTED_EDGE('',*,*,#10326,.F.);
#10401=ORIENTED_EDGE('',*,*,#10400,.F.);
#10403=ORIENTED_EDGE('',*,*,#10402,.T.);
#10404=ORIENTED_EDGE('',*,*,#10386,.T.);
#10405=EDGE_LOOP('',(#10399,#10401,#10403,#10404));
#10406=FACE_OUTER_BOUND('',#10405,.F.);
#10408=CARTESIAN_POINT('',(-8.108711198594E0,-3.771380702259E0,
9.577564001922E0));
#10409=DIRECTION('',(9.627943699866E-1,2.702350849208E-1,0.E0));
#10410=DIRECTION('',(-2.702350849208E-1,9.627943699866E-1,0.E0));
#10411=AXIS2_PLACEMENT_3D('',#10408,#10409,#10410);
#10412=PLANE('',#10411);
#10413=ORIENTED_EDGE('',*,*,#10324,.F.);
#10414=ORIENTED_EDGE('',*,*,#10347,.F.);
#10416=ORIENTED_EDGE('',*,*,#10415,.F.);
#10417=ORIENTED_EDGE('',*,*,#10400,.T.);
#10418=EDGE_LOOP('',(#10413,#10414,#10416,#10417));
#10419=FACE_OUTER_BOUND('',#10418,.F.);
#10421=CARTESIAN_POINT('',(-9.451288801406E0,-3.428619297741E0,
9.577564001922E0));
#10422=DIRECTION('',(0.E0,0.E0,1.E0));
#10423=DIRECTION('',(-9.689219254894E-1,2.473667364580E-1,0.E0));
#10424=AXIS2_PLACEMENT_3D('',#10421,#10422,#10423);
#10425=PLANE('',#10424);
#10427=ORIENTED_EDGE('',*,*,#10426,.T.);
#10428=ORIENTED_EDGE('',*,*,#10415,.T.);
#10429=EDGE_LOOP('',(#10427,#10428));
#10430=FACE_OUTER_BOUND('',#10429,.F.);
#10432=CARTESIAN_POINT('',(-8.78E0,-3.6E0,9.489780234117E0));
#10433=DIRECTION('',(0.E0,0.E0,1.E0));
#10434=DIRECTION('',(-9.689219254894E-1,2.473667364580E-1,0.E0));
#10435=AXIS2_PLACEMENT_3D('',#10432,#10433,#10434);
#10436=CONICAL_SURFACE('',#10435,3.887284311919E-1,7.389788624801E1);
#10438=ORIENTED_EDGE('',*,*,#10437,.T.);
#10440=ORIENTED_EDGE('',*,*,#10439,.F.);
#10442=ORIENTED_EDGE('',*,*,#10441,.F.);
#10443=ORIENTED_EDGE('',*,*,#10426,.F.);
#10445=ORIENTED_EDGE('',*,*,#10444,.F.);
#10446=EDGE_LOOP('',(#10438,#10440,#10442,#10443,#10445));
#10447=FACE_OUTER_BOUND('',#10446,.F.);
#10449=CARTESIAN_POINT('',(-8.78E0,-3.6E0,9.489780234117E0));
#10450=DIRECTION('',(0.E0,0.E0,1.E0));
#10451=DIRECTION('',(-9.689219254894E-1,2.473667364580E-1,0.E0));
#10452=AXIS2_PLACEMENT_3D('',#10449,#10450,#10451);
#10453=CONICAL_SURFACE('',#10452,3.887284311919E-1,7.389788624801E1);
#10454=ORIENTED_EDGE('',*,*,#10444,.T.);
#10456=ORIENTED_EDGE('',*,*,#10455,.F.);
#10458=ORIENTED_EDGE('',*,*,#10457,.F.);
#10460=ORIENTED_EDGE('',*,*,#10459,.F.);
#10461=ORIENTED_EDGE('',*,*,#10437,.F.);
#10462=EDGE_LOOP('',(#10454,#10456,#10458,#10460,#10461));
#10463=FACE_OUTER_BOUND('',#10462,.F.);
#10465=CARTESIAN_POINT('',(-9.451288801406E0,-3.428619297741E0,
9.577564001922E0));
#10466=DIRECTION('',(0.E0,0.E0,1.E0));
#10467=DIRECTION('',(-9.689219254894E-1,2.473667364580E-1,0.E0));
#10468=AXIS2_PLACEMENT_3D('',#10465,#10466,#10467);
#10469=PLANE('',#10468);
#10470=ORIENTED_EDGE('',*,*,#10455,.T.);
#10471=ORIENTED_EDGE('',*,*,#10345,.T.);
#10472=EDGE_LOOP('',(#10470,#10471));
#10473=FACE_OUTER_BOUND('',#10472,.F.);
#10475=CARTESIAN_POINT('',(-9.451288801406E0,-3.428619297741E0,
9.577564001922E0));
#10476=DIRECTION('',(0.E0,0.E0,1.E0));
#10477=DIRECTION('',(-9.689219254894E-1,2.473667364580E-1,0.E0));
#10478=AXIS2_PLACEMENT_3D('',#10475,#10476,#10477);
#10479=PLANE('',#10478);
#10480=ORIENTED_EDGE('',*,*,#10457,.T.);
#10481=ORIENTED_EDGE('',*,*,#10360,.F.);
#10482=EDGE_LOOP('',(#10480,#10481));
#10483=FACE_OUTER_BOUND('',#10482,.F.);
#10485=CARTESIAN_POINT('',(-9.451288801406E0,-3.428619297741E0,
9.577564001922E0));
#10486=DIRECTION('',(0.E0,0.E0,1.E0));
#10487=DIRECTION('',(-9.689219254894E-1,2.473667364580E-1,0.E0));
#10488=AXIS2_PLACEMENT_3D('',#10485,#10486,#10487);
#10489=PLANE('',#10488);
#10490=ORIENTED_EDGE('',*,*,#10459,.T.);
#10491=ORIENTED_EDGE('',*,*,#10374,.T.);
#10492=EDGE_LOOP('',(#10490,#10491));
#10493=FACE_OUTER_BOUND('',#10492,.F.);
#10495=CARTESIAN_POINT('',(-9.451288801406E0,-3.428619297741E0,
9.577564001922E0));
#10496=DIRECTION('',(0.E0,0.E0,1.E0));
#10497=DIRECTION('',(-9.689219254894E-1,2.473667364580E-1,0.E0));
#10498=AXIS2_PLACEMENT_3D('',#10495,#10496,#10497);
#10499=PLANE('',#10498);
#10500=ORIENTED_EDGE('',*,*,#10439,.T.);
#10501=ORIENTED_EDGE('',*,*,#10388,.T.);
#10502=EDGE_LOOP('',(#10500,#10501));
#10503=FACE_OUTER_BOUND('',#10502,.F.);
#10505=CARTESIAN_POINT('',(-9.451288801406E0,-3.428619297741E0,
9.577564001922E0));
#10506=DIRECTION('',(0.E0,0.E0,1.E0));
#10507=DIRECTION('',(-9.689219254894E-1,2.473667364580E-1,0.E0));
#10508=AXIS2_PLACEMENT_3D('',#10505,#10506,#10507);
#10509=PLANE('',#10508);
#10510=ORIENTED_EDGE('',*,*,#10441,.T.);
#10511=ORIENTED_EDGE('',*,*,#10402,.F.);
#10512=EDGE_LOOP('',(#10510,#10511));
#10513=FACE_OUTER_BOUND('',#10512,.F.);
#10515=CARTESIAN_POINT('',(8.78E0,-3.6E0,9.492737639826E0));
#10516=DIRECTION('',(0.E0,0.E0,1.E0));
#10517=DIRECTION('',(2.473667364580E-1,9.689219254894E-1,0.E0));
#10518=AXIS2_PLACEMENT_3D('',#10515,#10516,#10517);
#10519=CONICAL_SURFACE('',#10518,1.415173637903E0,4.5E1);
#10520=ORIENTED_EDGE('',*,*,#10243,.F.);
#10522=ORIENTED_EDGE('',*,*,#10521,.T.);
#10524=ORIENTED_EDGE('',*,*,#10523,.T.);
#10526=ORIENTED_EDGE('',*,*,#10525,.F.);
#10527=EDGE_LOOP('',(#10520,#10522,#10524,#10526));
#10528=FACE_OUTER_BOUND('',#10527,.F.);
#10530=CARTESIAN_POINT('',(8.78E0,-3.6E0,9.492737639826E0));
#10531=DIRECTION('',(0.E0,0.E0,1.E0));
#10532=DIRECTION('',(2.473667364580E-1,9.689219254894E-1,0.E0));
#10533=AXIS2_PLACEMENT_3D('',#10530,#10531,#10532);
#10534=CONICAL_SURFACE('',#10533,1.415173637903E0,4.5E1);
#10535=ORIENTED_EDGE('',*,*,#10245,.F.);
#10536=ORIENTED_EDGE('',*,*,#10525,.T.);
#10538=ORIENTED_EDGE('',*,*,#10537,.T.);
#10539=ORIENTED_EDGE('',*,*,#10521,.F.);
#10540=EDGE_LOOP('',(#10535,#10536,#10538,#10539));
#10541=FACE_OUTER_BOUND('',#10540,.F.);
#10543=CARTESIAN_POINT('',(8.78E0,-3.6E0,5.977564001922E0));
#10544=DIRECTION('',(0.E0,0.E0,-1.E0));
#10545=DIRECTION('',(-2.473667364580E-1,-9.689219254894E-1,0.E0));
#10546=AXIS2_PLACEMENT_3D('',#10543,#10544,#10545);
#10547=CYLINDRICAL_SURFACE('',#10546,1.5E0);
#10549=ORIENTED_EDGE('',*,*,#10548,.T.);
#10550=ORIENTED_EDGE('',*,*,#10537,.F.);
#10552=ORIENTED_EDGE('',*,*,#10551,.F.);
#10554=ORIENTED_EDGE('',*,*,#10553,.F.);
#10555=EDGE_LOOP('',(#10549,#10550,#10552,#10554));
#10556=FACE_OUTER_BOUND('',#10555,.F.);
#10558=CARTESIAN_POINT('',(8.78E0,-3.6E0,5.977564001922E0));
#10559=DIRECTION('',(0.E0,0.E0,-1.E0));
#10560=DIRECTION('',(-2.473667364580E-1,-9.689219254894E-1,0.E0));
#10561=AXIS2_PLACEMENT_3D('',#10558,#10559,#10560);
#10562=CYLINDRICAL_SURFACE('',#10561,1.5E0);
#10564=ORIENTED_EDGE('',*,*,#10563,.F.);
#10565=ORIENTED_EDGE('',*,*,#10551,.T.);
#10566=ORIENTED_EDGE('',*,*,#10523,.F.);
#10567=ORIENTED_EDGE('',*,*,#10548,.F.);
#10568=EDGE_LOOP('',(#10564,#10565,#10566,#10567));
#10569=FACE_OUTER_BOUND('',#10568,.F.);
#10571=CARTESIAN_POINT('',(8.78E0,-3.6E0,9.977564001922E0));
#10572=DIRECTION('',(0.E0,0.E0,1.E0));
#10573=DIRECTION('',(2.473667364580E-1,9.689219254894E-1,0.E0));
#10574=AXIS2_PLACEMENT_3D('',#10571,#10572,#10573);
#10575=PLANE('',#10574);
#10576=ORIENTED_EDGE('',*,*,#10563,.T.);
#10577=ORIENTED_EDGE('',*,*,#10553,.T.);
#10578=EDGE_LOOP('',(#10576,#10577));
#10579=FACE_OUTER_BOUND('',#10578,.F.);
#10581=ORIENTED_EDGE('',*,*,#10580,.T.);
#10583=ORIENTED_EDGE('',*,*,#10582,.T.);
#10585=ORIENTED_EDGE('',*,*,#10584,.T.);
#10587=ORIENTED_EDGE('',*,*,#10586,.T.);
#10589=ORIENTED_EDGE('',*,*,#10588,.T.);
#10591=ORIENTED_EDGE('',*,*,#10590,.T.);
#10592=EDGE_LOOP('',(#10581,#10583,#10585,#10587,#10589,#10591));
#10593=FACE_BOUND('',#10592,.F.);
#10595=CARTESIAN_POINT('',(8.967224358828E0,-4.267043506423E0,
9.577564001922E0));
#10596=DIRECTION('',(7.154276335286E-1,-6.986868405686E-1,0.E0));
#10597=DIRECTION('',(6.986868405686E-1,7.154276335286E-1,0.E0));
#10598=AXIS2_PLACEMENT_3D('',#10595,#10596,#10597);
#10599=PLANE('',#10598);
#10600=ORIENTED_EDGE('',*,*,#10580,.F.);
#10602=ORIENTED_EDGE('',*,*,#10601,.F.);
#10604=ORIENTED_EDGE('',*,*,#10603,.F.);
#10606=ORIENTED_EDGE('',*,*,#10605,.T.);
#10607=EDGE_LOOP('',(#10600,#10602,#10604,#10606));
#10608=FACE_OUTER_BOUND('',#10607,.F.);
#10610=CARTESIAN_POINT('',(8.295935557422E0,-4.095662804164E0,
9.577564001922E0));
#10611=DIRECTION('',(-2.473667364580E-1,-9.689219254894E-1,0.E0));
#10612=DIRECTION('',(0.E0,0.E0,1.E0));
#10613=AXIS2_PLACEMENT_3D('',#10610,#10611,#10612);
#10614=PLANE('',#10613);
#10615=ORIENTED_EDGE('',*,*,#10590,.F.);
#10617=ORIENTED_EDGE('',*,*,#10616,.F.);
#10619=ORIENTED_EDGE('',*,*,#10618,.T.);
#10620=ORIENTED_EDGE('',*,*,#10601,.T.);
#10621=EDGE_LOOP('',(#10615,#10617,#10619,#10620));
#10622=FACE_OUTER_BOUND('',#10621,.F.);
#10624=CARTESIAN_POINT('',(8.108711198594E0,-3.428619297741E0,
9.577564001922E0));
#10625=DIRECTION('',(-9.627943699866E-1,-2.702350849208E-1,0.E0));
#10626=DIRECTION('',(2.702350849208E-1,-9.627943699866E-1,0.E0));
#10627=AXIS2_PLACEMENT_3D('',#10624,#10625,#10626);
#10628=PLANE('',#10627);
#10629=ORIENTED_EDGE('',*,*,#10588,.F.);
#10631=ORIENTED_EDGE('',*,*,#10630,.F.);
#10633=ORIENTED_EDGE('',*,*,#10632,.F.);
#10634=ORIENTED_EDGE('',*,*,#10616,.T.);
#10635=EDGE_LOOP('',(#10629,#10631,#10633,#10634));
#10636=FACE_OUTER_BOUND('',#10635,.F.);
#10638=CARTESIAN_POINT('',(8.592775641172E0,-2.932956493577E0,
9.577564001922E0));
#10639=DIRECTION('',(-7.154276335286E-1,6.986868405686E-1,0.E0));
#10640=DIRECTION('',(-6.986868405686E-1,-7.154276335286E-1,0.E0));
#10641=AXIS2_PLACEMENT_3D('',#10638,#10639,#10640);
#10642=PLANE('',#10641);
#10643=ORIENTED_EDGE('',*,*,#10586,.F.);
#10645=ORIENTED_EDGE('',*,*,#10644,.F.);
#10647=ORIENTED_EDGE('',*,*,#10646,.F.);
#10648=ORIENTED_EDGE('',*,*,#10630,.T.);
#10649=EDGE_LOOP('',(#10643,#10645,#10647,#10648));
#10650=FACE_OUTER_BOUND('',#10649,.F.);
#10652=CARTESIAN_POINT('',(9.264064442578E0,-3.104337195836E0,
9.577564001922E0));
#10653=DIRECTION('',(2.473667364580E-1,9.689219254894E-1,0.E0));
#10654=DIRECTION('',(0.E0,0.E0,-1.E0));
#10655=AXIS2_PLACEMENT_3D('',#10652,#10653,#10654);
#10656=PLANE('',#10655);
#10657=ORIENTED_EDGE('',*,*,#10584,.F.);
#10659=ORIENTED_EDGE('',*,*,#10658,.F.);
#10661=ORIENTED_EDGE('',*,*,#10660,.T.);
#10662=ORIENTED_EDGE('',*,*,#10644,.T.);
#10663=EDGE_LOOP('',(#10657,#10659,#10661,#10662));
#10664=FACE_OUTER_BOUND('',#10663,.F.);
#10666=CARTESIAN_POINT('',(9.451288801406E0,-3.771380702259E0,
9.577564001922E0));
#10667=DIRECTION('',(9.627943699866E-1,2.702350849208E-1,0.E0));
#10668=DIRECTION('',(-2.702350849208E-1,9.627943699866E-1,0.E0));
#10669=AXIS2_PLACEMENT_3D('',#10666,#10667,#10668);
#10670=PLANE('',#10669);
#10671=ORIENTED_EDGE('',*,*,#10582,.F.);
#10672=ORIENTED_EDGE('',*,*,#10605,.F.);
#10674=ORIENTED_EDGE('',*,*,#10673,.F.);
#10675=ORIENTED_EDGE('',*,*,#10658,.T.);
#10676=EDGE_LOOP('',(#10671,#10672,#10674,#10675));
#10677=FACE_OUTER_BOUND('',#10676,.F.);
#10679=CARTESIAN_POINT('',(8.108711198594E0,-3.428619297741E0,
9.577564001922E0));
#10680=DIRECTION('',(0.E0,0.E0,1.E0));
#10681=DIRECTION('',(-9.689219254894E-1,2.473667364580E-1,0.E0));
#10682=AXIS2_PLACEMENT_3D('',#10679,#10680,#10681);
#10683=PLANE('',#10682);
#10685=ORIENTED_EDGE('',*,*,#10684,.T.);
#10686=ORIENTED_EDGE('',*,*,#10673,.T.);
#10687=EDGE_LOOP('',(#10685,#10686));
#10688=FACE_OUTER_BOUND('',#10687,.F.);
#10690=CARTESIAN_POINT('',(8.78E0,-3.6E0,9.489780234117E0));
#10691=DIRECTION('',(0.E0,0.E0,1.E0));
#10692=DIRECTION('',(-9.689219254894E-1,2.473667364580E-1,0.E0));
#10693=AXIS2_PLACEMENT_3D('',#10690,#10691,#10692);
#10694=CONICAL_SURFACE('',#10693,3.887284311919E-1,7.389788624801E1);
#10696=ORIENTED_EDGE('',*,*,#10695,.T.);
#10698=ORIENTED_EDGE('',*,*,#10697,.F.);
#10700=ORIENTED_EDGE('',*,*,#10699,.F.);
#10701=ORIENTED_EDGE('',*,*,#10684,.F.);
#10703=ORIENTED_EDGE('',*,*,#10702,.F.);
#10704=EDGE_LOOP('',(#10696,#10698,#10700,#10701,#10703));
#10705=FACE_OUTER_BOUND('',#10704,.F.);
#10707=CARTESIAN_POINT('',(8.78E0,-3.6E0,9.489780234117E0));
#10708=DIRECTION('',(0.E0,0.E0,1.E0));
#10709=DIRECTION('',(-9.689219254894E-1,2.473667364580E-1,0.E0));
#10710=AXIS2_PLACEMENT_3D('',#10707,#10708,#10709);
#10711=CONICAL_SURFACE('',#10710,3.887284311919E-1,7.389788624801E1);
#10712=ORIENTED_EDGE('',*,*,#10702,.T.);
#10714=ORIENTED_EDGE('',*,*,#10713,.F.);
#10716=ORIENTED_EDGE('',*,*,#10715,.F.);
#10718=ORIENTED_EDGE('',*,*,#10717,.F.);
#10719=ORIENTED_EDGE('',*,*,#10695,.F.);
#10720=EDGE_LOOP('',(#10712,#10714,#10716,#10718,#10719));
#10721=FACE_OUTER_BOUND('',#10720,.F.);
#10723=CARTESIAN_POINT('',(8.108711198594E0,-3.428619297741E0,
9.577564001922E0));
#10724=DIRECTION('',(0.E0,0.E0,1.E0));
#10725=DIRECTION('',(-9.689219254894E-1,2.473667364580E-1,0.E0));
#10726=AXIS2_PLACEMENT_3D('',#10723,#10724,#10725);
#10727=PLANE('',#10726);
#10728=ORIENTED_EDGE('',*,*,#10713,.T.);
#10729=ORIENTED_EDGE('',*,*,#10603,.T.);
#10730=EDGE_LOOP('',(#10728,#10729));
#10731=FACE_OUTER_BOUND('',#10730,.F.);
#10733=CARTESIAN_POINT('',(8.108711198594E0,-3.428619297741E0,
9.577564001922E0));
#10734=DIRECTION('',(0.E0,0.E0,1.E0));
#10735=DIRECTION('',(-9.689219254894E-1,2.473667364580E-1,0.E0));
#10736=AXIS2_PLACEMENT_3D('',#10733,#10734,#10735);
#10737=PLANE('',#10736);
#10738=ORIENTED_EDGE('',*,*,#10715,.T.);
#10739=ORIENTED_EDGE('',*,*,#10618,.F.);
#10740=EDGE_LOOP('',(#10738,#10739));
#10741=FACE_OUTER_BOUND('',#10740,.F.);
#10743=CARTESIAN_POINT('',(8.108711198594E0,-3.428619297741E0,
9.577564001922E0));
#10744=DIRECTION('',(0.E0,0.E0,1.E0));
#10745=DIRECTION('',(-9.689219254894E-1,2.473667364580E-1,0.E0));
#10746=AXIS2_PLACEMENT_3D('',#10743,#10744,#10745);
#10747=PLANE('',#10746);
#10748=ORIENTED_EDGE('',*,*,#10717,.T.);
#10749=ORIENTED_EDGE('',*,*,#10632,.T.);
#10750=EDGE_LOOP('',(#10748,#10749));
#10751=FACE_OUTER_BOUND('',#10750,.F.);
#10753=CARTESIAN_POINT('',(8.108711198594E0,-3.428619297741E0,
9.577564001922E0));
#10754=DIRECTION('',(0.E0,0.E0,1.E0));
#10755=DIRECTION('',(-9.689219254894E-1,2.473667364580E-1,0.E0));
#10756=AXIS2_PLACEMENT_3D('',#10753,#10754,#10755);
#10757=PLANE('',#10756);
#10758=ORIENTED_EDGE('',*,*,#10697,.T.);
#10759=ORIENTED_EDGE('',*,*,#10646,.T.);
#10760=EDGE_LOOP('',(#10758,#10759));
#10761=FACE_OUTER_BOUND('',#10760,.F.);
#10763=CARTESIAN_POINT('',(8.108711198594E0,-3.428619297741E0,
9.577564001922E0));
#10764=DIRECTION('',(0.E0,0.E0,1.E0));
#10765=DIRECTION('',(-9.689219254894E-1,2.473667364580E-1,0.E0));
#10766=AXIS2_PLACEMENT_3D('',#10763,#10764,#10765);
#10767=PLANE('',#10766);
#10768=ORIENTED_EDGE('',*,*,#10699,.T.);
#10769=ORIENTED_EDGE('',*,*,#10660,.F.);
#10770=EDGE_LOOP('',(#10768,#10769));
#10771=FACE_OUTER_BOUND('',#10770,.F.);
#10773=CARTESIAN_POINT('',(3.220994827942E0,3.77E1,1.365018379134E1));
#10774=DIRECTION('',(0.E0,0.E0,-1.E0));
#10775=DIRECTION('',(0.E0,1.E0,0.E0));
#10776=AXIS2_PLACEMENT_3D('',#10773,#10774,#10775);
#10777=CYLINDRICAL_SURFACE('',#10776,1.E0);
#10778=ORIENTED_EDGE('',*,*,#6284,.F.);
#10780=ORIENTED_EDGE('',*,*,#10779,.F.);
#10782=ORIENTED_EDGE('',*,*,#10781,.F.);
#10784=ORIENTED_EDGE('',*,*,#10783,.T.);
#10785=EDGE_LOOP('',(#10778,#10780,#10782,#10784));
#10786=FACE_OUTER_BOUND('',#10785,.F.);
#10788=FILL_AREA_STYLE_COLOUR('',#319);
#10789=FILL_AREA_STYLE('',(#10788));
#10790=SURFACE_STYLE_FILL_AREA(#10789);
#10791=SURFACE_SIDE_STYLE('',(#10790));
#10792=SURFACE_STYLE_USAGE(.NEGATIVE.,#10791);
#10793=PRESENTATION_STYLE_ASSIGNMENT((#10792));
#10794=OVER_RIDING_STYLED_ITEM('',(#10793),#10787,#327);
#10795=CARTESIAN_POINT('',(1.047454691134E1,1.700260094142E1,1.090791127773E1));
#10796=DIRECTION('',(-9.578224948453E-1,-2.873605198497E-1,0.E0));
#10797=DIRECTION('',(2.873605198497E-1,-9.578224948453E-1,0.E0));
#10798=AXIS2_PLACEMENT_3D('',#10795,#10796,#10797);
#10799=PLANE('',#10798);
#10800=ORIENTED_EDGE('',*,*,#6306,.F.);
#10802=ORIENTED_EDGE('',*,*,#10801,.F.);
#10804=ORIENTED_EDGE('',*,*,#10803,.F.);
#10805=ORIENTED_EDGE('',*,*,#10779,.T.);
#10806=EDGE_LOOP('',(#10800,#10802,#10804,#10805));
#10807=FACE_OUTER_BOUND('',#10806,.F.);
#10809=FILL_AREA_STYLE_COLOUR('',#319);
#10810=FILL_AREA_STYLE('',(#10809));
#10811=SURFACE_STYLE_FILL_AREA(#10810);
#10812=SURFACE_SIDE_STYLE('',(#10811));
#10813=SURFACE_STYLE_USAGE(.NEGATIVE.,#10812);
#10814=PRESENTATION_STYLE_ASSIGNMENT((#10813));
#10815=OVER_RIDING_STYLED_ITEM('',(#10814),#10808,#327);
#10816=CARTESIAN_POINT('',(-6.E0,1.206E1,1.090791127773E1));
#10817=DIRECTION('',(0.E0,0.E0,-1.E0));
#10818=DIRECTION('',(-1.E0,0.E0,0.E0));
#10819=AXIS2_PLACEMENT_3D('',#10816,#10817,#10818);
#10820=CYLINDRICAL_SURFACE('',#10819,1.72E1);
#10821=ORIENTED_EDGE('',*,*,#6304,.F.);
#10823=ORIENTED_EDGE('',*,*,#10822,.T.);
#10825=ORIENTED_EDGE('',*,*,#10824,.F.);
#10826=ORIENTED_EDGE('',*,*,#10801,.T.);
#10827=EDGE_LOOP('',(#10821,#10823,#10825,#10826));
#10828=FACE_OUTER_BOUND('',#10827,.F.);
#10830=FILL_AREA_STYLE_COLOUR('',#319);
#10831=FILL_AREA_STYLE('',(#10830));
#10832=SURFACE_STYLE_FILL_AREA(#10831);
#10833=SURFACE_SIDE_STYLE('',(#10832));
#10834=SURFACE_STYLE_USAGE(.NEGATIVE.,#10833);
#10835=PRESENTATION_STYLE_ASSIGNMENT((#10834));
#10836=OVER_RIDING_STYLED_ITEM('',(#10835),#10829,#327);
#10837=CARTESIAN_POINT('',(1.12E1,1.206E1,1.090791127773E1));
#10838=DIRECTION('',(-1.E0,0.E0,0.E0));
#10839=DIRECTION('',(0.E0,0.E0,1.E0));
#10840=AXIS2_PLACEMENT_3D('',#10837,#10838,#10839);
#10841=PLANE('',#10840);
#10842=ORIENTED_EDGE('',*,*,#6302,.T.);
#10844=ORIENTED_EDGE('',*,*,#10843,.T.);
#10846=ORIENTED_EDGE('',*,*,#10845,.F.);
#10847=ORIENTED_EDGE('',*,*,#10822,.F.);
#10848=EDGE_LOOP('',(#10842,#10844,#10846,#10847));
#10849=FACE_OUTER_BOUND('',#10848,.F.);
#10851=FILL_AREA_STYLE_COLOUR('',#319);
#10852=FILL_AREA_STYLE('',(#10851));
#10853=SURFACE_STYLE_FILL_AREA(#10852);
#10854=SURFACE_SIDE_STYLE('',(#10853));
#10855=SURFACE_STYLE_USAGE(.NEGATIVE.,#10854);
#10856=PRESENTATION_STYLE_ASSIGNMENT((#10855));
#10857=OVER_RIDING_STYLED_ITEM('',(#10856),#10850,#327);
#10858=CARTESIAN_POINT('',(9.7E0,2.E0,1.090791127773E1));
#10859=DIRECTION('',(0.E0,0.E0,-1.E0));
#10860=DIRECTION('',(-1.E0,0.E0,0.E0));
#10861=AXIS2_PLACEMENT_3D('',#10858,#10859,#10860);
#10862=CYLINDRICAL_SURFACE('',#10861,1.5E0);
#10863=ORIENTED_EDGE('',*,*,#6300,.F.);
#10865=ORIENTED_EDGE('',*,*,#10864,.F.);
#10867=ORIENTED_EDGE('',*,*,#10866,.F.);
#10868=ORIENTED_EDGE('',*,*,#10843,.F.);
#10869=EDGE_LOOP('',(#10863,#10865,#10867,#10868));
#10870=FACE_OUTER_BOUND('',#10869,.F.);
#10872=FILL_AREA_STYLE_COLOUR('',#319);
#10873=FILL_AREA_STYLE('',(#10872));
#10874=SURFACE_STYLE_FILL_AREA(#10873);
#10875=SURFACE_SIDE_STYLE('',(#10874));
#10876=SURFACE_STYLE_USAGE(.NEGATIVE.,#10875);
#10877=PRESENTATION_STYLE_ASSIGNMENT((#10876));
#10878=OVER_RIDING_STYLED_ITEM('',(#10877),#10871,#327);
#10879=CARTESIAN_POINT('',(-1.3E1,5.E-1,1.090791127773E1));
#10880=DIRECTION('',(0.E0,1.E0,0.E0));
#10881=DIRECTION('',(-1.E0,0.E0,0.E0));
#10882=AXIS2_PLACEMENT_3D('',#10879,#10880,#10881);
#10883=PLANE('',#10882);
#10884=ORIENTED_EDGE('',*,*,#6298,.F.);
#10886=ORIENTED_EDGE('',*,*,#10885,.T.);
#10888=ORIENTED_EDGE('',*,*,#10887,.F.);
#10889=ORIENTED_EDGE('',*,*,#10864,.T.);
#10890=EDGE_LOOP('',(#10884,#10886,#10888,#10889));
#10891=FACE_OUTER_BOUND('',#10890,.F.);
#10893=FILL_AREA_STYLE_COLOUR('',#319);
#10894=FILL_AREA_STYLE('',(#10893));
#10895=SURFACE_STYLE_FILL_AREA(#10894);
#10896=SURFACE_SIDE_STYLE('',(#10895));
#10897=SURFACE_STYLE_USAGE(.NEGATIVE.,#10896);
#10898=PRESENTATION_STYLE_ASSIGNMENT((#10897));
#10899=OVER_RIDING_STYLED_ITEM('',(#10898),#10892,#327);
#10900=CARTESIAN_POINT('',(-9.7E0,2.E0,1.090791127773E1));
#10901=DIRECTION('',(0.E0,0.E0,-1.E0));
#10902=DIRECTION('',(-1.E0,0.E0,0.E0));
#10903=AXIS2_PLACEMENT_3D('',#10900,#10901,#10902);
#10904=CYLINDRICAL_SURFACE('',#10903,1.5E0);
#10905=ORIENTED_EDGE('',*,*,#6296,.F.);
#10907=ORIENTED_EDGE('',*,*,#10906,.F.);
#10909=ORIENTED_EDGE('',*,*,#10908,.F.);
#10910=ORIENTED_EDGE('',*,*,#10885,.F.);
#10911=EDGE_LOOP('',(#10905,#10907,#10909,#10910));
#10912=FACE_OUTER_BOUND('',#10911,.F.);
#10914=FILL_AREA_STYLE_COLOUR('',#319);
#10915=FILL_AREA_STYLE('',(#10914));
#10916=SURFACE_STYLE_FILL_AREA(#10915);
#10917=SURFACE_SIDE_STYLE('',(#10916));
#10918=SURFACE_STYLE_USAGE(.NEGATIVE.,#10917);
#10919=PRESENTATION_STYLE_ASSIGNMENT((#10918));
#10920=OVER_RIDING_STYLED_ITEM('',(#10919),#10913,#327);
#10921=CARTESIAN_POINT('',(-1.12E1,1.206E1,1.090791127773E1));
#10922=DIRECTION('',(1.E0,0.E0,0.E0));
#10923=DIRECTION('',(0.E0,0.E0,-1.E0));
#10924=AXIS2_PLACEMENT_3D('',#10921,#10922,#10923);
#10925=PLANE('',#10924);
#10926=ORIENTED_EDGE('',*,*,#6294,.F.);
#10928=ORIENTED_EDGE('',*,*,#10927,.F.);
#10930=ORIENTED_EDGE('',*,*,#10929,.F.);
#10931=ORIENTED_EDGE('',*,*,#10906,.T.);
#10932=EDGE_LOOP('',(#10926,#10928,#10930,#10931));
#10933=FACE_OUTER_BOUND('',#10932,.F.);
#10935=CARTESIAN_POINT('',(6.E0,1.206E1,1.090791127773E1));
#10936=DIRECTION('',(0.E0,0.E0,-1.E0));
#10937=DIRECTION('',(-1.E0,0.E0,0.E0));
#10938=AXIS2_PLACEMENT_3D('',#10935,#10936,#10937);
#10939=CYLINDRICAL_SURFACE('',#10938,1.72E1);
#10940=ORIENTED_EDGE('',*,*,#6292,.F.);
#10942=ORIENTED_EDGE('',*,*,#10941,.T.);
#10944=ORIENTED_EDGE('',*,*,#10943,.F.);
#10945=ORIENTED_EDGE('',*,*,#10927,.T.);
#10946=EDGE_LOOP('',(#10940,#10942,#10944,#10945));
#10947=FACE_OUTER_BOUND('',#10946,.F.);
#10949=CARTESIAN_POINT('',(-1.047454691134E1,1.700260094142E1,
1.090791127773E1));
#10950=DIRECTION('',(9.578224948453E-1,-2.873605198497E-1,0.E0));
#10951=DIRECTION('',(2.873605198497E-1,9.578224948453E-1,0.E0));
#10952=AXIS2_PLACEMENT_3D('',#10949,#10950,#10951);
#10953=PLANE('',#10952);
#10954=ORIENTED_EDGE('',*,*,#6290,.F.);
#10956=ORIENTED_EDGE('',*,*,#10955,.F.);
#10958=ORIENTED_EDGE('',*,*,#10957,.T.);
#10959=ORIENTED_EDGE('',*,*,#10941,.F.);
#10960=EDGE_LOOP('',(#10954,#10956,#10958,#10959));
#10961=FACE_OUTER_BOUND('',#10960,.F.);
#10963=CARTESIAN_POINT('',(-3.220994827942E0,3.77E1,1.365018379134E1));
#10964=DIRECTION('',(0.E0,0.E0,-1.E0));
#10965=DIRECTION('',(-9.578224948453E-1,2.873605198497E-1,0.E0));
#10966=AXIS2_PLACEMENT_3D('',#10963,#10964,#10965);
#10967=CYLINDRICAL_SURFACE('',#10966,1.E0);
#10968=ORIENTED_EDGE('',*,*,#6288,.F.);
#10970=ORIENTED_EDGE('',*,*,#10969,.F.);
#10972=ORIENTED_EDGE('',*,*,#10971,.F.);
#10973=ORIENTED_EDGE('',*,*,#10955,.T.);
#10974=EDGE_LOOP('',(#10968,#10970,#10972,#10973));
#10975=FACE_OUTER_BOUND('',#10974,.F.);
#10977=FILL_AREA_STYLE_COLOUR('',#319);
#10978=FILL_AREA_STYLE('',(#10977));
#10979=SURFACE_STYLE_FILL_AREA(#10978);
#10980=SURFACE_SIDE_STYLE('',(#10979));
#10981=SURFACE_STYLE_USAGE(.NEGATIVE.,#10980);
#10982=PRESENTATION_STYLE_ASSIGNMENT((#10981));
#10983=OVER_RIDING_STYLED_ITEM('',(#10982),#10976,#327);
#10984=CARTESIAN_POINT('',(-3.954187260647E0,3.87E1,1.090791127773E1));
#10985=DIRECTION('',(0.E0,-1.E0,0.E0));
#10986=DIRECTION('',(0.E0,0.E0,-1.E0));
#10987=AXIS2_PLACEMENT_3D('',#10984,#10985,#10986);
#10988=PLANE('',#10987);
#10989=ORIENTED_EDGE('',*,*,#6286,.F.);
#10990=ORIENTED_EDGE('',*,*,#10783,.F.);
#10992=ORIENTED_EDGE('',*,*,#10991,.F.);
#10993=ORIENTED_EDGE('',*,*,#10969,.T.);
#10994=EDGE_LOOP('',(#10989,#10990,#10992,#10993));
#10995=FACE_OUTER_BOUND('',#10994,.F.);
#10997=FILL_AREA_STYLE_COLOUR('',#319);
#10998=FILL_AREA_STYLE('',(#10997));
#10999=SURFACE_STYLE_FILL_AREA(#10998);
#11000=SURFACE_SIDE_STYLE('',(#10999));
#11001=SURFACE_STYLE_USAGE(.NEGATIVE.,#11000);
#11002=PRESENTATION_STYLE_ASSIGNMENT((#11001));
#11003=OVER_RIDING_STYLED_ITEM('',(#11002),#10996,#327);
#11004=CARTESIAN_POINT('',(-1.720922938857E0,3.868593085020E1,
1.043337181159E1));
#11005=CARTESIAN_POINT('',(-1.720922938857E0,3.870741344832E1,
1.048917392364E1));
#11006=CARTESIAN_POINT('',(-1.720922938857E0,3.870564699093E1,
1.061183732378E1));
#11007=CARTESIAN_POINT('',(-1.720922938857E0,3.851074957200E1,
1.078975249850E1));
#11008=CARTESIAN_POINT('',(-1.720922938857E0,3.817792418741E1,
1.089917408821E1));
#11009=CARTESIAN_POINT('',(-1.720922938857E0,3.793725433756E1,
1.091133792714E1));
#11010=CARTESIAN_POINT('',(-1.720922938857E0,3.782721990521E1,
1.090624607675E1));
#11012=DIRECTION('',(1.E0,0.E0,0.E0));
#11013=VECTOR('',#11012,1.E0);
#11014=SURFACE_OF_LINEAR_EXTRUSION('',#11011,#11013);
#11016=ORIENTED_EDGE('',*,*,#11015,.T.);
#11017=ORIENTED_EDGE('',*,*,#10991,.T.);
#11019=ORIENTED_EDGE('',*,*,#11018,.T.);
#11021=ORIENTED_EDGE('',*,*,#11020,.F.);
#11022=EDGE_LOOP('',(#11016,#11017,#11019,#11021));
#11023=FACE_OUTER_BOUND('',#11022,.F.);
#11025=FILL_AREA_STYLE_COLOUR('',#319);
#11026=FILL_AREA_STYLE('',(#11025));
#11027=SURFACE_STYLE_FILL_AREA(#11026);
#11028=SURFACE_SIDE_STYLE('',(#11027));
#11029=SURFACE_STYLE_USAGE(.NEGATIVE.,#11028);
#11030=PRESENTATION_STYLE_ASSIGNMENT((#11029));
#11031=OVER_RIDING_STYLED_ITEM('',(#11030),#11024,#327);
#11032=CARTESIAN_POINT('',(-3.369320442836E0,3.789935691064E1,
1.090789799600E1));
#11033=CARTESIAN_POINT('',(-3.369320442836E0,3.789935691064E1,
1.090789799600E1));
#11034=CARTESIAN_POINT('',(-3.369320442836E0,3.789935691064E1,
1.090789799600E1));
#11035=CARTESIAN_POINT('',(-3.369320442836E0,3.789935691064E1,
1.090789799600E1));
#11036=CARTESIAN_POINT('',(-3.369320442836E0,3.789935691064E1,
1.090789799600E1));
#11037=CARTESIAN_POINT('',(-3.374459389858E0,3.791975467240E1,
1.090789766950E1));
#11038=CARTESIAN_POINT('',(-3.377841453515E0,3.792098342768E1,
1.090789766273E1));
#11039=CARTESIAN_POINT('',(-3.384726996271E0,3.792004422816E1,
1.090789783163E1));
#11040=CARTESIAN_POINT('',(-3.387616245260E0,3.791373378260E1,
1.090789801941E1));
#11041=CARTESIAN_POINT('',(-3.387413230870E0,3.791014432786E1,
1.090789800107E1));
#11042=CARTESIAN_POINT('',(-3.388240967369E0,3.797320699417E1,
1.090716733239E1));
#11043=CARTESIAN_POINT('',(-3.399638085582E0,3.797593562675E1,
1.090707313706E1));
#11044=CARTESIAN_POINT('',(-3.422797270392E0,3.797120323730E1,
1.090697942096E1));
#11045=CARTESIAN_POINT('',(-3.433968518731E0,3.795035840325E1,
1.090707452746E1));
#11046=CARTESIAN_POINT('',(-3.434613091965E0,3.793863236540E1,
1.090716906367E1));
#11047=CARTESIAN_POINT('',(-3.414421681103E0,3.807818116809E1,
1.089907085706E1));
#11048=CARTESIAN_POINT('',(-3.440634631476E0,3.808108425149E1,
1.089885553915E1));
#11049=CARTESIAN_POINT('',(-3.493773018572E0,3.806654493380E1,
1.089863977023E1));
#11050=CARTESIAN_POINT('',(-3.522955683779E0,3.801980774514E1,
1.089885511137E1));
#11051=CARTESIAN_POINT('',(-3.527688513758E0,3.799382493549E1,
1.089907072271E1));
#11052=CARTESIAN_POINT('',(-3.432541924273E0,3.817368654077E1,
1.088473879423E1));
#11053=CARTESIAN_POINT('',(-3.473772921189E0,3.817660414555E1,
1.088453545758E1));
#11054=CARTESIAN_POINT('',(-3.557303240325E0,3.815192480217E1,
1.088433472175E1));
#11055=CARTESIAN_POINT('',(-3.604902762987E0,3.807895262910E1,
1.088454336075E1));
#11056=CARTESIAN_POINT('',(-3.613919035131E0,3.803854336807E1,
1.088474912638E1));
#11057=CARTESIAN_POINT('',(-3.446096064317E0,3.827567361621E1,
1.086234331321E1));
#11058=CARTESIAN_POINT('',(-3.505605104025E0,3.827991115360E1,
1.086197502726E1));
#11059=CARTESIAN_POINT('',(-3.626135681459E0,3.824436100530E1,
1.086160551788E1));
#11060=CARTESIAN_POINT('',(-3.694794008685E0,3.813909169799E1,
1.086197304703E1));
#11061=CARTESIAN_POINT('',(-3.707798473408E0,3.808078314777E1,
1.086234140781E1));
#11062=CARTESIAN_POINT('',(-3.455761145772E0,3.836842182936E1,
1.083416705552E1));
#11063=CARTESIAN_POINT('',(-3.534129212361E0,3.837686147199E1,
1.083249668894E1));
#11064=CARTESIAN_POINT('',(-3.692519550725E0,3.833351749003E1,
1.083082142956E1));
#11065=CARTESIAN_POINT('',(-3.779481626969E0,3.819416807865E1,
1.083249722216E1));
#11066=CARTESIAN_POINT('',(-3.793849143188E0,3.811653753491E1,
1.083417737851E1));
#11067=CARTESIAN_POINT('',(-3.440609951257E0,3.848384176613E1,
1.078471134114E1));
#11068=CARTESIAN_POINT('',(-3.548009808830E0,3.849250500260E1,
1.078253330533E1));
#11069=CARTESIAN_POINT('',(-3.764550283267E0,3.843033415049E1,
1.078035623268E1));
#11070=CARTESIAN_POINT('',(-3.886279272255E0,3.824073386445E1,
1.078253539806E1));
#11071=CARTESIAN_POINT('',(-3.908776557184E0,3.813521073599E1,
1.078471286570E1));
#11072=CARTESIAN_POINT('',(-3.392105449623E0,3.856843174981E1,
1.073006531896E1));
#11073=CARTESIAN_POINT('',(-3.530754208570E0,3.857633822919E1,
1.072865670065E1));
#11074=CARTESIAN_POINT('',(-3.810623084083E0,3.849209435794E1,
1.072723868547E1));
#11075=CARTESIAN_POINT('',(-3.971623768796E0,3.824807749692E1,
1.072865309945E1));
#11076=CARTESIAN_POINT('',(-4.003795566849E0,3.811276102666E1,
1.073007603281E1));
#11077=CARTESIAN_POINT('',(-3.334395685845E0,3.863084593204E1,
1.067369346211E1));
#11078=CARTESIAN_POINT('',(-3.502730736951E0,3.863895098519E1,
1.067278182207E1));
#11079=CARTESIAN_POINT('',(-3.842567278359E0,3.853497101533E1,
1.067186161311E1));
#11080=CARTESIAN_POINT('',(-4.039691015601E0,3.823917387052E1,
1.067278645147E1));
#11081=CARTESIAN_POINT('',(-4.080185254659E0,3.807531991436E1,
1.067371880992E1));
#11082=CARTESIAN_POINT('',(-3.258622495096E0,3.867124338098E1,
1.061820261665E1));
#11083=CARTESIAN_POINT('',(-3.455696674291E0,3.867935101786E1,
1.061941556155E1));
#11084=CARTESIAN_POINT('',(-3.856470457735E0,3.855348929029E1,
1.062061738463E1));
#11085=CARTESIAN_POINT('',(-4.091972737927E0,3.820544433978E1,
1.061943032163E1));
#11086=CARTESIAN_POINT('',(-4.140712411714E0,3.801398548747E1,
1.061825321359E1));
#11087=CARTESIAN_POINT('',(-3.186226552220E0,3.869678890702E1,
1.055463603348E1));
#11088=CARTESIAN_POINT('',(-3.408656433410E0,3.870692740041E1,
1.055584418512E1));
#11089=CARTESIAN_POINT('',(-3.863930120231E0,3.856372190738E1,
1.055702332022E1));
#11090=CARTESIAN_POINT('',(-4.131963393369E0,3.816890702972E1,
1.055568083943E1));
#11091=CARTESIAN_POINT('',(-4.186055819739E0,3.795268763739E1,
1.055436589103E1));
#11092=CARTESIAN_POINT('',(-3.163611955875E0,3.870328198850E1,
1.049988292719E1));
#11093=CARTESIAN_POINT('',(-3.395328626694E0,3.871392459930E1,
1.049850142778E1));
#11094=CARTESIAN_POINT('',(-3.866520262054E0,3.856746572212E1,
1.049688890300E1));
#11095=CARTESIAN_POINT('',(-4.142119962345E0,3.815821496964E1,
1.049760388006E1));
#11096=CARTESIAN_POINT('',(-4.198294690683E0,3.793284320799E1,
1.049854812655E1));
#11097=CARTESIAN_POINT('',(-3.199664124510E0,3.869222152415E1,
1.045343706784E1));
#11098=CARTESIAN_POINT('',(-3.424675477308E0,3.870145941587E1,
1.045569305717E1));
#11099=CARTESIAN_POINT('',(-3.868722082439E0,3.856912187662E1,
1.045866718886E1));
#11100=CARTESIAN_POINT('',(-4.122765081608E0,3.818120433833E1,
1.045856290586E1));
#11101=CARTESIAN_POINT('',(-4.178570178381E0,3.796260507462E1,
1.045773996401E1));
#11102=B_SPLINE_SURFACE_WITH_KNOTS('',3,3,((#11032,#11033,#11034,#11035,#11036),
(#11037,#11038,#11039,#11040,#11041),(#11042,#11043,#11044,#11045,#11046),(
#11047,#11048,#11049,#11050,#11051),(#11052,#11053,#11054,#11055,#11056),
(#11057,#11058,#11059,#11060,#11061),(#11062,#11063,#11064,#11065,#11066),(
#11067,#11068,#11069,#11070,#11071),(#11072,#11073,#11074,#11075,#11076),
(#11077,#11078,#11079,#11080,#11081),(#11082,#11083,#11084,#11085,#11086),(
#11087,#11088,#11089,#11090,#11091),(#11092,#11093,#11094,#11095,#11096),
(#11097,#11098,#11099,#11100,#11101)),.UNSPECIFIED.,.F.,.F.,.F.,(4,1,1,1,1,1,1,
1,1,1,1,4),(4,1,4),(0.E0,6.25E-2,1.25E-1,1.875E-1,2.5E-1,3.75E-1,5.E-1,6.25E-1,
7.5E-1,8.75E-1,9.375E-1,1.048143845345E0),(-3.365163236115E-2,5.E-1,
1.034394585446E0),.UNSPECIFIED.);
#11103=ORIENTED_EDGE('',*,*,#10971,.T.);
#11104=ORIENTED_EDGE('',*,*,#11015,.F.);
#11106=ORIENTED_EDGE('',*,*,#11105,.F.);
#11107=EDGE_LOOP('',(#11103,#11104,#11106));
#11108=FACE_OUTER_BOUND('',#11107,.F.);
#11110=FILL_AREA_STYLE_COLOUR('',#319);
#11111=FILL_AREA_STYLE('',(#11110));
#11112=SURFACE_STYLE_FILL_AREA(#11111);
#11113=SURFACE_SIDE_STYLE('',(#11112));
#11114=SURFACE_STYLE_USAGE(.NEGATIVE.,#11113);
#11115=PRESENTATION_STYLE_ASSIGNMENT((#11114));
#11116=OVER_RIDING_STYLED_ITEM('',(#11115),#11109,#327);
#11117=CARTESIAN_POINT('',(-1.046107428588E1,1.699855896008E1,
1.043338028068E1));
#11118=CARTESIAN_POINT('',(-1.048164758663E1,1.700473124609E1,
1.048918060599E1));
#11119=CARTESIAN_POINT('',(-1.047995224730E1,1.700422261992E1,
1.061184063948E1));
#11120=CARTESIAN_POINT('',(-1.029327859424E1,1.694821784004E1,
1.078975249850E1));
#11121=CARTESIAN_POINT('',(-9.974571093756E0,1.685260100757E1,
1.089914658081E1));
#11122=CARTESIAN_POINT('',(-9.744143652082E0,1.678346946203E1,
1.091132885866E1));
#11123=CARTESIAN_POINT('',(-9.638805585699E0,1.675186652760E1,
1.090625702902E1));
#11125=DIRECTION('',(2.873605198497E-1,9.578224948453E-1,0.E0));
#11126=VECTOR('',#11125,1.E0);
#11127=SURFACE_OF_LINEAR_EXTRUSION('',#11124,#11126);
#11128=ORIENTED_EDGE('',*,*,#11105,.T.);
#11130=ORIENTED_EDGE('',*,*,#11129,.F.);
#11132=ORIENTED_EDGE('',*,*,#11131,.T.);
#11133=ORIENTED_EDGE('',*,*,#10957,.F.);
#11134=EDGE_LOOP('',(#11128,#11130,#11132,#11133));
#11135=FACE_OUTER_BOUND('',#11134,.F.);
#11137=CARTESIAN_POINT('',(-6.E0,1.206E1,1.090791127773E1));
#11138=DIRECTION('',(0.E0,0.E0,1.E0));
#11139=DIRECTION('',(1.E0,0.E0,0.E0));
#11140=AXIS2_PLACEMENT_3D('',#11137,#11138,#11139);
#11141=PLANE('',#11140);
#11142=ORIENTED_EDGE('',*,*,#11129,.T.);
#11143=ORIENTED_EDGE('',*,*,#11020,.T.);
#11145=ORIENTED_EDGE('',*,*,#11144,.T.);
#11147=ORIENTED_EDGE('',*,*,#11146,.T.);
#11149=ORIENTED_EDGE('',*,*,#11148,.F.);
#11151=ORIENTED_EDGE('',*,*,#11150,.T.);
#11153=ORIENTED_EDGE('',*,*,#11152,.F.);
#11155=ORIENTED_EDGE('',*,*,#11154,.T.);
#11157=ORIENTED_EDGE('',*,*,#11156,.F.);
#11159=ORIENTED_EDGE('',*,*,#11158,.T.);
#11160=EDGE_LOOP('',(#11142,#11143,#11145,#11147,#11149,#11151,#11153,#11155,
#11157,#11159));
#11161=FACE_OUTER_BOUND('',#11160,.F.);
#11163=CARTESIAN_POINT('',(2.665274144068E0,4.298331893927E1,1.043338390390E1));
#11164=CARTESIAN_POINT('',(2.685846069470E0,4.298949081267E1,1.048918346477E1));
#11165=CARTESIAN_POINT('',(2.684149281302E0,4.298898175182E1,1.061184205797E1));
#11166=CARTESIAN_POINT('',(2.497477116605E0,4.293297741848E1,1.078975249850E1));
#11167=CARTESIAN_POINT('',(2.178769587995E0,4.283736057758E1,1.089914659046E1));
#11168=CARTESIAN_POINT('',(1.948342114194E0,4.276822902239E1,1.091132886184E1));
#11169=CARTESIAN_POINT('',(1.843004028362E0,4.273662608211E1,1.090625702519E1));
#11171=DIRECTION('',(2.873605198497E-1,-9.578224948453E-1,0.E0));
#11172=VECTOR('',#11171,1.E0);
#11173=SURFACE_OF_LINEAR_EXTRUSION('',#11170,#11172);
#11175=ORIENTED_EDGE('',*,*,#11174,.T.);
#11176=ORIENTED_EDGE('',*,*,#10803,.T.);
#11178=ORIENTED_EDGE('',*,*,#11177,.T.);
#11179=ORIENTED_EDGE('',*,*,#11144,.F.);
#11180=EDGE_LOOP('',(#11175,#11176,#11178,#11179));
#11181=FACE_OUTER_BOUND('',#11180,.F.);
#11183=FILL_AREA_STYLE_COLOUR('',#319);
#11184=FILL_AREA_STYLE('',(#11183));
#11185=SURFACE_STYLE_FILL_AREA(#11184);
#11186=SURFACE_SIDE_STYLE('',(#11185));
#11187=SURFACE_STYLE_USAGE(.NEGATIVE.,#11186);
#11188=PRESENTATION_STYLE_ASSIGNMENT((#11187));
#11189=OVER_RIDING_STYLED_ITEM('',(#11188),#11182,#327);
#11190=CARTESIAN_POINT('',(3.369320436549E0,3.789935691718E1,1.090789799600E1));
#11191=CARTESIAN_POINT('',(3.369320436549E0,3.789935691718E1,1.090789799600E1));
#11192=CARTESIAN_POINT('',(3.369320436549E0,3.789935691718E1,1.090789799600E1));
#11193=CARTESIAN_POINT('',(3.369320436549E0,3.789935691718E1,1.090789799600E1));
#11194=CARTESIAN_POINT('',(3.369320436549E0,3.789935691718E1,1.090789799600E1));
#11195=CARTESIAN_POINT('',(3.387369739509E0,3.791013375997E1,1.090789766910E1));
#11196=CARTESIAN_POINT('',(3.387576133246E0,3.791372525099E1,1.090789766229E1));
#11197=CARTESIAN_POINT('',(3.384700603237E0,3.792004844124E1,1.090789783158E1));
#11198=CARTESIAN_POINT('',(3.377828769675E0,3.792100043382E1,1.090789801977E1));
#11199=CARTESIAN_POINT('',(3.374450401726E0,3.791977351423E1,1.090789800142E1));
#11200=CARTESIAN_POINT('',(3.434591278089E0,3.793868422423E1,1.090716837375E1));
#11201=CARTESIAN_POINT('',(3.433932918328E0,3.795038234620E1,1.090707413817E1));
#11202=CARTESIAN_POINT('',(3.422751491868E0,3.797120002582E1,1.090698038368E1));
#11203=CARTESIAN_POINT('',(3.399582118006E0,3.797590538339E1,1.090707553218E1));
#11204=CARTESIAN_POINT('',(3.388168658122E0,3.797315083156E1,1.090717010855E1));
#11205=CARTESIAN_POINT('',(3.527610880001E0,3.799392569291E1,1.089907511934E1));
#11206=CARTESIAN_POINT('',(3.522862782675E0,3.801986431472E1,1.089885947169E1));
#11207=CARTESIAN_POINT('',(3.493674653428E0,3.806657745327E1,1.089864337180E1));
#11208=CARTESIAN_POINT('',(3.440530754135E0,3.808109306243E1,1.089885904268E1));
#11209=CARTESIAN_POINT('',(3.414287777980E0,3.807815703975E1,1.089907498506E1));
#11210=CARTESIAN_POINT('',(3.613904007868E0,3.803874023154E1,1.088474087091E1));
#11211=CARTESIAN_POINT('',(3.604851513991E0,3.807906961065E1,1.088453733284E1));
#11212=CARTESIAN_POINT('',(3.557212247803E0,3.815198288508E1,1.088433639938E1));
#11213=CARTESIAN_POINT('',(3.473642331204E0,3.817660367159E1,1.088454524676E1));
#11214=CARTESIAN_POINT('',(3.432347834338E0,3.817362687422E1,1.088475121705E1));
#11215=CARTESIAN_POINT('',(3.707710455264E0,3.808103715891E1,1.086234164429E1));
#11216=CARTESIAN_POINT('',(3.694667623837E0,3.813925461135E1,1.086197351261E1));
#11217=CARTESIAN_POINT('',(3.625979162787E0,3.824448704726E1,1.086160415357E1));
#11218=CARTESIAN_POINT('',(3.505418394466E0,3.828000085790E1,1.086197152909E1));
#11219=CARTESIAN_POINT('',(3.445831305729E0,3.827570215672E1,1.086233974030E1));
#11220=CARTESIAN_POINT('',(3.793789058720E0,3.811695165145E1,1.083415641228E1));
#11221=CARTESIAN_POINT('',(3.779348575062E0,3.819444281467E1,1.083248710931E1));
#11222=CARTESIAN_POINT('',(3.692308697051E0,3.833370385655E1,1.083081291336E1));
#11223=CARTESIAN_POINT('',(3.533838360284E0,3.837696118573E1,1.083248765107E1));
#11224=CARTESIAN_POINT('',(3.455349148831E0,3.836841797665E1,1.083416675284E1));
#11225=CARTESIAN_POINT('',(3.908666729294E0,3.813559603225E1,1.078471084419E1));
#11226=CARTESIAN_POINT('',(3.886101854728E0,3.824095545432E1,1.078253297961E1));
#11227=CARTESIAN_POINT('',(3.764327748057E0,3.843049715939E1,1.078035606767E1));
#11228=CARTESIAN_POINT('',(3.547744306248E0,3.849260860237E1,1.078253506915E1));
#11229=CARTESIAN_POINT('',(3.440207138314E0,3.848383415388E1,1.078471238365E1));
#11230=CARTESIAN_POINT('',(4.003630780633E0,3.811344744402E1,1.073006352701E1));
#11231=CARTESIAN_POINT('',(3.971360955615E0,3.824852058198E1,1.072865515784E1));
#11232=CARTESIAN_POINT('',(3.810245921186E0,3.849237727749E1,1.072723736679E1));
#11233=CARTESIAN_POINT('',(3.530255184300E0,3.857646749507E1,1.072865153071E1));
#11234=CARTESIAN_POINT('',(3.391400865218E0,3.856839842452E1,1.073007423930E1));
#11235=CARTESIAN_POINT('',(4.079993820981E0,3.807610647219E1,1.067369233243E1));
#11236=CARTESIAN_POINT('',(4.039383828251E0,3.823967056819E1,1.067278090550E1));
#11237=CARTESIAN_POINT('',(3.842133393924E0,3.853529359431E1,1.067186088445E1));
#11238=CARTESIAN_POINT('',(3.502166689303E0,3.863910314991E1,1.067278556378E1));
#11239=CARTESIAN_POINT('',(3.333587353267E0,3.863080476556E1,1.067371778881E1));
#11240=CARTESIAN_POINT('',(4.140461298177E0,3.801513797043E1,1.061820194100E1));
#11241=CARTESIAN_POINT('',(4.091595399727E0,3.820622969330E1,1.061941495093E1));
#11242=CARTESIAN_POINT('',(3.855875566469E0,3.855393164254E1,1.062061679452E1));
#11243=CARTESIAN_POINT('',(3.454836795734E0,3.867948700622E1,1.061942963047E1));
#11244=CARTESIAN_POINT('',(3.257447697170E0,3.867115371988E1,1.061825246623E1));
#11245=CARTESIAN_POINT('',(4.185732113373E0,3.795313825862E1,1.055463556418E1));
#11246=CARTESIAN_POINT('',(4.131525295576E0,3.816909938597E1,1.055584373082E1));
#11247=CARTESIAN_POINT('',(3.863532699229E0,3.856401738221E1,1.055702286404E1));
#11248=CARTESIAN_POINT('',(3.408349351935E0,3.870729110714E1,1.055568045929E1));
#11249=CARTESIAN_POINT('',(3.185706208859E0,3.869696968931E1,1.055436560439E1));
#11250=CARTESIAN_POINT('',(4.198451004566E0,3.793333990387E1,1.049988302727E1));
#11251=CARTESIAN_POINT('',(4.142058200744E0,3.815834151981E1,1.049850149270E1));
#11252=CARTESIAN_POINT('',(3.866374960532E0,3.856757291135E1,1.049688896012E1));
#11253=CARTESIAN_POINT('',(3.395190088872E0,3.871394681501E1,1.049760386675E1));
#11254=CARTESIAN_POINT('',(3.163182108185E0,3.870298982157E1,1.049854801588E1));
#11255=CARTESIAN_POINT('',(4.177494494010E0,3.796469814783E1,1.045343695857E1));
#11256=CARTESIAN_POINT('',(4.121683335173E0,3.818287271454E1,1.045569300216E1));
#11257=CARTESIAN_POINT('',(3.867327197925E0,3.857015937879E1,1.045866710616E1));
#11258=CARTESIAN_POINT('',(3.422771479128E0,3.870201450223E1,1.045856287203E1));
#11259=CARTESIAN_POINT('',(3.197357071825E0,3.869264962476E1,1.045774006076E1));
#11260=B_SPLINE_SURFACE_WITH_KNOTS('',3,3,((#11190,#11191,#11192,#11193,#11194),
(#11195,#11196,#11197,#11198,#11199),(#11200,#11201,#11202,#11203,#11204),(
#11205,#11206,#11207,#11208,#11209),(#11210,#11211,#11212,#11213,#11214),
(#11215,#11216,#11217,#11218,#11219),(#11220,#11221,#11222,#11223,#11224),(
#11225,#11226,#11227,#11228,#11229),(#11230,#11231,#11232,#11233,#11234),
(#11235,#11236,#11237,#11238,#11239),(#11240,#11241,#11242,#11243,#11244),(
#11245,#11246,#11247,#11248,#11249),(#11250,#11251,#11252,#11253,#11254),
(#11255,#11256,#11257,#11258,#11259)),.UNSPECIFIED.,.F.,.F.,.F.,(4,1,1,1,1,1,1,
1,1,1,1,4),(4,1,4),(0.E0,6.25E-2,1.25E-1,1.875E-1,2.5E-1,3.75E-1,5.E-1,6.25E-1,
7.5E-1,8.75E-1,9.375E-1,1.048144062025E0),(-3.365066864049E-2,5.E-1,
1.034392889083E0),.UNSPECIFIED.);
#11261=ORIENTED_EDGE('',*,*,#10781,.T.);
#11262=ORIENTED_EDGE('',*,*,#11174,.F.);
#11263=ORIENTED_EDGE('',*,*,#11018,.F.);
#11264=EDGE_LOOP('',(#11261,#11262,#11263));
#11265=FACE_OUTER_BOUND('',#11264,.F.);
#11267=FILL_AREA_STYLE_COLOUR('',#319);
#11268=FILL_AREA_STYLE('',(#11267));
#11269=SURFACE_STYLE_FILL_AREA(#11268);
#11270=SURFACE_SIDE_STYLE('',(#11269));
#11271=SURFACE_STYLE_USAGE(.NEGATIVE.,#11270);
#11272=PRESENTATION_STYLE_ASSIGNMENT((#11271));
#11273=OVER_RIDING_STYLED_ITEM('',(#11272),#11266,#327);
#11274=CARTESIAN_POINT('',(1.031796223827E1,1.201243832191E1,1.090580612747E1));
#11275=CARTESIAN_POINT('',(1.032270685047E1,1.362987803064E1,1.090580612747E1));
#11276=CARTESIAN_POINT('',(1.008537663587E1,1.524683768883E1,1.090580612747E1));
#11277=CARTESIAN_POINT('',(9.616043760487E0,1.679469439275E1,1.090580612747E1));
#11278=CARTESIAN_POINT('',(1.090791173415E1,1.201071880647E1,1.093618927474E1));
#11279=CARTESIAN_POINT('',(1.091282788015E1,1.368663442824E1,1.093618927474E1));
#11280=CARTESIAN_POINT('',(1.066691737602E1,1.536205264403E1,1.093618927474E1));
#11281=CARTESIAN_POINT('',(1.018061653066E1,1.696586960013E1,1.093618927474E1));
#11282=CARTESIAN_POINT('',(1.129652803243E1,1.200958611337E1,1.071617939107E1));
#11283=CARTESIAN_POINT('',(1.130155717253E1,1.372402146100E1,1.071617939107E1));
#11284=CARTESIAN_POINT('',(1.104999459075E1,1.543794797015E1,1.071617939107E1));
#11285=CARTESIAN_POINT('',(1.055251646713E1,1.707862751570E1,1.071617939107E1));
#11286=CARTESIAN_POINT('',(1.118505684236E1,1.200991101649E1,1.043114799443E1));
#11287=CARTESIAN_POINT('',(1.119005357110E1,1.371329731729E1,1.043114799443E1));
#11288=CARTESIAN_POINT('',(1.094011223841E1,1.541617805891E1,1.043114799443E1));
#11289=CARTESIAN_POINT('',(1.044584021940E1,1.704628389271E1,1.043114799443E1));
#11290=(BOUNDED_SURFACE()B_SPLINE_SURFACE(3,3,((#11274,#11275,#11276,#11277),(
#11278,#11279,#11280,#11281),(#11282,#11283,#11284,#11285),(#11286,#11287,
#11288,#11289)),.UNSPECIFIED.,.F.,.F.,.F.)B_SPLINE_SURFACE_WITH_KNOTS((4,4),(4,
4),(-7.422044358363E-2,1.142697337526E0),(-2.914083119038E-3,2.943841089152E-1),
.UNSPECIFIED.)GEOMETRIC_REPRESENTATION_ITEM()RATIONAL_B_SPLINE_SURFACE(((
1.046704235908E0,1.046704235908E0,1.046704235908E0,1.046704235908E0),(
7.738140352586E-1,7.738140352586E-1,7.738140352586E-1,7.738140352586E-1),(
7.900853762883E-1,7.900853762883E-1,7.900853762883E-1,7.900853762883E-1),(
1.095518258998E0,1.095518258998E0,1.095518258998E0,1.095518258998E0)))REPRESENTATION_ITEM('')SURFACE());
#11291=ORIENTED_EDGE('',*,*,#11177,.F.);
#11292=ORIENTED_EDGE('',*,*,#10824,.T.);
#11294=ORIENTED_EDGE('',*,*,#11293,.T.);
#11295=ORIENTED_EDGE('',*,*,#11146,.F.);
#11296=EDGE_LOOP('',(#11291,#11292,#11294,#11295));
#11297=FACE_OUTER_BOUND('',#11296,.F.);
#11299=FILL_AREA_STYLE_COLOUR('',#319);
#11300=FILL_AREA_STYLE('',(#11299));
#11301=SURFACE_STYLE_FILL_AREA(#11300);
#11302=SURFACE_SIDE_STYLE('',(#11301));
#11303=SURFACE_STYLE_USAGE(.NEGATIVE.,#11302);
#11304=PRESENTATION_STYLE_ASSIGNMENT((#11303));
#11305=OVER_RIDING_STYLED_ITEM('',(#11304),#11298,#327);
#11306=CARTESIAN_POINT('',(1.118594119256E1,1.206E1,1.043339868170E1));
#11307=CARTESIAN_POINT('',(1.120741314203E1,1.206E1,1.048919512448E1));
#11308=CARTESIAN_POINT('',(1.120563546722E1,1.206E1,1.061184784339E1));
#11309=CARTESIAN_POINT('',(1.101074957200E1,1.206E1,1.078975249850E1));
#11310=CARTESIAN_POINT('',(1.067812741120E1,1.206E1,1.089910727518E1));
#11311=CARTESIAN_POINT('',(1.043768972340E1,1.206E1,1.091131587090E1));
#11312=CARTESIAN_POINT('',(1.032779583500E1,1.206E1,1.090627261762E1));
#11314=DIRECTION('',(0.E0,-1.E0,0.E0));
#11315=VECTOR('',#11314,1.E0);
#11316=SURFACE_OF_LINEAR_EXTRUSION('',#11313,#11315);
#11318=ORIENTED_EDGE('',*,*,#11317,.F.);
#11319=ORIENTED_EDGE('',*,*,#11148,.T.);
#11320=ORIENTED_EDGE('',*,*,#11293,.F.);
#11321=ORIENTED_EDGE('',*,*,#10845,.T.);
#11322=EDGE_LOOP('',(#11318,#11319,#11320,#11321));
#11323=FACE_OUTER_BOUND('',#11322,.F.);
#11325=FILL_AREA_STYLE_COLOUR('',#319);
#11326=FILL_AREA_STYLE('',(#11325));
#11327=SURFACE_STYLE_FILL_AREA(#11326);
#11328=SURFACE_SIDE_STYLE('',(#11327));
#11329=SURFACE_STYLE_USAGE(.NEGATIVE.,#11328);
#11330=PRESENTATION_STYLE_ASSIGNMENT((#11329));
#11331=OVER_RIDING_STYLED_ITEM('',(#11330),#11324,#327);
#11332=CARTESIAN_POINT('',(9.7E0,1.375065000548E0,1.090614024693E1));
#11333=CARTESIAN_POINT('',(9.7E0,1.265192110100E0,1.091138540961E1));
#11334=CARTESIAN_POINT('',(9.7E0,1.025040790282E0,1.089962440029E1));
#11335=CARTESIAN_POINT('',(9.7E0,6.921896556272E-1,1.079117712124E1));
#11336=CARTESIAN_POINT('',(9.7E0,4.969448026840E-1,1.061532521235E1));
#11337=CARTESIAN_POINT('',(9.7E0,4.924672457447E-1,1.049384099089E1));
#11338=CARTESIAN_POINT('',(9.7E0,5.121984242593E-1,1.043854929338E1));
#11340=CARTESIAN_POINT('',(9.7E0,2.E0,1.070791127773E1));
#11341=DIRECTION('',(0.E0,0.E0,-1.E0));
#11342=AXIS1_PLACEMENT('',#11340,#11341);
#11343=SURFACE_OF_REVOLUTION('',#11339,#11342);
#11345=ORIENTED_EDGE('',*,*,#11344,.F.);
#11346=ORIENTED_EDGE('',*,*,#11150,.F.);
#11347=ORIENTED_EDGE('',*,*,#11317,.T.);
#11348=ORIENTED_EDGE('',*,*,#10866,.T.);
#11349=EDGE_LOOP('',(#11345,#11346,#11347,#11348));
#11350=FACE_OUTER_BOUND('',#11349,.F.);
#11352=FILL_AREA_STYLE_COLOUR('',#319);
#11353=FILL_AREA_STYLE('',(#11352));
#11354=SURFACE_STYLE_FILL_AREA(#11353);
#11355=SURFACE_SIDE_STYLE('',(#11354));
#11356=SURFACE_STYLE_USAGE(.NEGATIVE.,#11355);
#11357=PRESENTATION_STYLE_ASSIGNMENT((#11356));
#11358=OVER_RIDING_STYLED_ITEM('',(#11357),#11351,#327);
#11359=CARTESIAN_POINT('',(9.7E0,5.140586572406E-1,1.043339907200E1));
#11360=CARTESIAN_POINT('',(9.7E0,4.925868624376E-1,1.048919543242E1));
#11361=CARTESIAN_POINT('',(9.7E0,4.943647001636E-1,1.061184799618E1));
#11362=CARTESIAN_POINT('',(9.7E0,6.892504280003E-1,1.078975249850E1));
#11363=CARTESIAN_POINT('',(9.7E0,1.021865832385E0,1.089910505391E1));
#11364=CARTESIAN_POINT('',(9.7E0,1.262295802147E0,1.091131513588E1));
#11365=CARTESIAN_POINT('',(9.7E0,1.372185012926E0,1.090627349643E1));
#11367=DIRECTION('',(-1.E0,0.E0,0.E0));
#11368=VECTOR('',#11367,1.E0);
#11369=SURFACE_OF_LINEAR_EXTRUSION('',#11366,#11368);
#11371=ORIENTED_EDGE('',*,*,#11370,.F.);
#11372=ORIENTED_EDGE('',*,*,#11152,.T.);
#11373=ORIENTED_EDGE('',*,*,#11344,.T.);
#11374=ORIENTED_EDGE('',*,*,#10887,.T.);
#11375=EDGE_LOOP('',(#11371,#11372,#11373,#11374));
#11376=FACE_OUTER_BOUND('',#11375,.F.);
#11378=FILL_AREA_STYLE_COLOUR('',#319);
#11379=FILL_AREA_STYLE('',(#11378));
#11380=SURFACE_STYLE_FILL_AREA(#11379);
#11381=SURFACE_SIDE_STYLE('',(#11380));
#11382=SURFACE_STYLE_USAGE(.NEGATIVE.,#11381);
#11383=PRESENTATION_STYLE_ASSIGNMENT((#11382));
#11384=OVER_RIDING_STYLED_ITEM('',(#11383),#11377,#327);
#11385=CARTESIAN_POINT('',(-1.032493499945E1,2.E0,1.090614024693E1));
#11386=CARTESIAN_POINT('',(-1.043480788990E1,2.E0,1.091138540961E1));
#11387=CARTESIAN_POINT('',(-1.067495920972E1,2.E0,1.089962440029E1));
#11388=CARTESIAN_POINT('',(-1.100781034437E1,2.E0,1.079117712124E1));
#11389=CARTESIAN_POINT('',(-1.120305519733E1,2.E0,1.061532521235E1));
#11390=CARTESIAN_POINT('',(-1.120753275426E1,2.E0,1.049384099089E1));
#11391=CARTESIAN_POINT('',(-1.118780157574E1,2.E0,1.043854929337E1));
#11393=CARTESIAN_POINT('',(-9.7E0,2.E0,1.070791127773E1));
#11394=DIRECTION('',(0.E0,0.E0,-1.E0));
#11395=AXIS1_PLACEMENT('',#11393,#11394);
#11396=SURFACE_OF_REVOLUTION('',#11392,#11395);
#11398=ORIENTED_EDGE('',*,*,#11397,.F.);
#11399=ORIENTED_EDGE('',*,*,#11154,.F.);
#11400=ORIENTED_EDGE('',*,*,#11370,.T.);
#11401=ORIENTED_EDGE('',*,*,#10908,.T.);
#11402=EDGE_LOOP('',(#11398,#11399,#11400,#11401));
#11403=FACE_OUTER_BOUND('',#11402,.F.);
#11405=FILL_AREA_STYLE_COLOUR('',#319);
#11406=FILL_AREA_STYLE('',(#11405));
#11407=SURFACE_STYLE_FILL_AREA(#11406);
#11408=SURFACE_SIDE_STYLE('',(#11407));
#11409=SURFACE_STYLE_USAGE(.NEGATIVE.,#11408);
#11410=PRESENTATION_STYLE_ASSIGNMENT((#11409));
#11411=OVER_RIDING_STYLED_ITEM('',(#11410),#11404,#327);
#11412=CARTESIAN_POINT('',(-1.118594119255E1,2.E0,1.043339868170E1));
#11413=CARTESIAN_POINT('',(-1.120741314203E1,2.E0,1.048919512447E1));
#11414=CARTESIAN_POINT('',(-1.120563546722E1,2.E0,1.061184784338E1));
#11415=CARTESIAN_POINT('',(-1.101074957200E1,2.E0,1.078975249850E1));
#11416=CARTESIAN_POINT('',(-1.067812741121E1,2.E0,1.089910727518E1));
#11417=CARTESIAN_POINT('',(-1.043768972340E1,2.E0,1.091131587090E1));
#11418=CARTESIAN_POINT('',(-1.032779583501E1,2.E0,1.090627261762E1));
#11420=DIRECTION('',(0.E0,1.E0,0.E0));
#11421=VECTOR('',#11420,1.E0);
#11422=SURFACE_OF_LINEAR_EXTRUSION('',#11419,#11421);
#11424=ORIENTED_EDGE('',*,*,#11423,.F.);
#11425=ORIENTED_EDGE('',*,*,#11156,.T.);
#11426=ORIENTED_EDGE('',*,*,#11397,.T.);
#11427=ORIENTED_EDGE('',*,*,#10929,.T.);
#11428=EDGE_LOOP('',(#11424,#11425,#11426,#11427));
#11429=FACE_OUTER_BOUND('',#11428,.F.);
#11431=CARTESIAN_POINT('',(-9.616043953301E0,1.679469375684E1,
1.090580612747E1));
#11432=CARTESIAN_POINT('',(-1.008537676515E1,1.524683703401E1,
1.090580612747E1));
#11433=CARTESIAN_POINT('',(-1.032270691483E1,1.362987736627E1,
1.090580612747E1));
#11434=CARTESIAN_POINT('',(-1.031796223631E1,1.201243765741E1,
1.090580612747E1));
#11435=CARTESIAN_POINT('',(-1.018061673044E1,1.696586894123E1,
1.093618927474E1));
#11436=CARTESIAN_POINT('',(-1.066691750995E1,1.536205196551E1,
1.093618927474E1));
#11437=CARTESIAN_POINT('',(-1.091282794683E1,1.368663373985E1,
1.093618927474E1));
#11438=CARTESIAN_POINT('',(-1.090791173214E1,1.201071811796E1,
1.093618927474E1));
#11439=CARTESIAN_POINT('',(-1.055251667151E1,1.707862684165E1,
1.071617939107E1));
#11440=CARTESIAN_POINT('',(-1.104999472778E1,1.543794727605E1,
1.071617939107E1));
#11441=CARTESIAN_POINT('',(-1.130155724074E1,1.372402075681E1,
1.071617939107E1));
#11442=CARTESIAN_POINT('',(-1.129652803037E1,1.200958540902E1,
1.071617939107E1));
#11443=CARTESIAN_POINT('',(-1.044584042247E1,1.704628322302E1,
1.043114799443E1));
#11444=CARTESIAN_POINT('',(-1.094011237455E1,1.541617736928E1,
1.043114799443E1));
#11445=CARTESIAN_POINT('',(-1.119005363887E1,1.371329661762E1,
1.043114799443E1));
#11446=CARTESIAN_POINT('',(-1.118505684030E1,1.200991031668E1,
1.043114799443E1));
#11447=(BOUNDED_SURFACE()B_SPLINE_SURFACE(3,3,((#11431,#11432,#11433,#11434),(
#11435,#11436,#11437,#11438),(#11439,#11440,#11441,#11442),(#11443,#11444,
#11445,#11446)),.UNSPECIFIED.,.F.,.F.,.F.)B_SPLINE_SURFACE_WITH_KNOTS((4,4),(4,
4),(-7.422044358515E-2,1.142697337525E0),(2.847208585388E0,3.144506777422E0),
.UNSPECIFIED.)GEOMETRIC_REPRESENTATION_ITEM()RATIONAL_B_SPLINE_SURFACE(((
1.046704235910E0,1.046704235910E0,1.046704235910E0,1.046704235910E0),(
7.738140352585E-1,7.738140352585E-1,7.738140352585E-1,7.738140352585E-1),(
7.900853762878E-1,7.900853762878E-1,7.900853762878E-1,7.900853762878E-1),(
1.095518258998E0,1.095518258998E0,1.095518258998E0,1.095518258998E0)))REPRESENTATION_ITEM('')SURFACE());
#11448=ORIENTED_EDGE('',*,*,#11131,.F.);
#11449=ORIENTED_EDGE('',*,*,#11158,.F.);
#11450=ORIENTED_EDGE('',*,*,#11423,.T.);
#11451=ORIENTED_EDGE('',*,*,#10943,.T.);
#11452=EDGE_LOOP('',(#11448,#11449,#11450,#11451));
#11453=FACE_OUTER_BOUND('',#11452,.F.);
#11455=CARTESIAN_POINT('',(-1.16E1,1.8E0,8.707911277729E0));
#11456=DIRECTION('',(-1.E0,0.E0,0.E0));
#11457=DIRECTION('',(0.E0,-1.E0,0.E0));
#11458=AXIS2_PLACEMENT_3D('',#11455,#11456,#11457);
#11459=PLANE('',#11458);
#11461=ORIENTED_EDGE('',*,*,#11460,.F.);
#11462=ORIENTED_EDGE('',*,*,#6310,.F.);
#11464=ORIENTED_EDGE('',*,*,#11463,.F.);
#11466=ORIENTED_EDGE('',*,*,#11465,.T.);
#11467=EDGE_LOOP('',(#11461,#11462,#11464,#11466));
#11468=FACE_OUTER_BOUND('',#11467,.F.);
#11470=CARTESIAN_POINT('',(0.E0,-1.2E0,-1.092088722271E0));
#11471=DIRECTION('',(0.E0,-1.E0,0.E0));
#11472=DIRECTION('',(1.E0,0.E0,0.E0));
#11473=AXIS2_PLACEMENT_3D('',#11470,#11471,#11472);
#11474=PLANE('',#11473);
#11475=ORIENTED_EDGE('',*,*,#6312,.T.);
#11476=ORIENTED_EDGE('',*,*,#11460,.T.);
#11478=ORIENTED_EDGE('',*,*,#11477,.T.);
#11480=ORIENTED_EDGE('',*,*,#11479,.F.);
#11481=EDGE_LOOP('',(#11475,#11476,#11478,#11480));
#11482=FACE_OUTER_BOUND('',#11481,.F.);
#11484=CARTESIAN_POINT('',(0.E0,-4.6E0,9.607911277729E0));
#11485=DIRECTION('',(0.E0,0.E0,1.E0));
#11486=DIRECTION('',(1.E0,0.E0,0.E0));
#11487=AXIS2_PLACEMENT_3D('',#11484,#11485,#11486);
#11488=PLANE('',#11487);
#11489=ORIENTED_EDGE('',*,*,#11465,.F.);
#11491=ORIENTED_EDGE('',*,*,#11490,.T.);
#11493=ORIENTED_EDGE('',*,*,#11492,.F.);
#11495=ORIENTED_EDGE('',*,*,#11494,.T.);
#11497=ORIENTED_EDGE('',*,*,#11496,.T.);
#11499=ORIENTED_EDGE('',*,*,#11498,.T.);
#11501=ORIENTED_EDGE('',*,*,#11500,.F.);
#11502=ORIENTED_EDGE('',*,*,#11477,.F.);
#11503=EDGE_LOOP('',(#11489,#11491,#11493,#11495,#11497,#11499,#11501,#11502));
#11504=FACE_OUTER_BOUND('',#11503,.F.);
#11506=CARTESIAN_POINT('',(-1.11E1,-5.9E0,-3.807660872227E1));
#11507=DIRECTION('',(0.E0,0.E0,1.E0));
#11508=DIRECTION('',(-1.E0,0.E0,0.E0));
#11509=AXIS2_PLACEMENT_3D('',#11506,#11507,#11508);
#11510=CYLINDRICAL_SURFACE('',#11509,5.E-1);
#11511=ORIENTED_EDGE('',*,*,#11463,.T.);
#11512=ORIENTED_EDGE('',*,*,#6324,.F.);
#11514=ORIENTED_EDGE('',*,*,#11513,.T.);
#11515=ORIENTED_EDGE('',*,*,#11490,.F.);
#11516=EDGE_LOOP('',(#11511,#11512,#11514,#11515));
#11517=FACE_OUTER_BOUND('',#11516,.F.);
#11519=CARTESIAN_POINT('',(-7.5E0,-6.4E0,8.707911277729E0));
#11520=DIRECTION('',(0.E0,-1.E0,0.E0));
#11521=DIRECTION('',(1.E0,0.E0,0.E0));
#11522=AXIS2_PLACEMENT_3D('',#11519,#11520,#11521);
#11523=PLANE('',#11522);
#11524=ORIENTED_EDGE('',*,*,#11513,.F.);
#11525=ORIENTED_EDGE('',*,*,#6322,.T.);
#11527=ORIENTED_EDGE('',*,*,#11526,.F.);
#11528=ORIENTED_EDGE('',*,*,#11492,.T.);
#11529=EDGE_LOOP('',(#11524,#11525,#11527,#11528));
#11530=FACE_OUTER_BOUND('',#11529,.F.);
#11532=CARTESIAN_POINT('',(-3.5E0,-6.9E0,3.613171127773E1));
#11533=DIRECTION('',(0.E0,0.E0,-1.E0));
#11534=DIRECTION('',(0.E0,1.E0,0.E0));
#11535=AXIS2_PLACEMENT_3D('',#11532,#11533,#11534);
#11536=CYLINDRICAL_SURFACE('',#11535,5.E-1);
#11537=ORIENTED_EDGE('',*,*,#6320,.F.);
#11539=ORIENTED_EDGE('',*,*,#11538,.T.);
#11540=ORIENTED_EDGE('',*,*,#11494,.F.);
#11541=ORIENTED_EDGE('',*,*,#11526,.T.);
#11542=EDGE_LOOP('',(#11537,#11539,#11540,#11541));
#11543=FACE_OUTER_BOUND('',#11542,.F.);
#11545=CARTESIAN_POINT('',(-8.5E0,-7.4E0,9.107911277729E0));
#11546=DIRECTION('',(0.E0,-1.E0,0.E0));
#11547=DIRECTION('',(1.E0,0.E0,0.E0));
#11548=AXIS2_PLACEMENT_3D('',#11545,#11546,#11547);
#11549=PLANE('',#11548);
#11551=ORIENTED_EDGE('',*,*,#11550,.F.);
#11552=ORIENTED_EDGE('',*,*,#11496,.F.);
#11553=ORIENTED_EDGE('',*,*,#11538,.F.);
#11554=ORIENTED_EDGE('',*,*,#6318,.T.);
#11555=EDGE_LOOP('',(#11551,#11552,#11553,#11554));
#11556=FACE_OUTER_BOUND('',#11555,.F.);
#11558=CARTESIAN_POINT('',(-1.21E1,-6.9E0,-3.807660872227E1));
#11559=DIRECTION('',(0.E0,0.E0,1.E0));
#11560=DIRECTION('',(-1.E0,0.E0,0.E0));
#11561=AXIS2_PLACEMENT_3D('',#11558,#11559,#11560);
#11562=CYLINDRICAL_SURFACE('',#11561,5.E-1);
#11564=ORIENTED_EDGE('',*,*,#11563,.T.);
#11565=ORIENTED_EDGE('',*,*,#11498,.F.);
#11566=ORIENTED_EDGE('',*,*,#11550,.T.);
#11567=ORIENTED_EDGE('',*,*,#6316,.F.);
#11568=EDGE_LOOP('',(#11564,#11565,#11566,#11567));
#11569=FACE_OUTER_BOUND('',#11568,.F.);
#11571=CARTESIAN_POINT('',(-1.26E1,1.8E0,9.107911277729E0));
#11572=DIRECTION('',(-1.E0,0.E0,0.E0));
#11573=DIRECTION('',(0.E0,-1.E0,0.E0));
#11574=AXIS2_PLACEMENT_3D('',#11571,#11572,#11573);
#11575=PLANE('',#11574);
#11576=ORIENTED_EDGE('',*,*,#6314,.T.);
#11577=ORIENTED_EDGE('',*,*,#11479,.T.);
#11578=ORIENTED_EDGE('',*,*,#11500,.T.);
#11579=ORIENTED_EDGE('',*,*,#11563,.F.);
#11580=EDGE_LOOP('',(#11576,#11577,#11578,#11579));
#11581=FACE_OUTER_BOUND('',#11580,.F.);
#11584=DIRECTION('',(2.437401782403E-13,0.E0,-1.E0));
#11585=VECTOR('',#11584,2.696527241931E-1);
#11586=CARTESIAN_POINT('',(9.88E0,-3.6E0,9.177564001922E0));
#11587=LINE('',#11586,#11585);
#11588=CURVE_STYLE('',#333,POSITIVE_LENGTH_MEASURE(2.E-2),#170);
#11589=PRESENTATION_STYLE_ASSIGNMENT((#11588));
#11590=STYLED_ITEM('',(#11589),#11587);
#11591=CARTESIAN_POINT('',(8.78E0,-3.6E0,8.907911277729E0));
#11592=DIRECTION('',(0.E0,0.E0,1.E0));
#11593=DIRECTION('',(1.E0,0.E0,0.E0));
#11594=AXIS2_PLACEMENT_3D('',#11591,#11592,#11593);
#11596=CURVE_STYLE('',#333,POSITIVE_LENGTH_MEASURE(2.E-2),#170);
#11597=PRESENTATION_STYLE_ASSIGNMENT((#11596));
#11598=STYLED_ITEM('',(#11597),#11595);
#11599=CARTESIAN_POINT('',(8.78E0,-3.6E0,8.907911277729E0));
#11600=DIRECTION('',(0.E0,0.E0,1.E0));
#11601=DIRECTION('',(-1.E0,0.E0,0.E0));
#11602=AXIS2_PLACEMENT_3D('',#11599,#11600,#11601);
#11604=CURVE_STYLE('',#333,POSITIVE_LENGTH_MEASURE(2.E-2),#170);
#11605=PRESENTATION_STYLE_ASSIGNMENT((#11604));
#11606=STYLED_ITEM('',(#11605),#11603);
#11607=CARTESIAN_POINT('',(8.78E0,-3.6E0,8.907911277729E0));
#11608=DIRECTION('',(0.E0,0.E0,-1.E0));
#11609=DIRECTION('',(-2.473667364580E-1,-9.689219254894E-1,0.E0));
#11610=AXIS2_PLACEMENT_3D('',#11607,#11608,#11609);
#11612=CURVE_STYLE('',#333,POSITIVE_LENGTH_MEASURE(2.E-2),#170);
#11613=PRESENTATION_STYLE_ASSIGNMENT((#11612));
#11614=STYLED_ITEM('',(#11613),#11611);
#11615=CARTESIAN_POINT('',(8.78E0,-3.6E0,8.907911277729E0));
#11616=DIRECTION('',(0.E0,0.E0,-1.E0));
#11617=DIRECTION('',(2.473667364580E-1,9.689219254894E-1,0.E0));
#11618=AXIS2_PLACEMENT_3D('',#11615,#11616,#11617);
#11620=CURVE_STYLE('',#333,POSITIVE_LENGTH_MEASURE(2.E-2),#170);
#11621=PRESENTATION_STYLE_ASSIGNMENT((#11620));
#11622=STYLED_ITEM('',(#11621),#11619);
#11623=DIRECTION('',(-2.437401782403E-13,0.E0,-1.E0));
#11624=VECTOR('',#11623,2.696527241931E-1);
#11625=CARTESIAN_POINT('',(7.68E0,-3.6E0,9.177564001922E0));
#11626=LINE('',#11625,#11624);
#11627=CURVE_STYLE('',#333,POSITIVE_LENGTH_MEASURE(2.E-2),#170);
#11628=PRESENTATION_STYLE_ASSIGNMENT((#11627));
#11629=STYLED_ITEM('',(#11628),#11626);
#11630=CARTESIAN_POINT('',(8.78E0,-3.6E0,9.177564001922E0));
#11631=DIRECTION('',(0.E0,0.E0,-1.E0));
#11632=DIRECTION('',(2.473667364580E-1,9.689219254894E-1,0.E0));
#11633=AXIS2_PLACEMENT_3D('',#11630,#11631,#11632);
#11635=CURVE_STYLE('',#333,POSITIVE_LENGTH_MEASURE(2.E-2),#170);
#11636=PRESENTATION_STYLE_ASSIGNMENT((#11635));
#11637=STYLED_ITEM('',(#11636),#11634);
#11638=CARTESIAN_POINT('',(8.78E0,-3.6E0,9.177564001922E0));
#11639=DIRECTION('',(0.E0,0.E0,-1.E0));
#11640=DIRECTION('',(1.E0,0.E0,0.E0));
#11641=AXIS2_PLACEMENT_3D('',#11638,#11639,#11640);
#11643=CURVE_STYLE('',#333,POSITIVE_LENGTH_MEASURE(2.E-2),#170);
#11644=PRESENTATION_STYLE_ASSIGNMENT((#11643));
#11645=STYLED_ITEM('',(#11644),#11642);
#11646=DIRECTION('',(1.749146967895E-1,6.851312639539E-1,7.071067811865E-1));
#11647=VECTOR('',#11646,3.813465396846E-1);
#11648=CARTESIAN_POINT('',(8.985400295743E0,-2.795458318700E0,
8.907911277729E0));
#11649=LINE('',#11648,#11647);
#11650=CURVE_STYLE('',#333,POSITIVE_LENGTH_MEASURE(2.E-2),#170);
#11651=PRESENTATION_STYLE_ASSIGNMENT((#11650));
#11652=STYLED_ITEM('',(#11651),#11649);
#11653=CARTESIAN_POINT('',(8.78E0,-3.6E0,9.177564001922E0));
#11654=DIRECTION('',(0.E0,0.E0,-1.E0));
#11655=DIRECTION('',(-1.E0,0.E0,0.E0));
#11656=AXIS2_PLACEMENT_3D('',#11653,#11654,#11655);
#11658=CURVE_STYLE('',#333,POSITIVE_LENGTH_MEASURE(2.E-2),#170);
#11659=PRESENTATION_STYLE_ASSIGNMENT((#11658));
#11660=STYLED_ITEM('',(#11659),#11657);
#11661=DIRECTION('',(-1.749146967897E-1,-6.851312639538E-1,7.071067811865E-1));
#11662=VECTOR('',#11661,3.813465396846E-1);
#11663=CARTESIAN_POINT('',(8.574599704257E0,-4.404541681300E0,
8.907911277729E0));
#11664=LINE('',#11663,#11662);
#11665=CURVE_STYLE('',#333,POSITIVE_LENGTH_MEASURE(2.E-2),#170);
#11666=PRESENTATION_STYLE_ASSIGNMENT((#11665));
#11667=STYLED_ITEM('',(#11666),#11664);
#11668=CARTESIAN_POINT('',(8.78E0,-3.6E0,9.177564001922E0));
#11669=DIRECTION('',(0.E0,0.E0,-1.E0));
#11670=DIRECTION('',(-2.473667364581E-1,-9.689219254894E-1,0.E0));
#11671=AXIS2_PLACEMENT_3D('',#11668,#11669,#11670);
#11673=CURVE_STYLE('',#333,POSITIVE_LENGTH_MEASURE(2.E-2),#170);
#11674=PRESENTATION_STYLE_ASSIGNMENT((#11673));
#11675=STYLED_ITEM('',(#11674),#11672);
#11676=CARTESIAN_POINT('',(9.052103410104E0,-2.534185881962E0,
9.177564001922E0));
#11677=CARTESIAN_POINT('',(9.88E0,-3.6E0,9.177564001922E0));
#11678=VERTEX_POINT('',#11676);
#11679=VERTEX_POINT('',#11677);
#11680=CARTESIAN_POINT('',(8.507896589896E0,-4.665814118038E0,
9.177564001922E0));
#11681=VERTEX_POINT('',#11680);
#11682=CARTESIAN_POINT('',(8.574599704257E0,-4.404541681300E0,
8.907911277729E0));
#11683=VERTEX_POINT('',#11682);
#11684=CARTESIAN_POINT('',(8.985400295743E0,-2.795458318700E0,
8.907911277729E0));
#11685=VERTEX_POINT('',#11684);
#11686=CARTESIAN_POINT('',(9.88E0,-3.6E0,8.907911277729E0));
#11687=CARTESIAN_POINT('',(7.68E0,-3.6E0,8.907911277729E0));
#11688=VERTEX_POINT('',#11686);
#11689=VERTEX_POINT('',#11687);
#11690=CARTESIAN_POINT('',(7.68E0,-3.6E0,9.177564001922E0));
#11691=VERTEX_POINT('',#11690);
#11692=CARTESIAN_POINT('',(8.78E0,-3.6E0,9.407911277729E0));
#11693=DIRECTION('',(0.E0,0.E0,1.E0));
#11694=DIRECTION('',(1.E0,0.E0,0.E0));
#11695=AXIS2_PLACEMENT_3D('',#11692,#11693,#11694);
#11696=CYLINDRICAL_SURFACE('',#11695,1.1E0);
#11698=ORIENTED_EDGE('',*,*,#11697,.F.);
#11700=ORIENTED_EDGE('',*,*,#11699,.F.);
#11702=ORIENTED_EDGE('',*,*,#11701,.F.);
#11704=ORIENTED_EDGE('',*,*,#11703,.F.);
#11706=ORIENTED_EDGE('',*,*,#11705,.T.);
#11707=EDGE_LOOP('',(#11698,#11700,#11702,#11704,#11706));
#11708=FACE_OUTER_BOUND('',#11707,.F.);
#11710=FILL_AREA_STYLE_COLOUR('',#165);
#11711=FILL_AREA_STYLE('',(#11710));
#11712=SURFACE_STYLE_FILL_AREA(#11711);
#11713=SURFACE_SIDE_STYLE('',(#11712));
#11714=SURFACE_STYLE_USAGE(.BOTH.,#11713);
#11715=PRESENTATION_STYLE_ASSIGNMENT((#11714));
#11716=OVER_RIDING_STYLED_ITEM('',(#11715),#11709,#327);
#11717=CARTESIAN_POINT('',(0.E0,0.E0,8.907911277729E0));
#11718=DIRECTION('',(0.E0,0.E0,-1.E0));
#11719=DIRECTION('',(-1.E0,0.E0,0.E0));
#11720=AXIS2_PLACEMENT_3D('',#11717,#11718,#11719);
#11721=PLANE('',#11720);
#11723=ORIENTED_EDGE('',*,*,#11722,.T.);
#11724=ORIENTED_EDGE('',*,*,#11697,.T.);
#11725=EDGE_LOOP('',(#11723,#11724));
#11726=FACE_OUTER_BOUND('',#11725,.F.);
#11728=ORIENTED_EDGE('',*,*,#11727,.T.);
#11730=ORIENTED_EDGE('',*,*,#11729,.T.);
#11731=EDGE_LOOP('',(#11728,#11730));
#11732=FACE_BOUND('',#11731,.F.);
#11734=FILL_AREA_STYLE_COLOUR('',#170);
#11735=FILL_AREA_STYLE('',(#11734));
#11736=SURFACE_STYLE_FILL_AREA(#11735);
#11737=SURFACE_SIDE_STYLE('',(#11736));
#11738=SURFACE_STYLE_USAGE(.POSITIVE.,#11737);
#11739=FILL_AREA_STYLE_COLOUR('',#76);
#11740=FILL_AREA_STYLE('',(#11739));
#11741=SURFACE_STYLE_FILL_AREA(#11740);
#11742=SURFACE_SIDE_STYLE('',(#11741));
#11743=SURFACE_STYLE_USAGE(.NEGATIVE.,#11742);
#11744=PRESENTATION_STYLE_ASSIGNMENT((#11738,#11743));
#11745=OVER_RIDING_STYLED_ITEM('',(#11744),#11733,#327);
#11746=CARTESIAN_POINT('',(8.78E0,-3.6E0,9.407911277729E0));
#11747=DIRECTION('',(0.E0,0.E0,1.E0));
#11748=DIRECTION('',(1.E0,0.E0,0.E0));
#11749=AXIS2_PLACEMENT_3D('',#11746,#11747,#11748);
#11750=CYLINDRICAL_SURFACE('',#11749,1.1E0);
#11751=ORIENTED_EDGE('',*,*,#11722,.F.);
#11752=ORIENTED_EDGE('',*,*,#11705,.F.);
#11754=ORIENTED_EDGE('',*,*,#11753,.F.);
#11756=ORIENTED_EDGE('',*,*,#11755,.F.);
#11757=ORIENTED_EDGE('',*,*,#11699,.T.);
#11758=EDGE_LOOP('',(#11751,#11752,#11754,#11756,#11757));
#11759=FACE_OUTER_BOUND('',#11758,.F.);
#11761=FILL_AREA_STYLE_COLOUR('',#165);
#11762=FILL_AREA_STYLE('',(#11761));
#11763=SURFACE_STYLE_FILL_AREA(#11762);
#11764=SURFACE_SIDE_STYLE('',(#11763));
#11765=SURFACE_STYLE_USAGE(.BOTH.,#11764);
#11766=PRESENTATION_STYLE_ASSIGNMENT((#11765));
#11767=OVER_RIDING_STYLED_ITEM('',(#11766),#11760,#327);
#11768=CARTESIAN_POINT('',(8.78E0,-3.6E0,9.042737639826E0));
#11769=DIRECTION('',(0.E0,0.E0,1.E0));
#11770=DIRECTION('',(2.473667364580E-1,9.689219254894E-1,0.E0));
#11771=AXIS2_PLACEMENT_3D('',#11768,#11769,#11770);
#11772=CONICAL_SURFACE('',#11771,9.651736379033E-1,4.5E1);
#11773=ORIENTED_EDGE('',*,*,#11753,.T.);
#11774=ORIENTED_EDGE('',*,*,#11703,.T.);
#11776=ORIENTED_EDGE('',*,*,#11775,.F.);
#11777=ORIENTED_EDGE('',*,*,#11729,.F.);
#11779=ORIENTED_EDGE('',*,*,#11778,.T.);
#11780=EDGE_LOOP('',(#11773,#11774,#11776,#11777,#11779));
#11781=FACE_OUTER_BOUND('',#11780,.F.);
#11783=CARTESIAN_POINT('',(8.78E0,-3.6E0,9.042737639826E0));
#11784=DIRECTION('',(0.E0,0.E0,1.E0));
#11785=DIRECTION('',(2.473667364580E-1,9.689219254894E-1,0.E0));
#11786=AXIS2_PLACEMENT_3D('',#11783,#11784,#11785);
#11787=CONICAL_SURFACE('',#11786,9.651736379033E-1,4.5E1);
#11788=ORIENTED_EDGE('',*,*,#11755,.T.);
#11789=ORIENTED_EDGE('',*,*,#11778,.F.);
#11790=ORIENTED_EDGE('',*,*,#11727,.F.);
#11791=ORIENTED_EDGE('',*,*,#11775,.T.);
#11792=ORIENTED_EDGE('',*,*,#11701,.T.);
#11793=EDGE_LOOP('',(#11788,#11789,#11790,#11791,#11792));
#11794=FACE_OUTER_BOUND('',#11793,.F.);
#11797=DIRECTION('',(-2.437401782403E-13,0.E0,-1.E0));
#11798=VECTOR('',#11797,2.696527241931E-1);
#11799=CARTESIAN_POINT('',(-9.88E0,-3.6E0,9.177564001922E0));
#11800=LINE('',#11799,#11798);
#11801=CURVE_STYLE('',#333,POSITIVE_LENGTH_MEASURE(2.E-2),#170);
#11802=PRESENTATION_STYLE_ASSIGNMENT((#11801));
#11803=STYLED_ITEM('',(#11802),#11800);
#11804=CARTESIAN_POINT('',(-8.78E0,-3.6E0,8.907911277729E0));
#11805=DIRECTION('',(0.E0,0.E0,1.E0));
#11806=DIRECTION('',(1.E0,0.E0,0.E0));
#11807=AXIS2_PLACEMENT_3D('',#11804,#11805,#11806);
#11809=CURVE_STYLE('',#333,POSITIVE_LENGTH_MEASURE(2.E-2),#170);
#11810=PRESENTATION_STYLE_ASSIGNMENT((#11809));
#11811=STYLED_ITEM('',(#11810),#11808);
#11812=CARTESIAN_POINT('',(-8.78E0,-3.6E0,8.907911277729E0));
#11813=DIRECTION('',(0.E0,0.E0,1.E0));
#11814=DIRECTION('',(-1.E0,0.E0,0.E0));
#11815=AXIS2_PLACEMENT_3D('',#11812,#11813,#11814);
#11817=CURVE_STYLE('',#333,POSITIVE_LENGTH_MEASURE(2.E-2),#170);
#11818=PRESENTATION_STYLE_ASSIGNMENT((#11817));
#11819=STYLED_ITEM('',(#11818),#11816);
#11820=CARTESIAN_POINT('',(-8.78E0,-3.6E0,8.907911277729E0));
#11821=DIRECTION('',(0.E0,0.E0,-1.E0));
#11822=DIRECTION('',(-2.473667364580E-1,-9.689219254894E-1,0.E0));
#11823=AXIS2_PLACEMENT_3D('',#11820,#11821,#11822);
#11825=CURVE_STYLE('',#333,POSITIVE_LENGTH_MEASURE(2.E-2),#170);
#11826=PRESENTATION_STYLE_ASSIGNMENT((#11825));
#11827=STYLED_ITEM('',(#11826),#11824);
#11828=CARTESIAN_POINT('',(-8.78E0,-3.6E0,8.907911277729E0));
#11829=DIRECTION('',(0.E0,0.E0,-1.E0));
#11830=DIRECTION('',(2.473667364580E-1,9.689219254894E-1,0.E0));
#11831=AXIS2_PLACEMENT_3D('',#11828,#11829,#11830);
#11833=CURVE_STYLE('',#333,POSITIVE_LENGTH_MEASURE(2.E-2),#170);
#11834=PRESENTATION_STYLE_ASSIGNMENT((#11833));
#11835=STYLED_ITEM('',(#11834),#11832);
#11836=DIRECTION('',(2.437401782403E-13,0.E0,-1.E0));
#11837=VECTOR('',#11836,2.696527241931E-1);
#11838=CARTESIAN_POINT('',(-7.68E0,-3.6E0,9.177564001922E0));
#11839=LINE('',#11838,#11837);
#11840=CURVE_STYLE('',#333,POSITIVE_LENGTH_MEASURE(2.E-2),#170);
#11841=PRESENTATION_STYLE_ASSIGNMENT((#11840));
#11842=STYLED_ITEM('',(#11841),#11839);
#11843=CARTESIAN_POINT('',(-8.78E0,-3.6E0,9.177564001922E0));
#11844=DIRECTION('',(0.E0,0.E0,-1.E0));
#11845=DIRECTION('',(-1.E0,0.E0,0.E0));
#11846=AXIS2_PLACEMENT_3D('',#11843,#11844,#11845);
#11848=CURVE_STYLE('',#333,POSITIVE_LENGTH_MEASURE(2.E-2),#170);
#11849=PRESENTATION_STYLE_ASSIGNMENT((#11848));
#11850=STYLED_ITEM('',(#11849),#11847);
#11851=DIRECTION('',(-1.749146967897E-1,-6.851312639538E-1,7.071067811865E-1));
#11852=VECTOR('',#11851,3.813465396846E-1);
#11853=CARTESIAN_POINT('',(-8.985400295743E0,-4.404541681300E0,
8.907911277729E0));
#11854=LINE('',#11853,#11852);
#11855=CURVE_STYLE('',#333,POSITIVE_LENGTH_MEASURE(2.E-2),#170);
#11856=PRESENTATION_STYLE_ASSIGNMENT((#11855));
#11857=STYLED_ITEM('',(#11856),#11854);
#11858=CARTESIAN_POINT('',(-8.78E0,-3.6E0,9.177564001922E0));
#11859=DIRECTION('',(0.E0,0.E0,-1.E0));
#11860=DIRECTION('',(-2.473667364581E-1,-9.689219254894E-1,0.E0));
#11861=AXIS2_PLACEMENT_3D('',#11858,#11859,#11860);
#11863=CURVE_STYLE('',#333,POSITIVE_LENGTH_MEASURE(2.E-2),#170);
#11864=PRESENTATION_STYLE_ASSIGNMENT((#11863));
#11865=STYLED_ITEM('',(#11864),#11862);
#11866=CARTESIAN_POINT('',(-8.78E0,-3.6E0,9.177564001922E0));
#11867=DIRECTION('',(0.E0,0.E0,-1.E0));
#11868=DIRECTION('',(2.473667364580E-1,9.689219254894E-1,0.E0));
#11869=AXIS2_PLACEMENT_3D('',#11866,#11867,#11868);
#11871=CURVE_STYLE('',#333,POSITIVE_LENGTH_MEASURE(2.E-2),#170);
#11872=PRESENTATION_STYLE_ASSIGNMENT((#11871));
#11873=STYLED_ITEM('',(#11872),#11870);
#11874=CARTESIAN_POINT('',(-8.78E0,-3.6E0,9.177564001922E0));
#11875=DIRECTION('',(0.E0,0.E0,-1.E0));
#11876=DIRECTION('',(1.E0,0.E0,0.E0));
#11877=AXIS2_PLACEMENT_3D('',#11874,#11875,#11876);
#11879=CURVE_STYLE('',#333,POSITIVE_LENGTH_MEASURE(2.E-2),#170);
#11880=PRESENTATION_STYLE_ASSIGNMENT((#11879));
#11881=STYLED_ITEM('',(#11880),#11878);
#11882=DIRECTION('',(1.749146967895E-1,6.851312639539E-1,7.071067811865E-1));
#11883=VECTOR('',#11882,3.813465396846E-1);
#11884=CARTESIAN_POINT('',(-8.574599704257E0,-2.795458318700E0,
8.907911277729E0));
#11885=LINE('',#11884,#11883);
#11886=CURVE_STYLE('',#333,POSITIVE_LENGTH_MEASURE(2.E-2),#170);
#11887=PRESENTATION_STYLE_ASSIGNMENT((#11886));
#11888=STYLED_ITEM('',(#11887),#11885);
#11889=CARTESIAN_POINT('',(-7.68E0,-3.6E0,8.907911277729E0));
#11890=CARTESIAN_POINT('',(-9.88E0,-3.6E0,8.907911277729E0));
#11891=VERTEX_POINT('',#11889);
#11892=VERTEX_POINT('',#11890);
#11893=CARTESIAN_POINT('',(-7.68E0,-3.6E0,9.177564001922E0));
#11894=VERTEX_POINT('',#11893);
#11895=CARTESIAN_POINT('',(-8.507896589896E0,-2.534185881962E0,
9.177564001922E0));
#11896=VERTEX_POINT('',#11895);
#11897=CARTESIAN_POINT('',(-9.88E0,-3.6E0,9.177564001922E0));
#11898=VERTEX_POINT('',#11897);
#11899=CARTESIAN_POINT('',(-8.985400295743E0,-4.404541681300E0,
8.907911277729E0));
#11900=CARTESIAN_POINT('',(-8.574599704257E0,-2.795458318700E0,
8.907911277729E0));
#11901=VERTEX_POINT('',#11899);
#11902=VERTEX_POINT('',#11900);
#11903=CARTESIAN_POINT('',(-9.052103410104E0,-4.665814118038E0,
9.177564001922E0));
#11904=VERTEX_POINT('',#11903);
#11905=CARTESIAN_POINT('',(-8.78E0,-3.6E0,9.407911277729E0));
#11906=DIRECTION('',(0.E0,0.E0,1.E0));
#11907=DIRECTION('',(1.E0,0.E0,0.E0));
#11908=AXIS2_PLACEMENT_3D('',#11905,#11906,#11907);
#11909=CYLINDRICAL_SURFACE('',#11908,1.1E0);
#11911=ORIENTED_EDGE('',*,*,#11910,.F.);
#11913=ORIENTED_EDGE('',*,*,#11912,.F.);
#11915=ORIENTED_EDGE('',*,*,#11914,.F.);
#11917=ORIENTED_EDGE('',*,*,#11916,.F.);
#11919=ORIENTED_EDGE('',*,*,#11918,.T.);
#11920=EDGE_LOOP('',(#11911,#11913,#11915,#11917,#11919));
#11921=FACE_OUTER_BOUND('',#11920,.F.);
#11923=FILL_AREA_STYLE_COLOUR('',#165);
#11924=FILL_AREA_STYLE('',(#11923));
#11925=SURFACE_STYLE_FILL_AREA(#11924);
#11926=SURFACE_SIDE_STYLE('',(#11925));
#11927=SURFACE_STYLE_USAGE(.BOTH.,#11926);
#11928=PRESENTATION_STYLE_ASSIGNMENT((#11927));
#11929=OVER_RIDING_STYLED_ITEM('',(#11928),#11922,#327);
#11930=CARTESIAN_POINT('',(0.E0,0.E0,8.907911277729E0));
#11931=DIRECTION('',(0.E0,0.E0,-1.E0));
#11932=DIRECTION('',(-1.E0,0.E0,0.E0));
#11933=AXIS2_PLACEMENT_3D('',#11930,#11931,#11932);
#11934=PLANE('',#11933);
#11935=ORIENTED_EDGE('',*,*,#11910,.T.);
#11937=ORIENTED_EDGE('',*,*,#11936,.T.);
#11938=EDGE_LOOP('',(#11935,#11937));
#11939=FACE_OUTER_BOUND('',#11938,.F.);
#11941=ORIENTED_EDGE('',*,*,#11940,.T.);
#11943=ORIENTED_EDGE('',*,*,#11942,.T.);
#11944=EDGE_LOOP('',(#11941,#11943));
#11945=FACE_BOUND('',#11944,.F.);
#11947=FILL_AREA_STYLE_COLOUR('',#170);
#11948=FILL_AREA_STYLE('',(#11947));
#11949=SURFACE_STYLE_FILL_AREA(#11948);
#11950=SURFACE_SIDE_STYLE('',(#11949));
#11951=SURFACE_STYLE_USAGE(.POSITIVE.,#11950);
#11952=FILL_AREA_STYLE_COLOUR('',#76);
#11953=FILL_AREA_STYLE('',(#11952));
#11954=SURFACE_STYLE_FILL_AREA(#11953);
#11955=SURFACE_SIDE_STYLE('',(#11954));
#11956=SURFACE_STYLE_USAGE(.NEGATIVE.,#11955);
#11957=PRESENTATION_STYLE_ASSIGNMENT((#11951,#11956));
#11958=OVER_RIDING_STYLED_ITEM('',(#11957),#11946,#327);
#11959=CARTESIAN_POINT('',(-8.78E0,-3.6E0,9.407911277729E0));
#11960=DIRECTION('',(0.E0,0.E0,1.E0));
#11961=DIRECTION('',(1.E0,0.E0,0.E0));
#11962=AXIS2_PLACEMENT_3D('',#11959,#11960,#11961);
#11963=CYLINDRICAL_SURFACE('',#11962,1.1E0);
#11964=ORIENTED_EDGE('',*,*,#11936,.F.);
#11965=ORIENTED_EDGE('',*,*,#11918,.F.);
#11967=ORIENTED_EDGE('',*,*,#11966,.F.);
#11969=ORIENTED_EDGE('',*,*,#11968,.F.);
#11970=ORIENTED_EDGE('',*,*,#11912,.T.);
#11971=EDGE_LOOP('',(#11964,#11965,#11967,#11969,#11970));
#11972=FACE_OUTER_BOUND('',#11971,.F.);
#11974=FILL_AREA_STYLE_COLOUR('',#165);
#11975=FILL_AREA_STYLE('',(#11974));
#11976=SURFACE_STYLE_FILL_AREA(#11975);
#11977=SURFACE_SIDE_STYLE('',(#11976));
#11978=SURFACE_STYLE_USAGE(.BOTH.,#11977);
#11979=PRESENTATION_STYLE_ASSIGNMENT((#11978));
#11980=OVER_RIDING_STYLED_ITEM('',(#11979),#11973,#327);
#11981=CARTESIAN_POINT('',(-8.78E0,-3.6E0,9.042737639826E0));
#11982=DIRECTION('',(0.E0,0.E0,1.E0));
#11983=DIRECTION('',(2.473667364580E-1,9.689219254894E-1,0.E0));
#11984=AXIS2_PLACEMENT_3D('',#11981,#11982,#11983);
#11985=CONICAL_SURFACE('',#11984,9.651736379033E-1,4.5E1);
#11986=ORIENTED_EDGE('',*,*,#11916,.T.);
#11988=ORIENTED_EDGE('',*,*,#11987,.F.);
#11989=ORIENTED_EDGE('',*,*,#11940,.F.);
#11991=ORIENTED_EDGE('',*,*,#11990,.T.);
#11992=ORIENTED_EDGE('',*,*,#11966,.T.);
#11993=EDGE_LOOP('',(#11986,#11988,#11989,#11991,#11992));
#11994=FACE_OUTER_BOUND('',#11993,.F.);
#11996=CARTESIAN_POINT('',(-8.78E0,-3.6E0,9.042737639826E0));
#11997=DIRECTION('',(0.E0,0.E0,1.E0));
#11998=DIRECTION('',(2.473667364580E-1,9.689219254894E-1,0.E0));
#11999=AXIS2_PLACEMENT_3D('',#11996,#11997,#11998);
#12000=CONICAL_SURFACE('',#11999,9.651736379033E-1,4.5E1);
#12001=ORIENTED_EDGE('',*,*,#11914,.T.);
#12002=ORIENTED_EDGE('',*,*,#11968,.T.);
#12003=ORIENTED_EDGE('',*,*,#11990,.F.);
#12004=ORIENTED_EDGE('',*,*,#11942,.F.);
#12005=ORIENTED_EDGE('',*,*,#11987,.T.);
#12006=EDGE_LOOP('',(#12001,#12002,#12003,#12004,#12005));
#12007=FACE_OUTER_BOUND('',#12006,.F.);
#12010=ORIENTED_CLOSED_SHELL('',*,#11796,.F.);
#12011=ORIENTED_CLOSED_SHELL('',*,#12009,.F.);
#12013=FILL_AREA_STYLE_COLOUR('',#170);
#12014=FILL_AREA_STYLE('',(#12013));
#12015=SURFACE_STYLE_FILL_AREA(#12014);
#12016=SURFACE_SIDE_STYLE('',(#12015));
#12017=SURFACE_STYLE_USAGE(.BOTH.,#12016);
#12018=PRESENTATION_STYLE_ASSIGNMENT((#12017));
#327=STYLED_ITEM('',(#12018),#12012);
#12019=PRESENTATION_LAYER_ASSIGNMENT('INTFCLR_2056','',(#327));
#12020=PRESENTATION_LAYER_ASSIGNMENT('M1_6-4_0001_1____17_1','',(#327));
#12021=PRESENTATION_LAYER_ASSIGNMENT('M1_6-4_0001_1____17_2','',(#327));
#12022=PRESENTATION_LAYER_ASSIGNMENT('M1_6-4_0001_1____17_3','',(#327));
#12023=PRESENTATION_LAYER_ASSIGNMENT('M1_6-4_0001_1____17_4','',(#327));
#12024=PRESENTATION_LAYER_ASSIGNMENT('M1_6-4_0001_1____17_5','',(#327));
#12025=PRESENTATION_LAYER_ASSIGNMENT('M1_6-4_0001_1____17_6','',(#327));
#12026=PRESENTATION_LAYER_ASSIGNMENT('M1_6-4_0001_1____17_7','',(#327));
#12027=PRESENTATION_LAYER_ASSIGNMENT('NONE','',(#327));
#12028=PRESENTATION_LAYER_ASSIGNMENT('NONE_1','',(#327));
#12029=PRESENTATION_LAYER_ASSIGNMENT('NONE_1_1','',(#327));
#12030=PRESENTATION_LAYER_ASSIGNMENT('NONE_2','',(#327));
#12031=PRESENTATION_LAYER_ASSIGNMENT('NONE_2_1','',(#327));
#12032=PRESENTATION_LAYER_ASSIGNMENT('NONE_3_2','',(#327));
#12033=PRESENTATION_LAYER_ASSIGNMENT('NONE_4_1','',(#327));
#12034=PRESENTATION_LAYER_ASSIGNMENT('NONE_6_2','',(#327));
#12035=PRESENTATION_LAYER_ASSIGNMENT('NONE_7','',(#327));
#12036=PRESENTATION_LAYER_ASSIGNMENT('NONE_8_2','',(#327));
#12037=PRESENTATION_LAYER_ASSIGNMENT('NONE_9','',(#327));
#12040=PLANE_ANGLE_MEASURE_WITH_UNIT(PLANE_ANGLE_MEASURE(1.745329251994E-2),
#12039);
#12041=(CONVERSION_BASED_UNIT('DEGREE',#12040)NAMED_UNIT(*)PLANE_ANGLE_UNIT());
#12043=UNCERTAINTY_MEASURE_WITH_UNIT(LENGTH_MEASURE(7.340748287091E-3),#12038,
'distance_accuracy_value',
'Maximum model space distance between geometric entities at asserted connectivities');
#12046=MECHANICAL_DESIGN_GEOMETRIC_PRESENTATION_REPRESENTATION('',(#336,#343,
#351,#359,#367,#374,#381,#388,#396,#403,#411,#418,#425,#433,#441,#448,#455,#463,
#470,#478,#485,#492,#499,#506,#513,#520,#528,#536,#544,#552,#560,#567,#575,#582,
#590,#597,#605,#612,#620,#628,#635,#643,#651,#658,#666,#673,#681,#688,#696,#703,
#711,#719,#726,#733,#741,#749,#757,#764,#772,#779,#786,#793,#801,#809,#817,#825,
#832,#839,#846,#853,#860,#867,#874,#881,#888,#895,#902,#909,#917,#925,#933,#941,
#949,#956,#964,#971,#978,#990,#997,#1004,#1011,#1019,#1026,#1033,#1041,#1048,
#1055,#1062,#1069,#1079,#1086,#1094,#1101,#1111,#1119,#1127,#1135,#1143,#1151,
#1158,#1165,#1173,#1181,#1189,#1197,#1205,#1215,#1222,#1229,#1236,#1246,#1253,
#1263,#1270,#1277,#1284,#1291,#1298,#1305,#1313,#1321,#1329,#1336,#1344,#1352,
#1360,#1368,#1375,#1383,#1390,#1398,#1407,#1424,#1431,#1447,#1456,#1464,#1471,
#1479,#1492,#1503,#1515,#1526,#1534,#1542,#1550,#1557,#1564,#1572,#1580,#1591,
#1599,#1610,#1620,#1632,#1642,#1651,#1659,#1666,#1674,#1682,#1692,#1699,#1707,
#1717,#1724,#1734,#1744,#1761,#1768,#1785,#1795,#1805,#1812,#1822,#1830,#1837,
#1845,#1853,#1861,#1868,#1876,#1884,#1891,#1901,#1908,#1918,#1927,#1937,#1945,
#1952,#1960,#1968,#1976,#1984,#1992,#2000,#2008,#2015,#2022,#2030,#2038,#2046,
#2053,#2060,#2068,#2076,#2084,#2091,#2098,#2106,#2114,#2121,#2128,#2136,#2143,
#2151,#2159,#2167,#2175,#2182,#2189,#2196,#2203,#2210,#2218,#2226,#2233,#2241,
#2249,#2257,#2265,#2272,#2279,#2287,#2295,#2302,#2310,#2317,#2325,#2333,#2340,
#2347,#2355,#2362,#2370,#2378,#2386,#2394,#2401,#2408,#2415,#2422,#2429,#2437,
#2445,#2452,#2460,#2468,#2476,#2484,#2491,#2499,#2506,#2513,#2520,#2527,#2534,
#2541,#2549,#2556,#2564,#2571,#2579,#2586,#2594,#2601,#2608,#2615,#2622,#2629,
#2636,#2643,#2650,#2657,#2664,#2671,#2678,#2685,#2692,#2699,#2706,#2713,#2720,
#2727,#2734,#2741,#2748,#2755,#2762,#2769,#2776,#2783,#2790,#2797,#2804,#2811,
#2818,#2825,#2832,#2839,#2846,#2853,#2860,#2868,#2875,#2883,#2890,#2897,#2905,
#2913,#2920,#2927,#2934,#2941,#2948,#2955,#2962,#2969,#2976,#2983,#2990,#2997,
#3004,#3011,#3019,#3026,#3033,#3040,#3048,#3055,#3063,#3071,#3078,#3086,#3093,
#3101,#3108,#3116,#3123,#3131,#3138,#3145,#3153,#3161,#3168,#3175,#3182,#3189,
#3196,#3203,#3210,#3217,#3224,#3231,#3238,#3245,#3252,#3259,#3267,#3274,#3281,
#3288,#3296,#3303,#3311,#3319,#3326,#3334,#3341,#3349,#3356,#3364,#3371,#3379,
#3386,#3393,#3401,#3409,#3416,#3423,#3430,#3437,#3444,#3451,#3458,#3465,#3472,
#3479,#3486,#3493,#3500,#3507,#3515,#3522,#3529,#3536,#3544,#3551,#3559,#3567,
#3574,#3582,#3589,#3597,#3604,#3612,#3619,#3627,#3634,#3641,#3649,#3657,#3664,
#3671,#3678,#3685,#3692,#3699,#3706,#3713,#3720,#3727,#3734,#3741,#3748,#3755,
#3763,#3770,#3777,#3784,#3792,#3799,#3807,#3815,#3822,#3830,#3837,#3845,#3852,
#3859,#3866,#3873,#3880,#3887,#3894,#3901,#3908,#3915,#3922,#3929,#3936,#3943,
#3950,#3957,#3965,#3972,#3980,#3987,#3995,#4002,#4009,#4016,#4023,#4030,#4037,
#4044,#4051,#4058,#4065,#4072,#4079,#4086,#4093,#4100,#4107,#4114,#4121,#4128,
#4135,#4142,#4149,#4156,#4163,#4170,#4177,#4185,#4193,#4201,#4208,#4216,#4224,
#4232,#4240,#4248,#4256,#4264,#4272,#4280,#4287,#4295,#4302,#4310,#4317,#4324,
#4332,#4340,#4347,#4354,#4361,#4368,#4375,#4382,#4389,#4396,#4403,#4410,#4417,
#4424,#4431,#4438,#4446,#4453,#4460,#4467,#4475,#4482,#4490,#4498,#4505,#4513,
#4520,#4528,#4535,#4543,#4550,#4558,#4565,#4572,#4580,#4588,#4595,#4602,#4609,
#4616,#4623,#4630,#4637,#4644,#4651,#4658,#4665,#4672,#4679,#4686,#4694,#4701,
#4708,#4715,#4723,#4730,#4738,#4746,#4753,#4761,#4768,#4776,#4783,#4790,#4797,
#4804,#4811,#4818,#4825,#4832,#4839,#4846,#4853,#4860,#4867,#4874,#4894,#4901,
#4921,#4933,#4953,#4964,#4971,#4978,#4985,#4993,#5001,#5009,#5017,#5037,#5044,
#5055,#5067,#5075,#5086,#5093,#5100,#5111,#5119,#5126,#5137,#5144,#5155,#5163,
#5170,#5181,#5188,#5199,#5207,#5214,#5221,#5228,#5235,#5243,#5251,#5258,#5266,
#5273,#5280,#5287,#5294,#5301,#5308,#5315,#5322,#5329,#5336,#5343,#5350,#6335,
#6357,#6395,#6417,#6455,#6477,#6515,#6536,#6557,#6578,#6600,#6622,#6652,#6674,
#6696,#6717,#6737,#6757,#6777,#6797,#6817,#6837,#6857,#6877,#6897,#6916,#6938,
#6966,#7900,#7919,#7939,#7957,#8428,#8454,#8480,#8505,#8539,#8566,#8592,#8631,
#8655,#9889,#9910,#9931,#9952,#9978,#9999,#10025,#10046,#10067,#10088,#10109,
#10130,#10151,#10172,#10193,#10213,#10256,#10794,#10815,#10836,#10857,#10878,
#10899,#10920,#10983,#11003,#11031,#11116,#11189,#11273,#11305,#11331,#11358,
#11384,#11411,#11590,#11598,#11606,#11614,#11622,#11629,#11637,#11645,#11652,
#11660,#11667,#11675,#11716,#11745,#11767,#11803,#11811,#11819,#11827,#11835,
#11842,#11850,#11857,#11865,#11873,#11881,#11888,#11929,#11958,#11980,#327),
#12044);
#12047=APPLICATION_CONTEXT('automotive_design');
#12048=APPLICATION_PROTOCOL_DEFINITION('international standard',
'automotive_design',2001,#12047);
#12049=PRODUCT_DEFINITION_CONTEXT('part definition',#12047,'design');
#12050=PRODUCT_CONTEXT('',#12047,'mechanical');
#12051=PRODUCT('GRIPPER_SENSER_MODEL_1_','GRIPPER_SENSER_MODEL_1_',
'NOT SPECIFIED',(#12050));
#12052=PRODUCT_DEFINITION_FORMATION('1','LAST_VERSION',#12051);
#12060=DERIVED_UNIT_ELEMENT(#12059,2.E0);
#12061=DERIVED_UNIT((#12060));
#12062=MEASURE_REPRESENTATION_ITEM('surface area measure',AREA_MEASURE(
5.704038188408E3),#12061);
#12067=DERIVED_UNIT_ELEMENT(#12066,3.E0);
#12068=DERIVED_UNIT((#12067));
#12069=MEASURE_REPRESENTATION_ITEM('volume measure',VOLUME_MEASURE(
1.995751431989E4),#12068);
#12073=CARTESIAN_POINT('centre point',(6.325498953109E-4,8.343844974E0,
1.107365626468E0));
#12078=DERIVED_UNIT_ELEMENT(#12077,2.E0);
#12079=DERIVED_UNIT((#12078));
#12080=MEASURE_REPRESENTATION_ITEM('surface area measure',AREA_MEASURE(
5.704038188408E3),#12079);
#12085=DERIVED_UNIT_ELEMENT(#12084,3.E0);
#12086=DERIVED_UNIT((#12085));
#12087=MEASURE_REPRESENTATION_ITEM('volume measure',VOLUME_MEASURE(
1.995751431989E4),#12086);
#12091=CARTESIAN_POINT('centre point',(6.325498953109E-4,8.343844974E0,
1.107365626468E0));
#12096=PRODUCT_RELATED_PRODUCT_CATEGORY('part','',(#12051));
#1=DRAUGHTING_PRE_DEFINED_COLOUR('black');
#2=COLOUR_RGB('',0.E0,0.E0,4.7E-1);
#3=COLOUR_RGB('',0.E0,0.E0,5.02E-1);
#4=COLOUR_RGB('',0.E0,0.E0,5.45E-1);
#5=COLOUR_RGB('',0.E0,0.E0,6.E-1);
#6=COLOUR_RGB('',0.E0,0.E0,8.E-1);
#7=COLOUR_RGB('',0.E0,0.E0,8.04E-1);
#8=DRAUGHTING_PRE_DEFINED_COLOUR('blue');
#9=COLOUR_RGB('',0.E0,1.E-2,1.E0);
#10=COLOUR_RGB('',0.E0,2.8E-2,7.E-1);
#11=COLOUR_RGB('',0.E0,3.1E-2,3.4E-1);
#12=COLOUR_RGB('',0.E0,2.E-1,1.E0);
#13=COLOUR_RGB('',0.E0,2.58E-1,5.6E-1);
#14=COLOUR_RGB('',0.E0,3.3E-1,0.E0);
#15=COLOUR_RGB('',0.E0,3.3E-1,3.3E-1);
#16=COLOUR_RGB('',0.E0,3.92E-1,0.E0);
#17=COLOUR_RGB('',0.E0,4.E-1,0.E0);
#18=COLOUR_RGB('',0.E0,4.E-1,4.E-1);
#19=COLOUR_RGB('',0.E0,4.E-1,1.E0);
#20=COLOUR_RGB('',0.E0,5.02E-1,0.E0);
#21=COLOUR_RGB('',0.E0,5.02E-1,5.02E-1);
#22=COLOUR_RGB('',0.E0,5.3E-1,5.3E-1);
#23=COLOUR_RGB('',0.E0,5.45E-1,5.45E-1);
#24=COLOUR_RGB('',0.E0,6.E-1,0.E0);
#25=COLOUR_RGB('',0.E0,6.E-1,6.E-1);
#26=COLOUR_RGB('',0.E0,6.E-1,1.E0);
#27=COLOUR_RGB('',0.E0,7.49E-1,1.E0);
#28=COLOUR_RGB('',0.E0,8.E-1,0.E0);
#29=COLOUR_RGB('',0.E0,8.E-1,8.E-1);
#30=COLOUR_RGB('',0.E0,8.E-1,1.E0);
#31=COLOUR_RGB('',0.E0,8.08E-1,8.2E-1);
#32=COLOUR_RGB('',0.E0,9.3E-1,0.E0);
#33=COLOUR_RGB('',0.E0,9.3E-1,9.3E-1);
#34=COLOUR_RGB('',0.E0,9.8E-1,6.04E-1);
#35=DRAUGHTING_PRE_DEFINED_COLOUR('green');
#36=COLOUR_RGB('',0.E0,1.E0,2.E-1);
#37=COLOUR_RGB('',0.E0,1.E0,4.E-1);
#38=COLOUR_RGB('',0.E0,1.E0,4.98E-1);
#39=COLOUR_RGB('',0.E0,1.E0,6.E-1);
#40=COLOUR_RGB('',0.E0,1.E0,8.E-1);
#41=DRAUGHTING_PRE_DEFINED_COLOUR('cyan');
#42=COLOUR_RGB('',1.1E-2,1.2E-2,1.E0);
#43=COLOUR_RGB('',1.9E-2,6.37E-1,6.37E-1);
#44=COLOUR_RGB('',2.8E-2,5.37E-1,3.7E-2);
#45=COLOUR_RGB('',3.1E-2,2.E-1,6.27E-1);
#46=COLOUR_RGB('',3.1E-2,1.99E-1,6.3E-1);
#47=COLOUR_RGB('',3.E-2,9.81E-1,9.81E-1);
#48=COLOUR_RGB('',3.5E-2,5.14E-1,1.73E-1);
#49=COLOUR_RGB('',6.6E-2,4.E-3,5.93E-1);
#50=COLOUR_RGB('',6.5E-2,9.81E-1,6.2E-2);
#51=COLOUR_RGB('',7.E-2,7.E-2,1.E0);
#52=COLOUR_RGB('',7.E-2,6.E-1,3.E-1);
#53=COLOUR_RGB('',7.8E-2,7.8E-2,7.8E-2);
#54=COLOUR_RGB('',8.E-2,1.E-1,1.1E-1);
#55=COLOUR_RGB('',9.8E-2,9.8E-2,4.39E-1);
#56=COLOUR_RGB('',1.01E-1,6.3E-1,5.03E-1);
#57=COLOUR_RGB('',1.1E-1,1.1E-1,1.1E-1);
#58=COLOUR_RGB('',1.18E-1,5.65E-1,1.E0);
#59=COLOUR_RGB('',1.25E-1,6.98E-1,6.67E-1);
#60=COLOUR_RGB('',1.33E-1,5.45E-1,1.33E-1);
#61=COLOUR_RGB('',1.44E-1,3.4E-2,0.E0);
#62=COLOUR_RGB('',1.7E-1,1.7E-1,1.8E-1);
#63=COLOUR_RGB('',1.8E-1,5.45E-1,3.41E-1);
#64=COLOUR_RGB('',1.84E-1,3.1E-1,3.1E-1);
#65=COLOUR_RGB('',1.9E-1,2.3E-1,3.1E-1);
#66=COLOUR_RGB('',1.96E-1,8.04E-1,1.96E-1);
#67=COLOUR_RGB('',2.E-1,2.E-1,2.E-1);
#68=COLOUR_RGB('',2.E-1,1.E0,0.E0);
#69=COLOUR_RGB('',2.E-1,1.E0,2.E-1);
#70=COLOUR_RGB('',2.E-1,1.E0,1.E0);
#71=COLOUR_RGB('',2.12E-1,5.14E-1,4.16E-1);
#72=COLOUR_RGB('',2.28E-1,2.26E-1,2.52E-1);
#73=COLOUR_RGB('',2.3E-1,3.82E-1,5.6E-1);
#74=COLOUR_RGB('',2.35E-1,7.02E-1,4.43E-1);
#75=COLOUR_RGB('',2.43E-1,8.78E-1,8.16E-1);
#76=COLOUR_RGB('',2.45E-1,5.18E-1,9.48E-1);
#77=COLOUR_RGB('',2.49E-1,5.93E-1,6.3E-1);
#78=COLOUR_RGB('',2.52E-1,2.52E-1,2.52E-1);
#79=COLOUR_RGB('',2.55E-1,4.12E-1,1.E0);
#80=COLOUR_RGB('',2.7E-1,0.E0,4.E-1);
#81=COLOUR_RGB('',2.7E-1,2.7E-1,0.E0);
#82=COLOUR_RGB('',2.7E-1,2.7E-1,1.E0);
#83=COLOUR_RGB('',2.75E-1,5.1E-1,7.06E-1);
#84=COLOUR_RGB('',2.8E-1,2.8E-1,2.8E-1);
#85=COLOUR_RGB('',2.82E-1,2.39E-1,5.45E-1);
#86=COLOUR_RGB('',2.82E-1,8.2E-1,8.E-1);
#87=COLOUR_RGB('',2.94E-1,0.E0,5.1E-1);
#88=COLOUR_RGB('',3.24E-1,5.77E-1,8.1E-1);
#89=COLOUR_RGB('',3.3E-1,0.E0,0.E0);
#90=COLOUR_RGB('',3.3E-1,0.E0,3.3E-1);
#91=COLOUR_RGB('',3.3E-1,0.E0,5.3E-1);
#92=COLOUR_RGB('',3.33E-1,4.2E-1,1.84E-1);
#93=COLOUR_RGB('',3.36E-1,2.55E-1,1.9E-2);
#94=COLOUR_RGB('',3.44E-1,3.63E-1,3.74E-1);
#95=COLOUR_RGB('',3.55E-1,3.53E-1,3.93E-1);
#96=COLOUR_RGB('',3.73E-1,6.2E-1,6.27E-1);
#97=COLOUR_RGB('',3.75E-1,3.8E-1,4.22E-1);
#98=COLOUR_RGB('',3.81E-1,4.41E-1,5.96E-1);
#99=COLOUR_RGB('',3.9E-1,4.4E-1,4.9E-1);
#100=COLOUR_RGB('',3.92E-1,1.2E-2,1.2E-2);
#101=COLOUR_RGB('',3.92E-1,4.37E-1,4.9E-1);
#102=COLOUR_RGB('',3.92E-1,5.84E-1,9.29E-1);
#103=COLOUR_RGB('',4.E-1,0.E0,4.E-1);
#104=COLOUR_RGB('',4.E-1,0.E0,6.7E-1);
#105=COLOUR_RGB('',4.E-1,1.3E-1,0.E0);
#106=COLOUR_RGB('',3.99E-1,3.97E-1,6.41E-1);
#107=COLOUR_RGB('',4.E-1,4.E-1,0.E0);
#108=COLOUR_RGB('',4.E-1,4.E-1,1.E0);
#109=COLOUR_RGB('',4.E-1,8.04E-1,6.67E-1);
#110=COLOUR_RGB('',4.E-1,1.E0,0.E0);
#111=COLOUR_RGB('',4.E-1,1.E0,4.E-1);
#112=COLOUR_RGB('',4.E-1,1.E0,1.E0);
#113=COLOUR_RGB('',4.1E-1,0.E0,2.2E-1);
#114=COLOUR_RGB('',4.12E-1,4.12E-1,4.12E-1);
#115=COLOUR_RGB('',4.16E-1,3.53E-1,8.04E-1);
#116=COLOUR_RGB('',4.2E-1,4.2E-1,4.2E-1);
#117=COLOUR_RGB('',4.2E-1,5.57E-1,1.37E-1);
#118=COLOUR_RGB('',4.26E-1,4.26E-1,4.26E-1);
#119=COLOUR_RGB('',4.4E-1,5.E-1,6.E-1);
#120=COLOUR_RGB('',4.39E-1,5.02E-1,5.65E-1);
#121=COLOUR_RGB('',4.38E-1,5.03E-1,6.E-1);
#122=COLOUR_RGB('',4.67E-1,5.33E-1,6.E-1);
#123=COLOUR_RGB('',4.7E-1,0.E0,0.E0);
#124=COLOUR_RGB('',4.7E-1,0.E0,8.E-1);
#125=COLOUR_RGB('',4.7E-1,0.E0,8.7E-1);
#126=COLOUR_RGB('',4.7E-1,2.E-1,7.E-2);
#127=COLOUR_RGB('',4.7E-1,4.7E-1,4.7E-1);
#128=COLOUR_RGB('',4.82E-1,4.08E-1,9.33E-1);
#129=COLOUR_RGB('',4.86E-1,9.88E-1,0.E0);
#130=COLOUR_RGB('',4.99E-1,4.96E-1,5.52E-1);
#131=COLOUR_RGB('',4.98E-1,1.E0,0.E0);
#132=COLOUR_RGB('',4.98E-1,1.E0,8.31E-1);
#133=COLOUR_RGB('',5.02E-1,0.E0,0.E0);
#134=COLOUR_RGB('',5.02E-1,0.E0,5.02E-1);
#135=COLOUR_RGB('',5.02E-1,5.02E-1,0.E0);
#136=COLOUR_RGB('',5.02E-1,5.02E-1,5.02E-1);
#137=COLOUR_RGB('',5.1E-1,3.97E-1,1.07E-1);
#138=COLOUR_RGB('',5.1E-1,4.E-1,1.1E-1);
#139=COLOUR_RGB('',5.3E-1,0.E0,9.3E-1);
#140=COLOUR_RGB('',5.3E-1,2.7E-1,1.3E-1);
#141=COLOUR_RGB('',5.3E-1,5.3E-1,1.E0);
#142=COLOUR_RGB('',5.29E-1,8.08E-1,9.22E-1);
#143=COLOUR_RGB('',5.29E-1,8.08E-1,9.8E-1);
#144=COLOUR_RGB('',5.41E-1,1.69E-1,8.86E-1);
#145=COLOUR_RGB('',5.45E-1,0.E0,0.E0);
#146=COLOUR_RGB('',5.45E-1,0.E0,5.45E-1);
#147=COLOUR_RGB('',5.45E-1,2.71E-1,7.5E-2);
#148=COLOUR_RGB('',5.5E-1,5.5E-1,5.5E-1);
#149=COLOUR_RGB('',5.5E-1,6.5E-1,7.3E-1);
#150=COLOUR_RGB('',5.61E-1,7.37E-1,5.61E-1);
#151=COLOUR_RGB('',5.65E-1,9.33E-1,5.65E-1);
#152=COLOUR_RGB('',5.71E-1,6.1E-1,6.33E-1);
#153=COLOUR_RGB('',5.76E-1,4.39E-1,8.59E-1);
#154=COLOUR_RGB('',5.8E-1,0.E0,8.27E-1);
#155=COLOUR_RGB('',5.96E-1,5.96E-1,5.96E-1);
#156=COLOUR_RGB('',5.96E-1,9.84E-1,5.96E-1);
#157=COLOUR_RGB('',6.E-1,0.E0,6.E-1);
#158=COLOUR_RGB('',6.E-1,1.96E-1,8.E-1);
#159=COLOUR_RGB('',6.E-1,2.E-1,1.E0);
#160=COLOUR_RGB('',6.E-1,3.3E-1,2.E-1);
#161=COLOUR_RGB('',6.E-1,6.E-1,0.E0);
#162=COLOUR_RGB('',6.E-1,6.E-1,1.E0);
#163=COLOUR_RGB('',6.E-1,1.E0,6.E-1);
#164=COLOUR_RGB('',6.E-1,1.E0,1.E0);
#165=COLOUR_RGB('',6.04E-1,8.04E-1,1.96E-1);
#166=COLOUR_RGB('',6.1E-1,0.E0,6.E-2);
#167=COLOUR_RGB('',6.16E-1,6.96E-1,7.7E-1);
#168=COLOUR_RGB('',6.2E-1,6.2E-1,6.2E-1);
#169=COLOUR_RGB('',6.27E-1,3.22E-1,1.76E-1);
#170=COLOUR_RGB('',6.35294E-1,6.86275E-1,7.4902E-1);
#171=COLOUR_RGB('',6.4E-1,4.64E-1,3.01E-1);
#172=COLOUR_RGB('',6.4E-1,6.5E-1,6.5E-1);
#173=COLOUR_RGB('',6.47E-1,1.65E-1,1.65E-1);
#174=COLOUR_RGB('',6.56E-1,3.3E-2,6.E-1);
#175=COLOUR_RGB('',6.59E-1,1.5E-2,2.9E-2);
#176=COLOUR_RGB('',6.63E-1,6.63E-1,6.63E-1);
#177=COLOUR_RGB('',6.7E-1,0.E0,0.E0);
#178=COLOUR_RGB('',6.7E-1,0.E0,5.3E-1);
#179=COLOUR_RGB('',6.7E-1,4.E-1,2.7E-1);
#180=COLOUR_RGB('',6.7E-1,4.E-1,1.E0);
#181=COLOUR_RGB('',6.7E-1,6.7E-1,1.E0);
#182=COLOUR_RGB('',6.7E-1,1.E0,0.E0);
#183=COLOUR_RGB('',6.78E-1,8.47E-1,9.02E-1);
#184=COLOUR_RGB('',6.78E-1,1.E0,1.84E-1);
#185=COLOUR_RGB('',6.8E-1,8.1E-1,1.E0);
#186=COLOUR_RGB('',6.87E-1,6.83E-1,7.59E-1);
#187=COLOUR_RGB('',6.86E-1,9.33E-1,9.33E-1);
#188=COLOUR_RGB('',6.9E-1,7.69E-1,8.71E-1);
#189=COLOUR_RGB('',6.9E-1,8.78E-1,9.02E-1);
#190=COLOUR_RGB('',6.98E-1,1.33E-1,1.33E-1);
#191=COLOUR_RGB('',7.22E-1,5.25E-1,4.3E-2);
#192=COLOUR_RGB('',7.3E-1,2.7E-1,1.E0);
#193=COLOUR_RGB('',7.29E-1,3.33E-1,8.27E-1);
#194=COLOUR_RGB('',7.3E-1,4.E-1,0.E0);
#195=COLOUR_RGB('',7.3E-1,4.7E-1,3.3E-1);
#196=COLOUR_RGB('',7.3E-1,7.3E-1,7.3E-1);
#197=COLOUR_RGB('',7.37E-1,5.61E-1,5.61E-1);
#198=COLOUR_RGB('',7.4E-1,4.E-1,4.E-1);
#199=COLOUR_RGB('',7.41E-1,7.18E-1,4.2E-1);
#200=COLOUR_RGB('',7.5E-1,7.2E-1,0.E0);
#201=COLOUR_RGB('',7.53E-1,7.53E-1,7.53E-1);
#202=COLOUR_RGB('',7.8E-1,8.2E-2,5.22E-1);
#203=COLOUR_RGB('',8.E-1,0.E0,8.E-1);
#204=COLOUR_RGB('',8.E-1,5.3E-1,4.E-1);
#205=COLOUR_RGB('',8.E-1,6.E-1,1.E0);
#206=COLOUR_RGB('',8.E-1,8.E-1,0.E0);
#207=COLOUR_RGB('',8.E-1,8.E-1,1.E0);
#208=COLOUR_RGB('',8.E-1,1.E0,8.E-1);
#209=COLOUR_RGB('',8.E-1,1.E0,1.E0);
#210=COLOUR_RGB('',8.04E-1,3.61E-1,3.61E-1);
#211=COLOUR_RGB('',8.04E-1,5.22E-1,2.47E-1);
#212=COLOUR_RGB('',8.07E-1,7.65E-1,5.8E-2);
#213=COLOUR_RGB('',8.2E-1,6.E-1,2.4E-1);
#214=COLOUR_RGB('',8.19E-1,7.11E-1,5.6E-2);
#215=COLOUR_RGB('',8.24E-1,4.12E-1,1.18E-1);
#216=COLOUR_RGB('',8.24E-1,7.06E-1,5.49E-1);
#217=COLOUR_RGB('',8.27E-1,8.27E-1,8.27E-1);
#218=COLOUR_RGB('',8.3E-1,3.E-2,3.E-2);
#219=COLOUR_RGB('',8.41E-1,8.01E-1,7.15E-1);
#220=COLOUR_RGB('',8.4E-1,8.4E-1,8.5E-1);
#221=COLOUR_RGB('',8.42E-1,8.99E-1,9.33E-1);
#222=COLOUR_RGB('',8.47E-1,7.49E-1,8.47E-1);
#223=COLOUR_RGB('',8.55E-1,4.39E-1,8.39E-1);
#224=COLOUR_RGB('',8.55E-1,6.47E-1,1.25E-1);
#225=COLOUR_RGB('',8.59E-1,4.39E-1,5.76E-1);
#226=COLOUR_RGB('',8.6E-1,4.7E-1,1.6E-1);
#227=COLOUR_RGB('',8.63E-1,7.8E-2,2.35E-1);
#228=COLOUR_RGB('',8.63E-1,8.63E-1,8.63E-1);
#229=COLOUR_RGB('',8.67E-1,6.27E-1,8.67E-1);
#230=COLOUR_RGB('',8.7E-1,0.E0,0.E0);
#231=COLOUR_RGB('',8.7E-1,6.E-1,4.7E-1);
#232=COLOUR_RGB('',8.71E-1,7.22E-1,5.29E-1);
#233=COLOUR_RGB('',8.784E-1,9.49E-1,1.E0);
#234=COLOUR_RGB('',8.78E-1,1.E0,1.E0);
#235=COLOUR_RGB('',9.E-1,8.3E-1,1.2E-1);
#236=COLOUR_RGB('',9.02E-1,9.02E-1,9.8E-1);
#237=COLOUR_RGB('',9.14E-1,5.88E-1,4.78E-1);
#238=COLOUR_RGB('',9.3E-1,0.E0,9.3E-1);
#239=COLOUR_RGB('',9.3E-1,6.7E-1,5.3E-1);
#240=COLOUR_RGB('',9.3E-1,8.E-1,1.E0);
#241=COLOUR_RGB('',9.3E-1,9.3E-1,0.E0);
#242=COLOUR_RGB('',9.3E-1,1.E0,9.3E-1);
#243=COLOUR_RGB('',9.3E-1,1.E0,1.E0);
#244=COLOUR_RGB('',9.33E-1,5.1E-1,9.33E-1);
#245=COLOUR_RGB('',9.33E-1,9.1E-1,6.67E-1);
#246=COLOUR_RGB('',9.41E-1,5.02E-1,5.02E-1);
#247=COLOUR_RGB('',9.41E-1,9.02E-1,5.49E-1);
#248=COLOUR_RGB('',9.41E-1,9.73E-1,1.E0);
#249=COLOUR_RGB('',9.41E-1,1.E0,9.41E-1);
#250=COLOUR_RGB('',9.41E-1,1.E0,1.E0);
#251=COLOUR_RGB('',9.57E-1,6.43E-1,3.76E-1);
#252=COLOUR_RGB('',9.59E-1,4.9E-2,8.78E-1);
#253=COLOUR_RGB('',9.61E-1,8.71E-1,7.02E-1);
#254=COLOUR_RGB('',9.61E-1,9.61E-1,8.63E-1);
#255=COLOUR_RGB('',9.61E-1,9.61E-1,9.61E-1);
#256=COLOUR_RGB('',9.61E-1,1.E0,9.8E-1);
#257=COLOUR_RGB('',9.73E-1,9.73E-1,1.E0);
#258=COLOUR_RGB('',9.8E-1,5.02E-1,4.47E-1);
#259=COLOUR_RGB('',9.8E-1,6.27E-1,0.E0);
#260=COLOUR_RGB('',9.8E-1,6.47E-1,0.E0);
#261=COLOUR_RGB('',9.8E-1,9.22E-1,8.43E-1);
#262=COLOUR_RGB('',9.8E-1,9.41E-1,9.02E-1);
#263=COLOUR_RGB('',9.8E-1,9.8E-1,8.24E-1);
#264=COLOUR_RGB('',9.89E-1,9.04E-1,2.3E-2);
#265=COLOUR_RGB('',9.92E-1,9.61E-1,9.02E-1);
#266=DRAUGHTING_PRE_DEFINED_COLOUR('red');
#267=COLOUR_RGB('',1.E0,0.E0,2.7E-1);
#268=COLOUR_RGB('',1.E0,0.E0,4.7E-1);
#269=COLOUR_RGB('',1.E0,0.E0,7.8E-1);
#270=DRAUGHTING_PRE_DEFINED_COLOUR('magenta');
#271=COLOUR_RGB('',1.E0,2.7E-2,2.7E-2);
#272=COLOUR_RGB('',1.E0,3.E-2,3.E-2);
#273=COLOUR_RGB('',1.E0,7.E-2,7.E-2);
#274=COLOUR_RGB('',1.E0,7.8E-2,5.76E-1);
#275=COLOUR_RGB('',1.E0,2.E-1,1.E0);
#276=COLOUR_RGB('',1.E0,2.71E-1,0.E0);
#277=COLOUR_RGB('',1.E0,2.7E-1,2.7E-1);
#278=COLOUR_RGB('',1.E0,3.6E-1,0.E0);
#279=COLOUR_RGB('',1.E0,3.88E-1,2.78E-1);
#280=COLOUR_RGB('',1.E0,4.E-1,1.E0);
#281=COLOUR_RGB('',1.E0,4.12E-1,7.06E-1);
#282=COLOUR_RGB('',1.E0,4.7E-1,0.E0);
#283=COLOUR_RGB('',1.E0,4.7E-1,4.7E-1);
#284=COLOUR_RGB('',1.E0,4.7E-1,5.3E-1);
#285=COLOUR_RGB('',1.E0,4.98E-1,3.14E-1);
#286=COLOUR_RGB('',1.E0,5.49E-1,0.E0);
#287=COLOUR_RGB('',1.E0,6.E-1,1.E0);
#288=COLOUR_RGB('',1.E0,6.27E-1,4.78E-1);
#289=COLOUR_RGB('',1.E0,6.47E-1,0.E0);
#290=COLOUR_RGB('',1.E0,6.7E-1,0.E0);
#291=COLOUR_RGB('',1.E0,6.7E-1,6.7E-1);
#292=COLOUR_RGB('',1.E0,7.14E-1,7.57E-1);
#293=COLOUR_RGB('',1.E0,7.2E-1,0.E0);
#294=COLOUR_RGB('',1.E0,7.3E-1,5.3E-1);
#295=COLOUR_RGB('',1.E0,7.3E-1,6.E-1);
#296=COLOUR_RGB('',1.E0,7.53E-1,7.96E-1);
#297=COLOUR_RGB('',1.E0,7.7E-1,6.E-2);
#298=COLOUR_RGB('',1.E0,8.E-1,8.E-1);
#299=COLOUR_RGB('',1.E0,8.E-1,1.E0);
#300=COLOUR_RGB('',1.E0,8.43E-1,0.E0);
#301=COLOUR_RGB('',1.E0,8.55E-1,7.25E-1);
#302=COLOUR_RGB('',1.E0,8.7E-1,0.E0);
#303=COLOUR_RGB('',1.E0,8.71E-1,6.78E-1);
#304=COLOUR_RGB('',1.E0,8.94E-1,7.1E-1);
#305=COLOUR_RGB('',1.E0,8.94E-1,7.69E-1);
#306=COLOUR_RGB('',1.E0,8.94E-1,8.82E-1);
#307=COLOUR_RGB('',1.E0,9.22E-1,8.04E-1);
#308=COLOUR_RGB('',1.E0,9.3E-1,9.3E-1);
#309=COLOUR_RGB('',1.E0,9.3E-1,1.E0);
#310=COLOUR_RGB('',1.E0,9.37E-1,8.35E-1);
#311=COLOUR_RGB('',1.E0,9.41E-1,9.61E-1);
#312=COLOUR_RGB('',1.E0,9.61E-1,9.33E-1);
#313=COLOUR_RGB('',1.E0,9.73E-1,8.63E-1);
#314=COLOUR_RGB('',1.E0,9.8E-1,8.04E-1);
#315=COLOUR_RGB('',1.E0,9.8E-1,9.41E-1);
#316=COLOUR_RGB('',1.E0,9.8E-1,9.8E-1);
#317=DRAUGHTING_PRE_DEFINED_COLOUR('yellow');
#318=COLOUR_RGB('',1.E0,1.E0,1.3E-1);
#319=COLOUR_RGB('',1.E0,1.E0,3.3E-1);
#320=COLOUR_RGB('',1.E0,1.E0,5.3E-1);
#321=COLOUR_RGB('',1.E0,1.E0,7.3E-1);
#322=COLOUR_RGB('',1.E0,1.E0,8.78E-1);
#323=COLOUR_RGB('',1.E0,1.E0,9.3E-1);
#324=COLOUR_RGB('',1.E0,1.E0,9.41E-1);
#325=COLOUR_RGB('',1.E0,1.E0,9.49E-1);
#326=DRAUGHTING_PRE_DEFINED_COLOUR('white');
#332=CIRCLE('',#331,1.E-1);
#348=CIRCLE('',#347,2.000000000142E-1);
#356=CIRCLE('',#355,1.000000000071E-1);
#364=CIRCLE('',#363,1.000000000071E-1);
#393=CIRCLE('',#392,1.98E1);
#408=CIRCLE('',#407,1.E0);
#430=CIRCLE('',#429,2.E-1);
#438=CIRCLE('',#437,2.E-1);
#460=CIRCLE('',#459,1.E0);
#475=CIRCLE('',#474,1.98E1);
#525=CIRCLE('',#524,5.E-1);
#533=CIRCLE('',#532,5.E-1);
#541=CIRCLE('',#540,5.E-1);
#549=CIRCLE('',#548,5.E-1);
#557=CIRCLE('',#556,5.E-1);
#572=CIRCLE('',#571,5.E-1);
#587=CIRCLE('',#586,5.E-1);
#602=CIRCLE('',#601,5.E-1);
#617=CIRCLE('',#616,4.E-1);
#625=CIRCLE('',#624,4.E-1);
#640=CIRCLE('',#639,5.E-1);
#648=CIRCLE('',#647,1.E0);
#663=CIRCLE('',#662,1.E0);
#678=CIRCLE('',#677,1.72E1);
#693=CIRCLE('',#692,1.5E0);
#708=CIRCLE('',#707,1.5E0);
#716=CIRCLE('',#715,1.72E1);
#738=CIRCLE('',#737,5.E-1);
#746=CIRCLE('',#745,5.E-1);
#754=CIRCLE('',#753,5.E-1);
#769=CIRCLE('',#768,4.E0);
#798=CIRCLE('',#797,1.306918537268E0);
#806=CIRCLE('',#805,1.306918537231E0);
#814=CIRCLE('',#813,1.306918537248E0);
#822=CIRCLE('',#821,1.306918537248E0);
#914=CIRCLE('',#913,4.E0);
#922=CIRCLE('',#921,1.214814695273E0);
#930=CIRCLE('',#929,1.214814695273E0);
#938=CIRCLE('',#937,1.214814695281E0);
#946=CIRCLE('',#945,1.214814695255E0);
#961=CIRCLE('',#960,2.E1);
#987=B_SPLINE_CURVE_WITH_KNOTS('',3,(#979,#980,#981,#982,#983,#984,#985,#986),
.UNSPECIFIED.,.F.,.F.,(4,1,1,1,1,4),(0.E0,2.E-1,4.E-1,6.E-1,8.E-1,1.E0),
.UNSPECIFIED.);
#1016=CIRCLE('',#1015,2.224151706301E1);
#1038=CIRCLE('',#1037,2.224133027068E1);
#1076=B_SPLINE_CURVE_WITH_KNOTS('',3,(#1070,#1071,#1072,#1073,#1074,#1075),
.UNSPECIFIED.,.F.,.F.,(4,1,1,4),(0.E0,3.333333333333E-1,6.666666666667E-1,1.E0),
.UNSPECIFIED.);
#1091=CIRCLE('',#1090,2.E1);
#1108=B_SPLINE_CURVE_WITH_KNOTS('',3,(#1102,#1103,#1104,#1105,#1106,#1107),
.UNSPECIFIED.,.F.,.F.,(4,1,1,4),(0.E0,3.333333333333E-1,6.666666666667E-1,1.E0),
.UNSPECIFIED.);
#1116=CIRCLE('',#1115,1.E0);
#1124=CIRCLE('',#1123,1.E0);
#1132=CIRCLE('',#1131,1.E0);
#1140=CIRCLE('',#1139,1.E0);
#1148=CIRCLE('',#1147,5.E0);
#1170=CIRCLE('',#1169,1.E0);
#1178=CIRCLE('',#1177,5.E0);
#1186=CIRCLE('',#1185,1.E0);
#1194=CIRCLE('',#1193,1.E0);
#1202=CIRCLE('',#1201,1.E0);
#1212=B_SPLINE_CURVE_WITH_KNOTS('',3,(#1206,#1207,#1208,#1209,#1210,#1211),
.UNSPECIFIED.,.F.,.F.,(4,1,1,4),(0.E0,3.333333333333E-1,6.666666666667E-1,1.E0),
.UNSPECIFIED.);
#1243=B_SPLINE_CURVE_WITH_KNOTS('',3,(#1237,#1238,#1239,#1240,#1241,#1242),
.UNSPECIFIED.,.F.,.F.,(4,1,1,4),(0.E0,3.333333333333E-1,6.666666666667E-1,1.E0),
.UNSPECIFIED.);
#1260=B_SPLINE_CURVE_WITH_KNOTS('',3,(#1254,#1255,#1256,#1257,#1258,#1259),
.UNSPECIFIED.,.F.,.F.,(4,1,1,4),(0.E0,3.333333333333E-1,6.666666666667E-1,1.E0),
.UNSPECIFIED.);
#1310=CIRCLE('',#1309,2.000000000011E-1);
#1318=CIRCLE('',#1317,1.000000000005E-1);
#1326=CIRCLE('',#1325,1.000000000005E-1);
#1341=CIRCLE('',#1340,9.999999997604E-2);
#1349=CIRCLE('',#1348,1.000000000002E-1);
#1357=CIRCLE('',#1356,1.000000000006E-1);
#1365=CIRCLE('',#1364,9.999999998744E-2);
#1380=B_SPLINE_CURVE_WITH_KNOTS('',3,(#1376,#1377,#1378,#1379),.UNSPECIFIED.,
.F.,.F.,(4,4),(0.E0,1.E0),.UNSPECIFIED.);
#1395=B_SPLINE_CURVE_WITH_KNOTS('',3,(#1391,#1392,#1393,#1394),.UNSPECIFIED.,
.F.,.F.,(4,4),(0.E0,1.E0),.UNSPECIFIED.);
#1404=B_SPLINE_CURVE_WITH_KNOTS('',3,(#1399,#1400,#1401,#1402,#1403),
.UNSPECIFIED.,.F.,.F.,(4,1,4),(0.E0,7.512954976141E-1,1.E0),.UNSPECIFIED.);
#1421=B_SPLINE_CURVE_WITH_KNOTS('',3,(#1408,#1409,#1410,#1411,#1412,#1413,#1414,
#1415,#1416,#1417,#1418,#1419,#1420),.UNSPECIFIED.,.F.,.F.,(4,1,1,1,1,1,1,1,1,1,
4),(0.E0,9.904325966237E-2,2.492027163935E-1,3.993621731246E-1,
4.744419014902E-1,5.495216298558E-1,6.246013582214E-1,6.996810865870E-1,
7.747608149525E-1,8.498405433180E-1,1.E0),.UNSPECIFIED.);
#1444=B_SPLINE_CURVE_WITH_KNOTS('',3,(#1432,#1433,#1434,#1435,#1436,#1437,#1438,
#1439,#1440,#1441,#1442,#1443),.UNSPECIFIED.,.F.,.F.,(4,1,1,1,1,1,1,1,1,4),
(0.E0,1.501593730222E-1,2.252390595771E-1,3.003187461321E-1,3.753984326870E-1,
4.504781192420E-1,6.006374923520E-1,7.507968654619E-1,9.009562385718E-1,1.E0),
.UNSPECIFIED.);
#1453=B_SPLINE_CURVE_WITH_KNOTS('',3,(#1448,#1449,#1450,#1451,#1452),
.UNSPECIFIED.,.F.,.F.,(4,1,4),(0.E0,2.487028777300E-1,1.E0),.UNSPECIFIED.);
#1461=B_SPLINE_CURVE_WITH_KNOTS('',3,(#1457,#1458,#1459,#1460),.UNSPECIFIED.,
.F.,.F.,(4,4),(0.E0,1.E0),.UNSPECIFIED.);
#1476=B_SPLINE_CURVE_WITH_KNOTS('',3,(#1472,#1473,#1474,#1475),.UNSPECIFIED.,
.F.,.F.,(4,4),(0.E0,1.E0),.UNSPECIFIED.);
#1489=B_SPLINE_CURVE_WITH_KNOTS('',3,(#1480,#1481,#1482,#1483,#1484,#1485,#1486,
#1487,#1488),.UNSPECIFIED.,.F.,.F.,(4,1,1,1,1,1,4),(0.E0,2.498653906350E-1,
3.748878255286E-1,4.999102604221E-1,6.249326953157E-1,7.499551302092E-1,1.E0),
.UNSPECIFIED.);
#1500=B_SPLINE_CURVE_WITH_KNOTS('',3,(#1493,#1494,#1495,#1496,#1497,#1498,
#1499),.UNSPECIFIED.,.F.,.F.,(4,1,1,1,4),(0.E0,2.5E-1,5.E-1,7.5E-1,1.E0),
.UNSPECIFIED.);
#1512=B_SPLINE_CURVE_WITH_KNOTS('',3,(#1504,#1505,#1506,#1507,#1508,#1509,#1510,
#1511),.UNSPECIFIED.,.F.,.F.,(4,1,1,1,1,4),(0.E0,2.E-1,4.E-1,6.E-1,8.E-1,1.E0),
.UNSPECIFIED.);
#1523=B_SPLINE_CURVE_WITH_KNOTS('',3,(#1516,#1517,#1518,#1519,#1520,#1521,
#1522),.UNSPECIFIED.,.F.,.F.,(4,1,1,1,4),(0.E0,2.5E-1,5.E-1,7.5E-1,1.E0),
.UNSPECIFIED.);
#1531=CIRCLE('',#1530,1.E-1);
#1539=CIRCLE('',#1538,1.E-1);
#1547=CIRCLE('',#1546,5.E-1);
#1569=CIRCLE('',#1568,1.E-1);
#1577=CIRCLE('',#1576,5.E-1);
#1588=B_SPLINE_CURVE_WITH_KNOTS('',3,(#1581,#1582,#1583,#1584,#1585,#1586,
#1587),.UNSPECIFIED.,.F.,.F.,(4,1,1,1,4),(0.E0,2.5E-1,5.E-1,7.5E-1,1.E0),
.UNSPECIFIED.);
#1596=CIRCLE('',#1595,1.E-1);
#1607=B_SPLINE_CURVE_WITH_KNOTS('',3,(#1600,#1601,#1602,#1603,#1604,#1605,
#1606),.UNSPECIFIED.,.F.,.F.,(4,1,1,1,4),(0.E0,2.5E-1,5.E-1,7.5E-1,1.E0),
.UNSPECIFIED.);
#1617=B_SPLINE_CURVE_WITH_KNOTS('',3,(#1611,#1612,#1613,#1614,#1615,#1616),
.UNSPECIFIED.,.F.,.F.,(4,1,1,4),(0.E0,3.333333333333E-1,6.666666666667E-1,1.E0),
.UNSPECIFIED.);
#1629=B_SPLINE_CURVE_WITH_KNOTS('',3,(#1621,#1622,#1623,#1624,#1625,#1626,#1627,
#1628),.UNSPECIFIED.,.F.,.F.,(4,1,1,1,1,4),(0.E0,2.E-1,4.E-1,6.E-1,8.E-1,1.E0),
.UNSPECIFIED.);
#1639=B_SPLINE_CURVE_WITH_KNOTS('',3,(#1633,#1634,#1635,#1636,#1637,#1638),
.UNSPECIFIED.,.F.,.F.,(4,1,1,4),(0.E0,3.333333333333E-1,6.666666666667E-1,1.E0),
.UNSPECIFIED.);
#1648=B_SPLINE_CURVE_WITH_KNOTS('',3,(#1643,#1644,#1645,#1646,#1647),
.UNSPECIFIED.,.F.,.F.,(4,1,4),(0.E0,5.E-1,1.E0),.UNSPECIFIED.);
#1656=CIRCLE('',#1655,1.E-1);
#1671=CIRCLE('',#1670,1.000000000106E-1);
#1679=CIRCLE('',#1678,2.000000000212E-1);
#1689=B_SPLINE_CURVE_WITH_KNOTS('',3,(#1683,#1684,#1685,#1686,#1687,#1688),
.UNSPECIFIED.,.F.,.F.,(4,1,1,4),(0.E0,3.333333333333E-1,6.666666666667E-1,1.E0),
.UNSPECIFIED.);
#1704=B_SPLINE_CURVE_WITH_KNOTS('',3,(#1700,#1701,#1702,#1703),.UNSPECIFIED.,
.F.,.F.,(4,4),(0.E0,1.E0),.UNSPECIFIED.);
#1714=B_SPLINE_CURVE_WITH_KNOTS('',3,(#1708,#1709,#1710,#1711,#1712,#1713),
.UNSPECIFIED.,.F.,.F.,(4,1,1,4),(0.E0,3.333333333333E-1,6.666666666667E-1,1.E0),
.UNSPECIFIED.);
#1731=B_SPLINE_CURVE_WITH_KNOTS('',3,(#1725,#1726,#1727,#1728,#1729,#1730),
.UNSPECIFIED.,.F.,.F.,(4,1,1,4),(0.E0,3.333333333333E-1,6.666666666667E-1,1.E0),
.UNSPECIFIED.);
#1741=B_SPLINE_CURVE_WITH_KNOTS('',3,(#1735,#1736,#1737,#1738,#1739,#1740),
.UNSPECIFIED.,.F.,.F.,(4,1,1,4),(0.E0,3.333333333333E-1,6.666666666667E-1,1.E0),
.UNSPECIFIED.);
#1758=B_SPLINE_CURVE_WITH_KNOTS('',3,(#1745,#1746,#1747,#1748,#1749,#1750,#1751,
#1752,#1753,#1754,#1755,#1756,#1757),.UNSPECIFIED.,.F.,.F.,(4,1,1,1,1,1,1,1,1,1,
4),(0.E0,1.E-1,2.E-1,3.E-1,4.E-1,5.E-1,6.E-1,7.E-1,8.E-1,9.E-1,1.E0),
.UNSPECIFIED.);
#1782=B_SPLINE_CURVE_WITH_KNOTS('',3,(#1769,#1770,#1771,#1772,#1773,#1774,#1775,
#1776,#1777,#1778,#1779,#1780,#1781),.UNSPECIFIED.,.F.,.F.,(4,1,1,1,1,1,1,1,1,1,
4),(0.E0,1.E-1,2.E-1,3.E-1,4.E-1,5.E-1,6.E-1,7.E-1,8.E-1,9.E-1,1.E0),
.UNSPECIFIED.);
#1792=B_SPLINE_CURVE_WITH_KNOTS('',3,(#1786,#1787,#1788,#1789,#1790,#1791),
.UNSPECIFIED.,.F.,.F.,(4,1,1,4),(0.E0,3.333333333333E-1,6.666666666667E-1,1.E0),
.UNSPECIFIED.);
#1802=B_SPLINE_CURVE_WITH_KNOTS('',3,(#1796,#1797,#1798,#1799,#1800,#1801),
.UNSPECIFIED.,.F.,.F.,(4,1,1,4),(0.E0,3.333333333333E-1,6.666666666667E-1,1.E0),
.UNSPECIFIED.);
#1819=B_SPLINE_CURVE_WITH_KNOTS('',3,(#1813,#1814,#1815,#1816,#1817,#1818),
.UNSPECIFIED.,.F.,.F.,(4,1,1,4),(0.E0,3.333333333333E-1,6.666666666667E-1,1.E0),
.UNSPECIFIED.);
#1827=B_SPLINE_CURVE_WITH_KNOTS('',3,(#1823,#1824,#1825,#1826),.UNSPECIFIED.,
.F.,.F.,(4,4),(0.E0,1.E0),.UNSPECIFIED.);
#1842=B_SPLINE_CURVE_WITH_KNOTS('',3,(#1838,#1839,#1840,#1841),.UNSPECIFIED.,
.F.,.F.,(4,4),(0.E0,1.E0),.UNSPECIFIED.);
#1850=CIRCLE('',#1849,5.E-1);
#1858=B_SPLINE_CURVE_WITH_KNOTS('',3,(#1854,#1855,#1856,#1857),.UNSPECIFIED.,
.F.,.F.,(4,4),(0.E0,1.E0),.UNSPECIFIED.);
#1873=B_SPLINE_CURVE_WITH_KNOTS('',3,(#1869,#1870,#1871,#1872),.UNSPECIFIED.,
.F.,.F.,(4,4),(0.E0,1.E0),.UNSPECIFIED.);
#1881=CIRCLE('',#1880,5.E-1);
#1898=B_SPLINE_CURVE_WITH_KNOTS('',3,(#1892,#1893,#1894,#1895,#1896,#1897),
.UNSPECIFIED.,.F.,.F.,(4,1,1,4),(0.E0,3.333333333333E-1,6.666666666667E-1,1.E0),
.UNSPECIFIED.);
#1915=B_SPLINE_CURVE_WITH_KNOTS('',3,(#1909,#1910,#1911,#1912,#1913,#1914),
.UNSPECIFIED.,.F.,.F.,(4,1,1,4),(0.E0,3.333333333333E-1,6.666666666667E-1,1.E0),
.UNSPECIFIED.);
#1924=B_SPLINE_CURVE_WITH_KNOTS('',3,(#1919,#1920,#1921,#1922,#1923),
.UNSPECIFIED.,.F.,.F.,(4,1,4),(0.E0,5.E-1,1.E0),.UNSPECIFIED.);
#1934=B_SPLINE_CURVE_WITH_KNOTS('',3,(#1928,#1929,#1930,#1931,#1932,#1933),
.UNSPECIFIED.,.F.,.F.,(4,1,1,4),(0.E0,3.333333333333E-1,6.666666666667E-1,1.E0),
.UNSPECIFIED.);
#1942=B_SPLINE_CURVE_WITH_KNOTS('',3,(#1938,#1939,#1940,#1941),.UNSPECIFIED.,
.F.,.F.,(4,4),(0.E0,1.E0),.UNSPECIFIED.);
#1957=B_SPLINE_CURVE_WITH_KNOTS('',3,(#1953,#1954,#1955,#1956),.UNSPECIFIED.,
.F.,.F.,(4,4),(0.E0,1.E0),.UNSPECIFIED.);
#1965=B_SPLINE_CURVE_WITH_KNOTS('',3,(#1961,#1962,#1963,#1964),.UNSPECIFIED.,
.F.,.F.,(4,4),(0.E0,1.E0),.UNSPECIFIED.);
#1973=B_SPLINE_CURVE_WITH_KNOTS('',3,(#1969,#1970,#1971,#1972),.UNSPECIFIED.,
.F.,.F.,(4,4),(0.E0,1.E0),.UNSPECIFIED.);
#1981=CIRCLE('',#1980,4.E-1);
#1989=CIRCLE('',#1988,4.E-1);
#1997=CIRCLE('',#1996,1.000000000012E-1);
#2005=CIRCLE('',#2004,2.000000000025E-1);
#2027=CIRCLE('',#2026,1.E0);
#2035=CIRCLE('',#2034,1.E0);
#2043=CIRCLE('',#2042,1.E0);
#2065=CIRCLE('',#2064,1.E0);
#2073=CIRCLE('',#2072,1.E0);
#2081=CIRCLE('',#2080,1.E0);
#2103=CIRCLE('',#2102,1.E0);
#2111=CIRCLE('',#2110,1.E0);
#2133=CIRCLE('',#2132,1.E0);
#2148=CIRCLE('',#2147,1.25E0);
#2156=CIRCLE('',#2155,1.25E0);
#2164=CIRCLE('',#2163,1.25E0);
#2172=CIRCLE('',#2171,1.25E0);
#2215=CIRCLE('',#2214,1.E0);
#2223=CIRCLE('',#2222,1.E0);
#2238=CIRCLE('',#2237,1.25E0);
#2246=CIRCLE('',#2245,1.25E0);
#2254=CIRCLE('',#2253,1.25E0);
#2262=CIRCLE('',#2261,1.25E0);
#2284=CIRCLE('',#2283,5.E-1);
#2292=CIRCLE('',#2291,5.E-1);
#2307=CIRCLE('',#2306,5.E-1);
#2322=CIRCLE('',#2321,5.E-1);
#2330=CIRCLE('',#2329,1.E0);
#2352=CIRCLE('',#2351,1.E0);
#2367=CIRCLE('',#2366,1.25E0);
#2375=CIRCLE('',#2374,1.25E0);
#2383=CIRCLE('',#2382,1.25E0);
#2391=CIRCLE('',#2390,1.25E0);
#2434=CIRCLE('',#2433,1.E0);
#2442=CIRCLE('',#2441,1.E0);
#2457=CIRCLE('',#2456,1.25E0);
#2465=CIRCLE('',#2464,1.25E0);
#2473=CIRCLE('',#2472,1.25E0);
#2481=CIRCLE('',#2480,1.25E0);
#2496=CIRCLE('',#2495,1.E0);
#2546=CIRCLE('',#2545,5.E-1);
#2561=CIRCLE('',#2560,5.E-1);
#2576=CIRCLE('',#2575,5.E-1);
#2591=CIRCLE('',#2590,5.E-1);
#2865=CIRCLE('',#2864,1.500000000003E0);
#2880=CIRCLE('',#2879,1.500000000003E0);
#2902=CIRCLE('',#2901,1.5E0);
#2910=CIRCLE('',#2909,1.5E0);
#3016=CIRCLE('',#3015,6.928203230286E-1);
#3045=CIRCLE('',#3044,6.928203230286E-1);
#3060=CIRCLE('',#3059,6.928203230286E-1);
#3068=CIRCLE('',#3067,6.928203230286E-1);
#3083=CIRCLE('',#3082,6.928203230286E-1);
#3098=CIRCLE('',#3097,6.928203230286E-1);
#3113=CIRCLE('',#3112,1.499999999998E0);
#3128=CIRCLE('',#3127,1.499999999998E0);
#3150=CIRCLE('',#3149,1.5E0);
#3158=CIRCLE('',#3157,1.5E0);
#3264=CIRCLE('',#3263,6.928203230285E-1);
#3293=CIRCLE('',#3292,6.928203230287E-1);
#3308=CIRCLE('',#3307,6.928203230288E-1);
#3316=CIRCLE('',#3315,6.928203230287E-1);
#3331=CIRCLE('',#3330,6.928203230286E-1);
#3346=CIRCLE('',#3345,6.928203230285E-1);
#3361=CIRCLE('',#3360,1.5E0);
#3376=CIRCLE('',#3375,1.499999999999E0);
#3398=CIRCLE('',#3397,1.5E0);
#3406=CIRCLE('',#3405,1.5E0);
#3512=CIRCLE('',#3511,6.928203230287E-1);
#3541=CIRCLE('',#3540,6.928203230285E-1);
#3556=CIRCLE('',#3555,6.928203230285E-1);
#3564=CIRCLE('',#3563,6.928203230286E-1);
#3579=CIRCLE('',#3578,6.928203230287E-1);
#3594=CIRCLE('',#3593,6.928203230288E-1);
#3609=CIRCLE('',#3608,1.499999999997E0);
#3624=CIRCLE('',#3623,1.499999999997E0);
#3646=CIRCLE('',#3645,1.5E0);
#3654=CIRCLE('',#3653,1.5E0);
#3760=CIRCLE('',#3759,6.928203230286E-1);
#3789=CIRCLE('',#3788,6.928203230286E-1);
#3804=CIRCLE('',#3803,6.928203230286E-1);
#3812=CIRCLE('',#3811,6.928203230286E-1);
#3827=CIRCLE('',#3826,6.928203230286E-1);
#3842=CIRCLE('',#3841,6.928203230286E-1);
#3962=CIRCLE('',#3961,5.E-1);
#3977=CIRCLE('',#3976,5.E-1);
#3992=CIRCLE('',#3991,5.E-1);
#4182=CIRCLE('',#4181,5.E-1);
#4190=CIRCLE('',#4189,5.E-1);
#4198=CIRCLE('',#4197,5.E-1);
#4213=CIRCLE('',#4212,5.E-1);
#4221=CIRCLE('',#4220,5.E-1);
#4229=CIRCLE('',#4228,4.E-1);
#4237=CIRCLE('',#4236,4.E-1);
#4245=CIRCLE('',#4244,5.E-1);
#4253=CIRCLE('',#4252,1.330347275807E0);
#4261=CIRCLE('',#4260,1.330347275807E0);
#4269=CIRCLE('',#4268,1.330347275807E0);
#4277=CIRCLE('',#4276,1.330347275807E0);
#4292=CIRCLE('',#4291,1.5E0);
#4307=CIRCLE('',#4306,1.5E0);
#4329=CIRCLE('',#4328,1.5E0);
#4337=CIRCLE('',#4336,1.5E0);
#4443=CIRCLE('',#4442,6.928203230276E-1);
#4472=CIRCLE('',#4471,6.928203230276E-1);
#4487=CIRCLE('',#4486,6.928203230276E-1);
#4495=CIRCLE('',#4494,6.928203230276E-1);
#4510=CIRCLE('',#4509,6.928203230276E-1);
#4525=CIRCLE('',#4524,6.928203230276E-1);
#4540=CIRCLE('',#4539,1.5E0);
#4555=CIRCLE('',#4554,1.5E0);
#4577=CIRCLE('',#4576,1.5E0);
#4585=CIRCLE('',#4584,1.5E0);
#4691=CIRCLE('',#4690,6.928203230276E-1);
#4720=CIRCLE('',#4719,6.928203230276E-1);
#4735=CIRCLE('',#4734,6.928203230276E-1);
#4743=CIRCLE('',#4742,6.928203230276E-1);
#4758=CIRCLE('',#4757,6.928203230276E-1);
#4773=CIRCLE('',#4772,6.928203230276E-1);
#4891=B_SPLINE_CURVE_WITH_KNOTS('',3,(#4875,#4876,#4877,#4878,#4879,#4880,#4881,
#4882,#4883,#4884,#4885,#4886,#4887,#4888,#4889,#4890),.UNSPECIFIED.,.F.,.F.,(4,
1,1,1,1,1,1,1,1,1,1,1,1,4),(0.E0,7.692307692308E-2,1.538461538462E-1,
2.307692307692E-1,3.076923076923E-1,3.846153846154E-1,4.615384615385E-1,
5.384615384615E-1,6.153846153846E-1,6.923076923077E-1,7.692307692308E-1,
8.461538461538E-1,9.230769230769E-1,1.E0),.UNSPECIFIED.);
#4918=B_SPLINE_CURVE_WITH_KNOTS('',3,(#4902,#4903,#4904,#4905,#4906,#4907,#4908,
#4909,#4910,#4911,#4912,#4913,#4914,#4915,#4916,#4917),.UNSPECIFIED.,.F.,.F.,(4,
1,1,1,1,1,1,1,1,1,1,1,1,4),(0.E0,7.692307692308E-2,1.538461538462E-1,
2.307692307692E-1,3.076923076923E-1,3.846153846154E-1,4.615384615385E-1,
5.384615384615E-1,6.153846153846E-1,6.923076923077E-1,7.692307692308E-1,
8.461538461538E-1,9.230769230769E-1,1.E0),.UNSPECIFIED.);
#4930=B_SPLINE_CURVE_WITH_KNOTS('',3,(#4922,#4923,#4924,#4925,#4926,#4927,#4928,
#4929),.UNSPECIFIED.,.F.,.F.,(4,1,1,1,1,4),(0.E0,2.E-1,4.E-1,6.E-1,8.E-1,1.E0),
.UNSPECIFIED.);
#4950=B_SPLINE_CURVE_WITH_KNOTS('',3,(#4934,#4935,#4936,#4937,#4938,#4939,#4940,
#4941,#4942,#4943,#4944,#4945,#4946,#4947,#4948,#4949),.UNSPECIFIED.,.F.,.F.,(4,
1,1,1,1,1,1,1,1,1,1,1,1,4),(0.E0,7.692307692308E-2,1.538461538462E-1,
2.307692307692E-1,3.076923076923E-1,3.846153846154E-1,4.615384615385E-1,
5.384615384615E-1,6.153846153846E-1,6.923076923077E-1,7.692307692308E-1,
8.461538461538E-1,9.230769230769E-1,1.E0),.UNSPECIFIED.);
#4961=B_SPLINE_CURVE_WITH_KNOTS('',3,(#4954,#4955,#4956,#4957,#4958,#4959,
#4960),.UNSPECIFIED.,.F.,.F.,(4,1,1,1,4),(0.E0,2.401701765349E-1,
5.237725910069E-1,8.073750054789E-1,1.E0),.UNSPECIFIED.);
#4990=B_SPLINE_CURVE_WITH_KNOTS('',3,(#4986,#4987,#4988,#4989),.UNSPECIFIED.,
.F.,.F.,(4,4),(0.E0,1.E0),.UNSPECIFIED.);
#4998=CIRCLE('',#4997,6.999992341047E-1);
#5006=CIRCLE('',#5005,6.999992341047E-1);
#5014=B_SPLINE_CURVE_WITH_KNOTS('',3,(#5010,#5011,#5012,#5013),.UNSPECIFIED.,
.F.,.F.,(4,4),(0.E0,1.E0),.UNSPECIFIED.);
#5034=B_SPLINE_CURVE_WITH_KNOTS('',3,(#5018,#5019,#5020,#5021,#5022,#5023,#5024,
#5025,#5026,#5027,#5028,#5029,#5030,#5031,#5032,#5033),.UNSPECIFIED.,.F.,.F.,(4,
1,1,1,1,1,1,1,1,1,1,1,1,4),(0.E0,7.692307692308E-2,1.538461538462E-1,
2.307692307692E-1,3.076923076923E-1,3.846153846154E-1,4.615384615385E-1,
5.384615384615E-1,6.153846153846E-1,6.923076923077E-1,7.692307692308E-1,
8.461538461538E-1,9.230769230769E-1,1.E0),.UNSPECIFIED.);
#5052=B_SPLINE_CURVE_WITH_KNOTS('',3,(#5045,#5046,#5047,#5048,#5049,#5050,
#5051),.UNSPECIFIED.,.F.,.F.,(4,1,1,1,4),(0.E0,1.926194519963E-1,
4.762238130399E-1,7.598281740833E-1,1.E0),.UNSPECIFIED.);
#5064=B_SPLINE_CURVE_WITH_KNOTS('',3,(#5056,#5057,#5058,#5059,#5060,#5061,#5062,
#5063),.UNSPECIFIED.,.F.,.F.,(4,1,1,1,1,4),(0.E0,2.E-1,4.E-1,6.E-1,8.E-1,1.E0),
.UNSPECIFIED.);
#5072=CIRCLE('',#5071,1.72E1);
#5083=B_SPLINE_CURVE_WITH_KNOTS('',3,(#5076,#5077,#5078,#5079,#5080,#5081,
#5082),.UNSPECIFIED.,.F.,.F.,(4,1,1,1,4),(0.E0,2.5E-1,5.E-1,7.5E-1,1.E0),
.UNSPECIFIED.);
#5108=B_SPLINE_CURVE_WITH_KNOTS('',3,(#5101,#5102,#5103,#5104,#5105,#5106,
#5107),.UNSPECIFIED.,.F.,.F.,(4,1,1,1,4),(0.E0,2.379112760571E-1,
5.207443841745E-1,8.035774922920E-1,1.E0),.UNSPECIFIED.);
#5116=CIRCLE('',#5115,1.499925737622E0);
#5134=B_SPLINE_CURVE_WITH_KNOTS('',3,(#5127,#5128,#5129,#5130,#5131,#5132,
#5133),.UNSPECIFIED.,.F.,.F.,(4,1,1,1,4),(0.E0,2.399396993645E-1,
5.236366621001E-1,8.073336248357E-1,1.E0),.UNSPECIFIED.);
#5152=B_SPLINE_CURVE_WITH_KNOTS('',3,(#5145,#5146,#5147,#5148,#5149,#5150,
#5151),.UNSPECIFIED.,.F.,.F.,(4,1,1,1,4),(0.E0,2.379112760557E-1,
5.207443841735E-1,8.035774922914E-1,1.E0),.UNSPECIFIED.);
#5160=CIRCLE('',#5159,1.499925737625E0);
#5178=B_SPLINE_CURVE_WITH_KNOTS('',3,(#5171,#5172,#5173,#5174,#5175,#5176,
#5177),.UNSPECIFIED.,.F.,.F.,(4,1,1,1,4),(0.E0,2.399522528775E-1,
5.236445313069E-1,8.073368097362E-1,1.E0),.UNSPECIFIED.);
#5196=B_SPLINE_CURVE_WITH_KNOTS('',3,(#5189,#5190,#5191,#5192,#5193,#5194,
#5195),.UNSPECIFIED.,.F.,.F.,(4,1,1,1,4),(0.E0,2.5E-1,5.E-1,7.5E-1,1.E0),
.UNSPECIFIED.);
#5204=CIRCLE('',#5203,1.72E1);
#5240=CIRCLE('',#5239,5.E-1);
#5248=CIRCLE('',#5247,5.E-1);
#5263=CIRCLE('',#5262,5.E-1);
#6108=EDGE_CURVE('',#5924,#5895,#332,.T.);
#6110=EDGE_CURVE('',#5894,#5895,#1819,.T.);
#6112=EDGE_CURVE('',#5925,#5894,#1924,.T.);
#6114=EDGE_CURVE('',#5924,#5925,#1395,.T.);
#6118=ADVANCED_FACE('',(#6117),#6107,.T.);
#6124=EDGE_CURVE('',#5887,#5922,#356,.T.);
#6126=EDGE_CURVE('',#5887,#5895,#340,.T.);
#6129=EDGE_CURVE('',#5922,#5924,#1372,.T.);
#6133=ADVANCED_FACE('',(#6132),#6123,.T.);
#6151=EDGE_CURVE('',#5889,#5887,#348,.T.);
#6154=EDGE_CURVE('',#5920,#5922,#1365,.T.);
#6156=EDGE_CURVE('',#5920,#5889,#364,.T.);
#6160=ADVANCED_FACE('',(#6159),#6150,.T.);
#6166=EDGE_CURVE('',#5372,#5374,#430,.T.);
#6168=EDGE_CURVE('',#5372,#5887,#371,.T.);
#6171=EDGE_CURVE('',#5885,#5889,#2005,.T.);
#6173=EDGE_CURVE('',#5885,#5374,#378,.T.);
#6177=ADVANCED_FACE('',(#6176),#6165,.T.);
#6183=EDGE_CURVE('',#5361,#5362,#385,.T.);
#6185=EDGE_CURVE('',#5362,#5364,#393,.T.);
#6187=EDGE_CURVE('',#5364,#5366,#400,.T.);
#6189=EDGE_CURVE('',#5366,#5368,#408,.T.);
#6191=EDGE_CURVE('',#5368,#5370,#415,.T.);
#6193=EDGE_CURVE('',#5370,#5372,#422,.T.);
#6196=EDGE_CURVE('',#5376,#5374,#1288,.T.);
#6198=EDGE_CURVE('',#5376,#5378,#438,.T.);
#6200=EDGE_CURVE('',#5378,#5380,#445,.T.);
#6202=EDGE_CURVE('',#5380,#5382,#452,.T.);
#6204=EDGE_CURVE('',#5382,#5384,#460,.T.);
#6206=EDGE_CURVE('',#5384,#5386,#467,.T.);
#6208=EDGE_CURVE('',#5386,#5388,#475,.T.);
#6210=EDGE_CURVE('',#5388,#5390,#482,.T.);
#6212=EDGE_CURVE('',#5390,#5392,#489,.T.);
#6214=EDGE_CURVE('',#5394,#5392,#2118,.T.);
#6216=EDGE_CURVE('',#5396,#5394,#2186,.T.);
#6218=EDGE_CURVE('',#5398,#5396,#2230,.T.);
#6220=EDGE_CURVE('',#5398,#5400,#496,.T.);
#6222=EDGE_CURVE('',#5400,#5402,#503,.T.);
#6224=EDGE_CURVE('',#5404,#5402,#2405,.T.);
#6226=EDGE_CURVE('',#5404,#5406,#510,.T.);
#6228=EDGE_CURVE('',#5406,#5361,#517,.T.);
#6232=EDGE_CURVE('',#5409,#5410,#3849,.T.);
#6234=EDGE_CURVE('',#5412,#5409,#3940,.T.);
#6236=EDGE_CURVE('',#5414,#5412,#3933,.T.);
#6238=EDGE_CURVE('',#5414,#5416,#525,.T.);
#6240=EDGE_CURVE('',#5418,#5416,#3898,.T.);
#6242=EDGE_CURVE('',#5418,#5420,#533,.T.);
#6244=EDGE_CURVE('',#5422,#5420,#3870,.T.);
#6246=EDGE_CURVE('',#5422,#5410,#541,.T.);
#6250=EDGE_CURVE('',#5425,#5426,#549,.T.);
#6252=EDGE_CURVE('',#5428,#5426,#4174,.T.);
#6254=EDGE_CURVE('',#5428,#5430,#557,.T.);
#6256=EDGE_CURVE('',#5430,#5432,#564,.T.);
#6258=EDGE_CURVE('',#5432,#5434,#572,.T.);
#6260=EDGE_CURVE('',#5434,#5436,#579,.T.);
#6262=EDGE_CURVE('',#5436,#5438,#587,.T.);
#6264=EDGE_CURVE('',#5438,#5440,#594,.T.);
#6266=EDGE_CURVE('',#5440,#5442,#602,.T.);
#6268=EDGE_CURVE('',#5442,#5444,#609,.T.);
#6270=EDGE_CURVE('',#5444,#5446,#617,.T.);
#6272=EDGE_CURVE('',#5448,#5446,#4062,.T.);
#6274=EDGE_CURVE('',#5448,#5450,#625,.T.);
#6276=EDGE_CURVE('',#5450,#5452,#632,.T.);
#6278=EDGE_CURVE('',#5452,#5454,#640,.T.);
#6280=EDGE_CURVE('',#5425,#5454,#4013,.T.);
#6284=EDGE_CURVE('',#5457,#5458,#648,.T.);
#6286=EDGE_CURVE('',#5458,#5460,#655,.T.);
#6288=EDGE_CURVE('',#5460,#5462,#663,.T.);
#6290=EDGE_CURVE('',#5462,#5464,#670,.T.);
#6292=EDGE_CURVE('',#5464,#5466,#678,.T.);
#6294=EDGE_CURVE('',#5466,#5468,#685,.T.);
#6296=EDGE_CURVE('',#5468,#5470,#693,.T.);
#6298=EDGE_CURVE('',#5470,#5353,#700,.T.);
#6300=EDGE_CURVE('',#5353,#5354,#708,.T.);
#6302=EDGE_CURVE('',#5472,#5354,#4808,.T.);
#6304=EDGE_CURVE('',#5472,#5474,#716,.T.);
#6306=EDGE_CURVE('',#5474,#5457,#723,.T.);
#6310=EDGE_CURVE('',#5477,#5478,#730,.T.);
#6312=EDGE_CURVE('',#5480,#5478,#5218,.T.);
#6314=EDGE_CURVE('',#5482,#5480,#5333,.T.);
#6316=EDGE_CURVE('',#5482,#5484,#738,.T.);
#6318=EDGE_CURVE('',#5486,#5484,#5312,.T.);
#6320=EDGE_CURVE('',#5486,#5488,#746,.T.);
#6322=EDGE_CURVE('',#5490,#5488,#5284,.T.);
#6324=EDGE_CURVE('',#5490,#5477,#754,.T.);
#6328=ADVANCED_FACE('',(#6231,#6249,#6283,#6309,#6327),#6182,.F.);
#6341=EDGE_CURVE('',#5633,#5634,#761,.T.);
#6343=EDGE_CURVE('',#5362,#5634,#1083,.T.);
#6346=EDGE_CURVE('',#5633,#5361,#2503,.T.);
#6350=ADVANCED_FACE('',(#6349),#6340,.T.);
#6363=EDGE_CURVE('',#5637,#5638,#836,.T.);
#6365=EDGE_CURVE('',#5637,#5640,#769,.T.);
#6367=EDGE_CURVE('',#5640,#5642,#776,.T.);
#6369=EDGE_CURVE('',#5642,#5634,#783,.T.);
#6372=EDGE_CURVE('',#5633,#5638,#790,.T.);
#6376=EDGE_CURVE('',#5645,#5646,#798,.T.);
#6378=EDGE_CURVE('',#5646,#5645,#806,.T.);
#6382=EDGE_CURVE('',#5649,#5650,#814,.T.);
#6384=EDGE_CURVE('',#5650,#5649,#822,.T.);
#6388=ADVANCED_FACE('',(#6375,#6381,#6387),#6362,.F.);
#6401=EDGE_CURVE('',#5721,#5722,#829,.T.);
#6403=EDGE_CURVE('',#5637,#5722,#1140,.T.);
#6406=EDGE_CURVE('',#5721,#5638,#2496,.T.);
#6410=ADVANCED_FACE('',(#6409),#6400,.T.);
#6423=EDGE_CURVE('',#5725,#5726,#885,.T.);
#6425=EDGE_CURVE('',#5722,#5725,#1155,.T.);
#6428=EDGE_CURVE('',#5721,#5728,#843,.T.);
#6430=EDGE_CURVE('',#5730,#5728,#2449,.T.);
#6432=EDGE_CURVE('',#5732,#5730,#2426,.T.);
#6434=EDGE_CURVE('',#5734,#5732,#2344,.T.);
#6436=EDGE_CURVE('',#5734,#5736,#850,.T.);
#6438=EDGE_CURVE('',#5736,#5738,#857,.T.);
#6440=EDGE_CURVE('',#5740,#5738,#2207,.T.);
#6442=EDGE_CURVE('',#5740,#5742,#864,.T.);
#6444=EDGE_CURVE('',#5742,#5726,#871,.T.);
#6448=ADVANCED_FACE('',(#6447),#6422,.T.);
#6461=EDGE_CURVE('',#5745,#5746,#878,.T.);
#6463=EDGE_CURVE('',#5725,#5746,#1186,.T.);
#6466=EDGE_CURVE('',#5745,#5726,#2103,.T.);
#6470=ADVANCED_FACE('',(#6469),#6460,.T.);
#6483=EDGE_CURVE('',#5749,#5750,#892,.T.);
#6485=EDGE_CURVE('',#5750,#5752,#899,.T.);
#6487=EDGE_CURVE('',#5752,#5754,#906,.T.);
#6489=EDGE_CURVE('',#5754,#5746,#914,.T.);
#6492=EDGE_CURVE('',#5749,#5745,#2095,.T.);
#6496=EDGE_CURVE('',#5757,#5758,#922,.T.);
#6498=EDGE_CURVE('',#5758,#5757,#930,.T.);
#6502=EDGE_CURVE('',#5761,#5762,#938,.T.);
#6504=EDGE_CURVE('',#5762,#5761,#946,.T.);
#6508=ADVANCED_FACE('',(#6495,#6501,#6507),#6482,.F.);
#6522=EDGE_CURVE('',#5750,#5388,#968,.T.);
#6525=EDGE_CURVE('',#5390,#5749,#2088,.T.);
#6529=ADVANCED_FACE('',(#6528),#6520,.T.);
#6543=EDGE_CURVE('',#5386,#5832,#953,.T.);
#6545=EDGE_CURVE('',#5832,#5750,#961,.T.);
#6550=ADVANCED_FACE('',(#6549),#6541,.T.);
#6563=EDGE_CURVE('',#5834,#5832,#975,.T.);
#6567=EDGE_CURVE('',#5384,#5834,#987,.T.);
#6571=ADVANCED_FACE('',(#6570),#6562,.T.);
#6584=EDGE_CURVE('',#5837,#5838,#994,.T.);
#6586=EDGE_CURVE('',#5838,#5832,#1001,.T.);
#6589=EDGE_CURVE('',#5837,#5834,#2057,.T.);
#6593=ADVANCED_FACE('',(#6592),#6583,.F.);
#6606=EDGE_CURVE('',#5841,#5842,#1045,.T.);
#6608=EDGE_CURVE('',#5838,#5841,#1202,.T.);
#6611=EDGE_CURVE('',#5842,#5837,#2035,.T.);
#6615=ADVANCED_FACE('',(#6614),#6605,.T.);
#6628=EDGE_CURVE('',#5845,#5846,#1008,.T.);
#6630=EDGE_CURVE('',#5846,#5848,#1016,.T.);
#6632=EDGE_CURVE('',#5848,#5850,#1023,.T.);
#6634=EDGE_CURVE('',#5852,#5850,#1162,.T.);
#6636=EDGE_CURVE('',#5852,#5854,#1030,.T.);
#6638=EDGE_CURVE('',#5854,#5841,#1038,.T.);
#6641=EDGE_CURVE('',#5845,#5842,#2012,.T.);
#6645=ADVANCED_FACE('',(#6644),#6627,.F.);
#6658=EDGE_CURVE('',#5857,#5858,#1059,.T.);
#6660=EDGE_CURVE('',#5846,#5857,#1116,.T.);
#6663=EDGE_CURVE('',#5858,#5845,#2065,.T.);
#6667=ADVANCED_FACE('',(#6666),#6657,.T.);
#6680=EDGE_CURVE('',#5861,#5862,#1066,.T.);
#6682=EDGE_CURVE('',#5861,#5857,#1052,.T.);
#6685=EDGE_CURVE('',#5862,#5858,#1226,.T.);
#6689=ADVANCED_FACE('',(#6688),#6679,.F.);
#6703=EDGE_CURVE('',#5861,#5364,#1098,.T.);
#6706=EDGE_CURVE('',#5862,#5366,#1076,.T.);
#6710=ADVANCED_FACE('',(#6709),#6701,.T.);
#6725=EDGE_CURVE('',#5634,#5861,#1091,.T.);
#6730=ADVANCED_FACE('',(#6729),#6722,.T.);
#6745=EDGE_CURVE('',#5642,#5857,#1108,.T.);
#6750=ADVANCED_FACE('',(#6749),#6742,.T.);
#6766=EDGE_CURVE('',#5848,#5642,#1124,.T.);
#6770=ADVANCED_FACE('',(#6769),#6762,.T.);
#6783=EDGE_CURVE('',#5850,#5640,#1132,.T.);
#6790=ADVANCED_FACE('',(#6789),#6782,.T.);
#6806=EDGE_CURVE('',#5722,#5850,#1148,.T.);
#6810=ADVANCED_FACE('',(#6809),#6802,.T.);
#6824=EDGE_CURVE('',#5852,#5725,#1178,.T.);
#6830=ADVANCED_FACE('',(#6829),#6822,.T.);
#6844=EDGE_CURVE('',#5754,#5852,#1170,.T.);
#6850=ADVANCED_FACE('',(#6849),#6842,.T.);
#6865=EDGE_CURVE('',#5752,#5854,#1194,.T.);
#6870=ADVANCED_FACE('',(#6869),#6862,.T.);
#6886=EDGE_CURVE('',#5838,#5752,#1212,.T.);
#6890=ADVANCED_FACE('',(#6889),#6882,.T.);
#6909=ADVANCED_FACE('',(#6908),#6902,.T.);
#6922=EDGE_CURVE('',#5864,#5368,#1219,.T.);
#6927=EDGE_CURVE('',#5864,#5858,#2081,.T.);
#6931=ADVANCED_FACE('',(#6930),#6921,.T.);
#6944=EDGE_CURVE('',#5866,#5380,#1267,.T.);
#6946=EDGE_CURVE('',#5868,#5866,#1721,.T.);
#6948=EDGE_CURVE('',#5868,#5370,#1233,.T.);
#6952=EDGE_CURVE('',#5870,#5864,#2019,.T.);
#6954=EDGE_CURVE('',#5382,#5870,#2050,.T.);
#6959=ADVANCED_FACE('',(#6958),#6943,.F.);
#6973=EDGE_CURVE('',#5872,#5378,#1281,.T.);
#6975=EDGE_CURVE('',#5874,#5872,#1663,.T.);
#6977=EDGE_CURVE('',#5874,#5875,#1243,.T.);
#6979=EDGE_CURVE('',#5876,#5875,#1639,.T.);
#6981=EDGE_CURVE('',#5876,#5878,#1250,.T.);
#6983=EDGE_CURVE('',#5878,#5879,#1260,.T.);
#6985=EDGE_CURVE('',#5866,#5879,#1731,.T.);
#6990=ADVANCED_FACE('',(#6989),#6971,.F.);
#6997=EDGE_CURVE('',#5376,#5881,#1274,.T.);
#6999=EDGE_CURVE('',#5883,#5881,#1310,.T.);
#7001=EDGE_CURVE('',#5872,#5883,#1679,.T.);
#7006=ADVANCED_FACE('',(#7005),#6995,.T.);
#7014=EDGE_CURVE('',#5881,#5885,#1295,.T.);
#7019=ADVANCED_FACE('',(#7018),#7011,.F.);
#7025=EDGE_CURVE('',#5881,#5916,#1318,.T.);
#7028=EDGE_CURVE('',#5918,#5885,#1997,.T.);
#7030=EDGE_CURVE('',#5918,#5916,#1302,.T.);
#7034=ADVANCED_FACE('',(#7033),#7024,.T.);
#7054=EDGE_CURVE('',#5914,#5916,#1349,.T.);
#7056=EDGE_CURVE('',#5914,#5883,#1326,.T.);
#7060=ADVANCED_FACE('',(#7059),#7051,.T.);
#7066=EDGE_CURVE('',#5910,#5924,#1387,.T.);
#7068=EDGE_CURVE('',#5910,#5912,#1333,.T.);
#7070=EDGE_CURVE('',#5912,#5914,#1341,.T.);
#7074=EDGE_CURVE('',#5918,#5920,#1357,.T.);
#7080=ADVANCED_FACE('',(#7079),#7065,.T.);
#7086=EDGE_CURVE('',#5908,#5925,#1468,.T.);
#7088=EDGE_CURVE('',#5908,#5910,#1380,.T.);
#7094=ADVANCED_FACE('',(#7093),#7085,.T.);
#7100=EDGE_CURVE('',#5926,#5929,#1404,.T.);
#7102=EDGE_CURVE('',#5929,#5928,#1421,.T.);
#7104=EDGE_CURVE('',#5928,#5907,#1428,.T.);
#7106=EDGE_CURVE('',#5907,#5906,#1444,.T.);
#7108=EDGE_CURVE('',#5906,#5905,#1453,.T.);
#7110=EDGE_CURVE('',#5905,#5908,#1461,.T.);
#7113=EDGE_CURVE('',#5925,#5926,#1476,.T.);
#7117=ADVANCED_FACE('',(#7116),#7099,.F.);
#7245=EDGE_CURVE('',#5927,#5928,#1489,.T.);
#7249=EDGE_CURVE('',#5926,#5893,#1500,.T.);
#7251=EDGE_CURVE('',#5893,#5927,#1512,.T.);
#7255=ADVANCED_FACE('',(#7254),#7244,.T.);
#7273=EDGE_CURVE('',#5930,#5931,#1523,.T.);
#7275=EDGE_CURVE('',#5928,#5931,#1973,.T.);
#7278=EDGE_CURVE('',#5930,#5927,#1842,.T.);
#7282=ADVANCED_FACE('',(#7281),#7272,.T.);
#7300=EDGE_CURVE('',#5934,#5935,#1531,.T.);
#7302=EDGE_CURVE('',#5931,#5935,#1942,.T.);
#7305=EDGE_CURVE('',#5934,#5930,#1915,.T.);
#7309=ADVANCED_FACE('',(#7308),#7299,.T.);
#7315=EDGE_CURVE('',#5938,#5939,#1539,.T.);
#7317=EDGE_CURVE('',#5935,#5939,#1989,.T.);
#7320=EDGE_CURVE('',#5934,#5938,#1547,.T.);
#7324=ADVANCED_FACE('',(#7323),#7314,.T.);
#7330=EDGE_CURVE('',#5942,#5943,#1569,.T.);
#7332=EDGE_CURVE('',#5942,#5939,#1554,.T.);
#7335=EDGE_CURVE('',#5938,#5943,#1561,.T.);
#7339=ADVANCED_FACE('',(#7338),#7329,.T.);
#7345=EDGE_CURVE('',#5946,#5947,#1596,.T.);
#7347=EDGE_CURVE('',#5942,#5946,#1981,.T.);
#7350=EDGE_CURVE('',#5943,#5947,#1577,.T.);
#7354=ADVANCED_FACE('',(#7353),#7344,.T.);
#7372=EDGE_CURVE('',#5902,#5948,#1588,.T.);
#7374=EDGE_CURVE('',#5946,#5948,#1957,.T.);
#7377=EDGE_CURVE('',#5902,#5947,#1898,.T.);
#7381=ADVANCED_FACE('',(#7380),#7371,.T.);
#7399=EDGE_CURVE('',#5901,#5907,#1607,.T.);
#7401=EDGE_CURVE('',#5948,#5907,#1965,.T.);
#7404=EDGE_CURVE('',#5901,#5902,#1689,.T.);
#7408=ADVANCED_FACE('',(#7407),#7398,.T.);
#7527=EDGE_CURVE('',#5876,#5905,#1617,.T.);
#7532=EDGE_CURVE('',#5901,#5876,#1629,.T.);
#7536=ADVANCED_FACE('',(#7535),#7526,.T.);
#7555=EDGE_CURVE('',#5908,#5875,#1648,.T.);
#7561=ADVANCED_FACE('',(#7560),#7553,.T.);
#7581=EDGE_CURVE('',#5874,#5910,#1656,.T.);
#7586=ADVANCED_FACE('',(#7585),#7578,.T.);
#7594=EDGE_CURVE('',#5912,#5872,#1671,.T.);
#7599=ADVANCED_FACE('',(#7598),#7591,.T.);
#7623=ADVANCED_FACE('',(#7622),#7616,.T.);
#7629=EDGE_CURVE('',#5878,#5896,#1741,.T.);
#7634=EDGE_CURVE('',#5902,#5904,#1696,.T.);
#7636=EDGE_CURVE('',#5904,#5896,#1704,.T.);
#7640=ADVANCED_FACE('',(#7639),#7628,.T.);
#7646=EDGE_CURVE('',#5890,#5891,#1802,.T.);
#7648=EDGE_CURVE('',#5890,#5868,#1714,.T.);
#7654=EDGE_CURVE('',#5896,#5897,#1758,.T.);
#7656=EDGE_CURVE('',#5897,#5899,#1765,.T.);
#7658=EDGE_CURVE('',#5899,#5900,#1782,.T.);
#7660=EDGE_CURVE('',#5900,#5891,#1792,.T.);
#7664=ADVANCED_FACE('',(#7663),#7645,.T.);
#7674=EDGE_CURVE('',#5891,#5893,#1809,.T.);
#7676=EDGE_CURVE('',#5894,#5893,#1934,.T.);
#7683=ADVANCED_FACE('',(#7682),#7669,.F.);
#7690=EDGE_CURVE('',#5900,#5954,#1827,.T.);
#7692=EDGE_CURVE('',#5954,#5930,#1834,.T.);
#7699=ADVANCED_FACE('',(#7698),#7688,.T.);
#7718=EDGE_CURVE('',#5952,#5899,#1873,.T.);
#7720=EDGE_CURVE('',#5952,#5954,#1850,.T.);
#7725=ADVANCED_FACE('',(#7724),#7716,.T.);
#7732=EDGE_CURVE('',#5897,#5950,#1858,.T.);
#7734=EDGE_CURVE('',#5950,#5952,#1865,.T.);
#7739=ADVANCED_FACE('',(#7738),#7730,.T.);
#7759=EDGE_CURVE('',#5904,#5950,#1881,.T.);
#7764=ADVANCED_FACE('',(#7763),#7756,.T.);
#7770=EDGE_CURVE('',#5943,#5950,#1888,.T.);
#7778=ADVANCED_FACE('',(#7777),#7769,.T.);
#7784=EDGE_CURVE('',#5952,#5938,#1905,.T.);
#7791=ADVANCED_FACE('',(#7790),#7783,.T.);
#7804=ADVANCED_FACE('',(#7803),#7796,.T.);
#7828=ADVANCED_FACE('',(#7827),#7821,.T.);
#7835=EDGE_CURVE('',#5935,#5946,#1949,.T.);
#7843=ADVANCED_FACE('',(#7842),#7833,.T.);
#7855=ADVANCED_FACE('',(#7854),#7848,.T.);
#7879=ADVANCED_FACE('',(#7878),#7872,.T.);
#7886=EDGE_CURVE('',#5870,#5842,#2027,.T.);
#7889=EDGE_CURVE('',#5845,#5864,#2073,.T.);
#7893=ADVANCED_FACE('',(#7892),#7884,.T.);
#7908=EDGE_CURVE('',#5837,#5870,#2043,.T.);
#7912=ADVANCED_FACE('',(#7911),#7905,.T.);
#7932=ADVANCED_FACE('',(#7931),#7924,.T.);
#7950=ADVANCED_FACE('',(#7949),#7944,.T.);
#7963=EDGE_CURVE('',#5392,#5742,#2125,.T.);
#7972=ADVANCED_FACE('',(#7971),#7962,.T.);
#7978=EDGE_CURVE('',#6060,#5394,#2111,.T.);
#7983=EDGE_CURVE('',#5740,#6062,#2133,.T.);
#7985=EDGE_CURVE('',#6062,#6060,#2140,.T.);
#7989=EDGE_CURVE('',#6053,#6054,#2148,.T.);
#7991=EDGE_CURVE('',#6054,#6053,#2156,.T.);
#7995=EDGE_CURVE('',#6037,#6038,#2164,.T.);
#7997=EDGE_CURVE('',#6038,#6037,#2172,.T.);
#8001=ADVANCED_FACE('',(#7988,#7994,#8000),#7977,.F.);
#8008=EDGE_CURVE('',#6060,#6064,#2179,.T.);
#8010=EDGE_CURVE('',#5396,#6064,#2215,.T.);
#8015=ADVANCED_FACE('',(#8014),#8006,.T.);
#8023=EDGE_CURVE('',#6066,#6062,#2200,.T.);
#8025=EDGE_CURVE('',#6066,#6064,#2193,.T.);
#8029=ADVANCED_FACE('',(#8028),#8020,.F.);
#8035=EDGE_CURVE('',#6066,#5738,#2223,.T.);
#8042=ADVANCED_FACE('',(#8041),#8034,.T.);
#8052=EDGE_CURVE('',#5398,#5736,#2269,.T.);
#8057=EDGE_CURVE('',#6058,#6056,#2238,.T.);
#8059=EDGE_CURVE('',#6056,#6058,#2246,.T.);
#8063=EDGE_CURVE('',#6042,#6040,#2254,.T.);
#8065=EDGE_CURVE('',#6040,#6042,#2262,.T.);
#8069=ADVANCED_FACE('',(#8056,#8062,#8068),#8047,.F.);
#8077=EDGE_CURVE('',#5400,#5734,#2337,.T.);
#8082=EDGE_CURVE('',#5957,#5958,#2276,.T.);
#8084=EDGE_CURVE('',#5958,#5960,#2284,.T.);
#8086=EDGE_CURVE('',#5962,#5960,#2654,.T.);
#8088=EDGE_CURVE('',#5962,#5964,#2292,.T.);
#8090=EDGE_CURVE('',#5964,#5966,#2299,.T.);
#8092=EDGE_CURVE('',#5966,#5968,#2307,.T.);
#8094=EDGE_CURVE('',#5968,#5970,#2314,.T.);
#8096=EDGE_CURVE('',#5970,#5957,#2322,.T.);
#8100=ADVANCED_FACE('',(#8081,#8099),#8074,.T.);
#8106=EDGE_CURVE('',#6044,#5402,#2330,.T.);
#8111=EDGE_CURVE('',#5732,#6046,#2352,.T.);
#8113=EDGE_CURVE('',#6046,#6044,#2359,.T.);
#8117=EDGE_CURVE('',#6049,#6050,#2367,.T.);
#8119=EDGE_CURVE('',#6050,#6049,#2375,.T.);
#8123=EDGE_CURVE('',#6034,#6032,#2383,.T.);
#8125=EDGE_CURVE('',#6032,#6034,#2391,.T.);
#8129=ADVANCED_FACE('',(#8116,#8122,#8128),#8105,.T.);
#8136=EDGE_CURVE('',#6044,#6020,#2398,.T.);
#8138=EDGE_CURVE('',#5404,#6020,#2434,.T.);
#8143=ADVANCED_FACE('',(#8142),#8134,.T.);
#8151=EDGE_CURVE('',#6022,#6046,#2419,.T.);
#8153=EDGE_CURVE('',#6022,#6020,#2412,.T.);
#8157=ADVANCED_FACE('',(#8156),#8148,.T.);
#8163=EDGE_CURVE('',#6022,#5730,#2442,.T.);
#8170=ADVANCED_FACE('',(#8169),#8162,.T.);
#8180=EDGE_CURVE('',#5406,#5728,#2488,.T.);
#8185=EDGE_CURVE('',#6025,#6026,#2457,.T.);
#8187=EDGE_CURVE('',#6026,#6025,#2465,.T.);
#8191=EDGE_CURVE('',#6029,#6030,#2473,.T.);
#8193=EDGE_CURVE('',#6030,#6029,#2481,.T.);
#8197=ADVANCED_FACE('',(#8184,#8190,#8196),#8175,.T.);
#8211=ADVANCED_FACE('',(#8210),#8202,.T.);
#8218=EDGE_CURVE('',#6050,#6025,#2517,.T.);
#8221=EDGE_CURVE('',#6049,#6026,#2510,.T.);
#8225=ADVANCED_FACE('',(#8224),#8216,.F.);
#8237=ADVANCED_FACE('',(#8236),#8230,.F.);
#8244=EDGE_CURVE('',#6032,#6029,#2531,.T.);
#8247=EDGE_CURVE('',#6034,#6030,#2524,.T.);
#8251=ADVANCED_FACE('',(#8250),#8242,.F.);
#8263=ADVANCED_FACE('',(#8262),#8256,.F.);
#8269=EDGE_CURVE('',#5973,#5974,#2538,.T.);
#8271=EDGE_CURVE('',#5958,#5973,#2668,.T.);
#8274=EDGE_CURVE('',#5974,#5957,#2612,.T.);
#8278=ADVANCED_FACE('',(#8277),#8268,.F.);
#8285=EDGE_CURVE('',#5974,#5976,#2546,.T.);
#8287=EDGE_CURVE('',#5976,#5978,#2553,.T.);
#8289=EDGE_CURVE('',#5978,#5980,#2561,.T.);
#8291=EDGE_CURVE('',#5980,#5982,#2568,.T.);
#8293=EDGE_CURVE('',#5982,#5984,#2576,.T.);
#8295=EDGE_CURVE('',#5984,#5986,#2583,.T.);
#8297=EDGE_CURVE('',#5986,#5973,#2591,.T.);
#8301=EDGE_CURVE('',#5989,#5990,#2598,.T.);
#8303=EDGE_CURVE('',#5992,#5990,#2738,.T.);
#8305=EDGE_CURVE('',#5994,#5992,#2717,.T.);
#8307=EDGE_CURVE('',#5994,#5989,#2605,.T.);
#8311=ADVANCED_FACE('',(#8300,#8310),#8283,.T.);
#8320=EDGE_CURVE('',#5970,#5976,#2619,.T.);
#8324=ADVANCED_FACE('',(#8323),#8316,.F.);
#8333=EDGE_CURVE('',#5978,#5968,#2626,.T.);
#8337=ADVANCED_FACE('',(#8336),#8329,.F.);
#8346=EDGE_CURVE('',#5966,#5980,#2633,.T.);
#8350=ADVANCED_FACE('',(#8349),#8342,.F.);
#8359=EDGE_CURVE('',#5982,#5964,#2640,.T.);
#8363=ADVANCED_FACE('',(#8362),#8355,.F.);
#8372=EDGE_CURVE('',#5962,#5984,#2647,.T.);
#8376=ADVANCED_FACE('',(#8375),#8368,.F.);
#8385=EDGE_CURVE('',#5986,#5960,#2661,.T.);
#8389=ADVANCED_FACE('',(#8388),#8381,.F.);
#8401=ADVANCED_FACE('',(#8400),#8394,.F.);
#8407=EDGE_CURVE('',#6004,#5989,#2689,.T.);
#8409=EDGE_CURVE('',#6004,#6006,#2675,.T.);
#8411=EDGE_CURVE('',#6006,#5990,#2682,.T.);
#8416=ADVANCED_FACE('',(#8415),#8406,.F.);
#8436=EDGE_CURVE('',#6008,#5994,#2710,.T.);
#8438=EDGE_CURVE('',#6008,#6004,#2696,.T.);
#8442=ADVANCED_FACE('',(#8441),#8433,.F.);
#8460=EDGE_CURVE('',#6010,#5992,#2731,.T.);
#8462=EDGE_CURVE('',#6010,#6008,#2703,.T.);
#8468=ADVANCED_FACE('',(#8467),#8459,.F.);
#8487=EDGE_CURVE('',#6006,#6010,#2724,.T.);
#8493=ADVANCED_FACE('',(#8492),#8485,.F.);
#8517=EDGE_CURVE('',#6013,#6014,#2745,.T.);
#8519=EDGE_CURVE('',#6014,#6016,#2752,.T.);
#8521=EDGE_CURVE('',#6016,#6018,#2759,.T.);
#8523=EDGE_CURVE('',#6018,#6013,#2766,.T.);
#8527=ADVANCED_FACE('',(#8516,#8526),#8510,.F.);
#8545=EDGE_CURVE('',#6014,#5997,#2780,.T.);
#8548=EDGE_CURVE('',#6013,#5998,#2773,.T.);
#8550=EDGE_CURVE('',#5997,#5998,#2787,.T.);
#8554=ADVANCED_FACE('',(#8553),#8544,.T.);
#8573=EDGE_CURVE('',#6002,#5997,#2794,.T.);
#8575=EDGE_CURVE('',#6016,#6002,#2815,.T.);
#8580=ADVANCED_FACE('',(#8579),#8571,.T.);
#8599=EDGE_CURVE('',#6000,#5998,#2808,.T.);
#8601=EDGE_CURVE('',#6002,#6000,#2822,.T.);
#8606=ADVANCED_FACE('',(#8605),#8597,.T.);
#8614=EDGE_CURVE('',#6018,#6000,#2801,.T.);
#8619=ADVANCED_FACE('',(#8618),#8611,.T.);
#8643=ADVANCED_FACE('',(#8642),#8636,.T.);
#8662=EDGE_CURVE('',#6053,#6056,#2829,.T.);
#8665=EDGE_CURVE('',#6054,#6058,#2836,.T.);
#8669=ADVANCED_FACE('',(#8668),#8660,.F.);
#8681=ADVANCED_FACE('',(#8680),#8674,.F.);
#8688=EDGE_CURVE('',#6037,#6040,#2843,.T.);
#8691=EDGE_CURVE('',#6038,#6042,#2850,.T.);
#8695=ADVANCED_FACE('',(#8694),#8686,.F.);
#8707=ADVANCED_FACE('',(#8706),#8700,.F.);
#8714=EDGE_CURVE('',#5757,#5798,#2857,.T.);
#8716=EDGE_CURVE('',#5798,#5800,#2865,.T.);
#8718=EDGE_CURVE('',#5758,#5800,#2872,.T.);
#8722=ADVANCED_FACE('',(#8721),#8712,.T.);
#8730=EDGE_CURVE('',#5800,#5798,#2880,.T.);
#8735=ADVANCED_FACE('',(#8734),#8727,.T.);
#8741=EDGE_CURVE('',#5802,#5798,#2887,.T.);
#8744=EDGE_CURVE('',#5804,#5800,#2894,.T.);
#8746=EDGE_CURVE('',#5802,#5804,#2910,.T.);
#8750=ADVANCED_FACE('',(#8749),#8740,.T.);
#8756=EDGE_CURVE('',#5804,#5802,#2902,.T.);
#8763=ADVANCED_FACE('',(#8762),#8755,.T.);
#8773=EDGE_CURVE('',#5807,#5808,#2917,.T.);
#8775=EDGE_CURVE('',#5808,#5810,#2924,.T.);
#8777=EDGE_CURVE('',#5810,#5812,#2931,.T.);
#8779=EDGE_CURVE('',#5812,#5814,#2938,.T.);
#8781=EDGE_CURVE('',#5814,#5816,#2945,.T.);
#8783=EDGE_CURVE('',#5816,#5807,#2952,.T.);
#8787=ADVANCED_FACE('',(#8772,#8786),#8768,.T.);
#8794=EDGE_CURVE('',#5818,#5807,#2973,.T.);
#8796=EDGE_CURVE('',#5820,#5818,#3052,.T.);
#8798=EDGE_CURVE('',#5820,#5808,#2959,.T.);
#8802=ADVANCED_FACE('',(#8801),#8792,.F.);
#8809=EDGE_CURVE('',#5822,#5816,#2980,.T.);
#8811=EDGE_CURVE('',#5822,#5818,#2966,.T.);
#8816=ADVANCED_FACE('',(#8815),#8807,.F.);
#8823=EDGE_CURVE('',#5824,#5814,#2987,.T.);
#8825=EDGE_CURVE('',#5822,#5824,#3075,.T.);
#8830=ADVANCED_FACE('',(#8829),#8821,.F.);
#8837=EDGE_CURVE('',#5826,#5812,#3001,.T.);
#8839=EDGE_CURVE('',#5824,#5826,#3090,.T.);
#8844=ADVANCED_FACE('',(#8843),#8835,.F.);
#8851=EDGE_CURVE('',#5828,#5810,#3008,.T.);
#8853=EDGE_CURVE('',#5828,#5826,#2994,.T.);
#8858=ADVANCED_FACE('',(#8857),#8849,.F.);
#8866=EDGE_CURVE('',#5828,#5820,#3023,.T.);
#8871=ADVANCED_FACE('',(#8870),#8863,.F.);
#8877=EDGE_CURVE('',#5820,#5828,#3016,.T.);
#8882=ADVANCED_FACE('',(#8881),#8876,.F.);
#8888=EDGE_CURVE('',#5830,#5824,#3030,.T.);
#8890=EDGE_CURVE('',#5826,#5824,#3083,.T.);
#8892=EDGE_CURVE('',#5828,#5826,#3098,.T.);
#8895=EDGE_CURVE('',#5830,#5820,#3037,.T.);
#8899=ADVANCED_FACE('',(#8898),#8887,.F.);
#8906=EDGE_CURVE('',#5818,#5820,#3045,.T.);
#8908=EDGE_CURVE('',#5822,#5818,#3060,.T.);
#8910=EDGE_CURVE('',#5824,#5822,#3068,.T.);
#8915=ADVANCED_FACE('',(#8914),#8904,.F.);
#8925=ADVANCED_FACE('',(#8924),#8920,.F.);
#8935=ADVANCED_FACE('',(#8934),#8930,.F.);
#8945=ADVANCED_FACE('',(#8944),#8940,.F.);
#8955=ADVANCED_FACE('',(#8954),#8950,.F.);
#8965=ADVANCED_FACE('',(#8964),#8960,.F.);
#8972=EDGE_CURVE('',#5761,#5764,#3105,.T.);
#8974=EDGE_CURVE('',#5764,#5766,#3113,.T.);
#8976=EDGE_CURVE('',#5762,#5766,#3120,.T.);
#8980=ADVANCED_FACE('',(#8979),#8970,.T.);
#8988=EDGE_CURVE('',#5766,#5764,#3128,.T.);
#8993=ADVANCED_FACE('',(#8992),#8985,.T.);
#8999=EDGE_CURVE('',#5768,#5764,#3135,.T.);
#9002=EDGE_CURVE('',#5770,#5766,#3142,.T.);
#9004=EDGE_CURVE('',#5768,#5770,#3158,.T.);
#9008=ADVANCED_FACE('',(#9007),#8998,.T.);
#9014=EDGE_CURVE('',#5770,#5768,#3150,.T.);
#9021=ADVANCED_FACE('',(#9020),#9013,.T.);
#9031=EDGE_CURVE('',#5773,#5774,#3165,.T.);
#9033=EDGE_CURVE('',#5774,#5776,#3172,.T.);
#9035=EDGE_CURVE('',#5776,#5778,#3179,.T.);
#9037=EDGE_CURVE('',#5778,#5780,#3186,.T.);
#9039=EDGE_CURVE('',#5780,#5782,#3193,.T.);
#9041=EDGE_CURVE('',#5782,#5773,#3200,.T.);
#9045=ADVANCED_FACE('',(#9030,#9044),#9026,.T.);
#9052=EDGE_CURVE('',#5784,#5773,#3221,.T.);
#9054=EDGE_CURVE('',#5786,#5784,#3300,.T.);
#9056=EDGE_CURVE('',#5786,#5774,#3207,.T.);
#9060=ADVANCED_FACE('',(#9059),#9050,.F.);
#9067=EDGE_CURVE('',#5788,#5782,#3228,.T.);
#9069=EDGE_CURVE('',#5788,#5784,#3214,.T.);
#9074=ADVANCED_FACE('',(#9073),#9065,.F.);
#9081=EDGE_CURVE('',#5790,#5780,#3235,.T.);
#9083=EDGE_CURVE('',#5788,#5790,#3323,.T.);
#9088=ADVANCED_FACE('',(#9087),#9079,.F.);
#9095=EDGE_CURVE('',#5792,#5778,#3249,.T.);
#9097=EDGE_CURVE('',#5790,#5792,#3338,.T.);
#9102=ADVANCED_FACE('',(#9101),#9093,.F.);
#9109=EDGE_CURVE('',#5794,#5776,#3256,.T.);
#9111=EDGE_CURVE('',#5794,#5792,#3242,.T.);
#9116=ADVANCED_FACE('',(#9115),#9107,.F.);
#9124=EDGE_CURVE('',#5794,#5786,#3271,.T.);
#9129=ADVANCED_FACE('',(#9128),#9121,.F.);
#9135=EDGE_CURVE('',#5786,#5794,#3264,.T.);
#9140=ADVANCED_FACE('',(#9139),#9134,.F.);
#9146=EDGE_CURVE('',#5796,#5790,#3278,.T.);
#9148=EDGE_CURVE('',#5792,#5790,#3331,.T.);
#9150=EDGE_CURVE('',#5794,#5792,#3346,.T.);
#9153=EDGE_CURVE('',#5796,#5786,#3285,.T.);
#9157=ADVANCED_FACE('',(#9156),#9145,.F.);
#9164=EDGE_CURVE('',#5784,#5786,#3293,.T.);
#9166=EDGE_CURVE('',#5788,#5784,#3308,.T.);
#9168=EDGE_CURVE('',#5790,#5788,#3316,.T.);
#9173=ADVANCED_FACE('',(#9172),#9162,.F.);
#9183=ADVANCED_FACE('',(#9182),#9178,.F.);
#9193=ADVANCED_FACE('',(#9192),#9188,.F.);
#9203=ADVANCED_FACE('',(#9202),#9198,.F.);
#9213=ADVANCED_FACE('',(#9212),#9208,.F.);
#9223=ADVANCED_FACE('',(#9222),#9218,.F.);
#9230=EDGE_CURVE('',#5645,#5686,#3353,.T.);
#9232=EDGE_CURVE('',#5686,#5688,#3361,.T.);
#9234=EDGE_CURVE('',#5646,#5688,#3368,.T.);
#9238=ADVANCED_FACE('',(#9237),#9228,.T.);
#9246=EDGE_CURVE('',#5688,#5686,#3376,.T.);
#9251=ADVANCED_FACE('',(#9250),#9243,.T.);
#9257=EDGE_CURVE('',#5690,#5686,#3383,.T.);
#9260=EDGE_CURVE('',#5692,#5688,#3390,.T.);
#9262=EDGE_CURVE('',#5690,#5692,#3406,.T.);
#9266=ADVANCED_FACE('',(#9265),#9256,.T.);
#9272=EDGE_CURVE('',#5692,#5690,#3398,.T.);
#9279=ADVANCED_FACE('',(#9278),#9271,.T.);
#9289=EDGE_CURVE('',#5695,#5696,#3413,.T.);
#9291=EDGE_CURVE('',#5696,#5698,#3420,.T.);
#9293=EDGE_CURVE('',#5698,#5700,#3427,.T.);
#9295=EDGE_CURVE('',#5700,#5702,#3434,.T.);
#9297=EDGE_CURVE('',#5702,#5704,#3441,.T.);
#9299=EDGE_CURVE('',#5704,#5695,#3448,.T.);
#9303=ADVANCED_FACE('',(#9288,#9302),#9284,.T.);
#9310=EDGE_CURVE('',#5706,#5695,#3469,.T.);
#9312=EDGE_CURVE('',#5708,#5706,#3548,.T.);
#9314=EDGE_CURVE('',#5708,#5696,#3455,.T.);
#9318=ADVANCED_FACE('',(#9317),#9308,.F.);
#9325=EDGE_CURVE('',#5710,#5704,#3476,.T.);
#9327=EDGE_CURVE('',#5710,#5706,#3462,.T.);
#9332=ADVANCED_FACE('',(#9331),#9323,.F.);
#9339=EDGE_CURVE('',#5712,#5702,#3483,.T.);
#9341=EDGE_CURVE('',#5710,#5712,#3571,.T.);
#9346=ADVANCED_FACE('',(#9345),#9337,.F.);
#9353=EDGE_CURVE('',#5714,#5700,#3497,.T.);
#9355=EDGE_CURVE('',#5712,#5714,#3586,.T.);
#9360=ADVANCED_FACE('',(#9359),#9351,.F.);
#9367=EDGE_CURVE('',#5716,#5698,#3504,.T.);
#9369=EDGE_CURVE('',#5716,#5714,#3490,.T.);
#9374=ADVANCED_FACE('',(#9373),#9365,.F.);
#9382=EDGE_CURVE('',#5716,#5708,#3519,.T.);
#9387=ADVANCED_FACE('',(#9386),#9379,.F.);
#9393=EDGE_CURVE('',#5708,#5716,#3512,.T.);
#9398=ADVANCED_FACE('',(#9397),#9392,.F.);
#9404=EDGE_CURVE('',#5718,#5712,#3526,.T.);
#9406=EDGE_CURVE('',#5714,#5712,#3579,.T.);
#9408=EDGE_CURVE('',#5716,#5714,#3594,.T.);
#9411=EDGE_CURVE('',#5718,#5708,#3533,.T.);
#9415=ADVANCED_FACE('',(#9414),#9403,.F.);
#9422=EDGE_CURVE('',#5706,#5708,#3541,.T.);
#9424=EDGE_CURVE('',#5710,#5706,#3556,.T.);
#9426=EDGE_CURVE('',#5712,#5710,#3564,.T.);
#9431=ADVANCED_FACE('',(#9430),#9420,.F.);
#9441=ADVANCED_FACE('',(#9440),#9436,.F.);
#9451=ADVANCED_FACE('',(#9450),#9446,.F.);
#9461=ADVANCED_FACE('',(#9460),#9456,.F.);
#9471=ADVANCED_FACE('',(#9470),#9466,.F.);
#9481=ADVANCED_FACE('',(#9480),#9476,.F.);
#9488=EDGE_CURVE('',#5649,#5652,#3601,.T.);
#9490=EDGE_CURVE('',#5652,#5654,#3609,.T.);
#9492=EDGE_CURVE('',#5650,#5654,#3616,.T.);
#9496=ADVANCED_FACE('',(#9495),#9486,.T.);
#9504=EDGE_CURVE('',#5654,#5652,#3624,.T.);
#9509=ADVANCED_FACE('',(#9508),#9501,.T.);
#9515=EDGE_CURVE('',#5656,#5652,#3631,.T.);
#9518=EDGE_CURVE('',#5658,#5654,#3638,.T.);
#9520=EDGE_CURVE('',#5656,#5658,#3654,.T.);
#9524=ADVANCED_FACE('',(#9523),#9514,.T.);
#9530=EDGE_CURVE('',#5658,#5656,#3646,.T.);
#9537=ADVANCED_FACE('',(#9536),#9529,.T.);
#9547=EDGE_CURVE('',#5661,#5662,#3661,.T.);
#9549=EDGE_CURVE('',#5662,#5664,#3668,.T.);
#9551=EDGE_CURVE('',#5664,#5666,#3675,.T.);
#9553=EDGE_CURVE('',#5666,#5668,#3682,.T.);
#9555=EDGE_CURVE('',#5668,#5670,#3689,.T.);
#9557=EDGE_CURVE('',#5670,#5661,#3696,.T.);
#9561=ADVANCED_FACE('',(#9546,#9560),#9542,.T.);
#9568=EDGE_CURVE('',#5672,#5661,#3717,.T.);
#9570=EDGE_CURVE('',#5674,#5672,#3796,.T.);
#9572=EDGE_CURVE('',#5674,#5662,#3703,.T.);
#9576=ADVANCED_FACE('',(#9575),#9566,.F.);
#9583=EDGE_CURVE('',#5676,#5670,#3724,.T.);
#9585=EDGE_CURVE('',#5676,#5672,#3710,.T.);
#9590=ADVANCED_FACE('',(#9589),#9581,.F.);
#9597=EDGE_CURVE('',#5678,#5668,#3731,.T.);
#9599=EDGE_CURVE('',#5676,#5678,#3819,.T.);
#9604=ADVANCED_FACE('',(#9603),#9595,.F.);
#9611=EDGE_CURVE('',#5680,#5666,#3745,.T.);
#9613=EDGE_CURVE('',#5678,#5680,#3834,.T.);
#9618=ADVANCED_FACE('',(#9617),#9609,.F.);
#9625=EDGE_CURVE('',#5682,#5664,#3752,.T.);
#9627=EDGE_CURVE('',#5682,#5680,#3738,.T.);
#9632=ADVANCED_FACE('',(#9631),#9623,.F.);
#9640=EDGE_CURVE('',#5682,#5674,#3767,.T.);
#9645=ADVANCED_FACE('',(#9644),#9637,.F.);
#9651=EDGE_CURVE('',#5674,#5682,#3760,.T.);
#9656=ADVANCED_FACE('',(#9655),#9650,.F.);
#9662=EDGE_CURVE('',#5684,#5678,#3774,.T.);
#9664=EDGE_CURVE('',#5680,#5678,#3827,.T.);
#9666=EDGE_CURVE('',#5682,#5680,#3842,.T.);
#9669=EDGE_CURVE('',#5684,#5674,#3781,.T.);
#9673=ADVANCED_FACE('',(#9672),#9661,.F.);
#9680=EDGE_CURVE('',#5672,#5674,#3789,.T.);
#9682=EDGE_CURVE('',#5676,#5672,#3804,.T.);
#9684=EDGE_CURVE('',#5678,#5676,#3812,.T.);
#9689=ADVANCED_FACE('',(#9688),#9678,.F.);
#9699=ADVANCED_FACE('',(#9698),#9694,.F.);
#9709=ADVANCED_FACE('',(#9708),#9704,.F.);
#9719=ADVANCED_FACE('',(#9718),#9714,.F.);
#9729=ADVANCED_FACE('',(#9728),#9724,.F.);
#9739=ADVANCED_FACE('',(#9738),#9734,.F.);
#9746=EDGE_CURVE('',#5600,#5410,#3863,.T.);
#9748=EDGE_CURVE('',#5602,#5600,#3969,.T.);
#9750=EDGE_CURVE('',#5409,#5602,#3947,.T.);
#9754=ADVANCED_FACE('',(#9753),#9744,.T.);
#9760=EDGE_CURVE('',#5422,#5604,#3856,.T.);
#9762=EDGE_CURVE('',#5600,#5604,#3977,.T.);
#9768=ADVANCED_FACE('',(#9767),#9759,.T.);
#9776=EDGE_CURVE('',#5606,#5420,#3884,.T.);
#9778=EDGE_CURVE('',#5604,#5606,#3984,.T.);
#9782=ADVANCED_FACE('',(#9781),#9773,.T.);
#9789=EDGE_CURVE('',#5418,#5608,#3877,.T.);
#9791=EDGE_CURVE('',#5606,#5608,#3992,.T.);
#9796=ADVANCED_FACE('',(#9795),#9787,.T.);
#9802=EDGE_CURVE('',#5610,#5416,#3905,.T.);
#9804=EDGE_CURVE('',#5610,#5608,#3891,.T.);
#9810=ADVANCED_FACE('',(#9809),#9801,.F.);
#9818=EDGE_CURVE('',#5414,#5612,#3912,.T.);
#9820=EDGE_CURVE('',#5610,#5612,#3962,.T.);
#9824=ADVANCED_FACE('',(#9823),#9815,.F.);
#9830=EDGE_CURVE('',#5412,#5614,#3919,.T.);
#9832=EDGE_CURVE('',#5614,#5612,#3926,.T.);
#9838=ADVANCED_FACE('',(#9837),#9829,.F.);
#9846=EDGE_CURVE('',#5602,#5614,#3954,.T.);
#9851=ADVANCED_FACE('',(#9850),#9843,.F.);
#9867=ADVANCED_FACE('',(#9866),#9856,.T.);
#9874=EDGE_CURVE('',#5425,#5492,#3999,.T.);
#9876=EDGE_CURVE('',#5494,#5492,#4213,.T.);
#9878=EDGE_CURVE('',#5494,#5426,#4006,.T.);
#9882=ADVANCED_FACE('',(#9881),#9872,.F.);
#9896=EDGE_CURVE('',#5496,#5454,#4034,.T.);
#9898=EDGE_CURVE('',#5496,#5492,#4020,.T.);
#9903=ADVANCED_FACE('',(#9902),#9894,.T.);
#9917=EDGE_CURVE('',#5452,#5498,#4027,.T.);
#9919=EDGE_CURVE('',#5496,#5498,#4221,.T.);
#9924=ADVANCED_FACE('',(#9923),#9915,.T.);
#9938=EDGE_CURVE('',#5500,#5450,#4055,.T.);
#9940=EDGE_CURVE('',#5500,#5498,#4041,.T.);
#9945=ADVANCED_FACE('',(#9944),#9936,.F.);
#9959=EDGE_CURVE('',#5448,#5502,#4048,.T.);
#9961=EDGE_CURVE('',#5500,#5502,#4229,.T.);
#9966=ADVANCED_FACE('',(#9965),#9957,.T.);
#9985=EDGE_CURVE('',#5504,#5446,#4083,.T.);
#9987=EDGE_CURVE('',#5504,#5502,#4069,.T.);
#9992=ADVANCED_FACE('',(#9991),#9983,.F.);
#10006=EDGE_CURVE('',#5444,#5506,#4076,.T.);
#10008=EDGE_CURVE('',#5504,#5506,#4237,.T.);
#10013=ADVANCED_FACE('',(#10012),#10004,.T.);
#10032=EDGE_CURVE('',#5508,#5442,#4104,.T.);
#10034=EDGE_CURVE('',#5508,#5506,#4090,.T.);
#10039=ADVANCED_FACE('',(#10038),#10030,.F.);
#10053=EDGE_CURVE('',#5440,#5510,#4097,.T.);
#10055=EDGE_CURVE('',#5508,#5510,#4245,.T.);
#10060=ADVANCED_FACE('',(#10059),#10051,.T.);
#10074=EDGE_CURVE('',#5512,#5438,#4125,.T.);
#10076=EDGE_CURVE('',#5512,#5510,#4111,.T.);
#10081=ADVANCED_FACE('',(#10080),#10072,.F.);
#10095=EDGE_CURVE('',#5436,#5514,#4118,.T.);
#10097=EDGE_CURVE('',#5512,#5514,#4182,.T.);
#10102=ADVANCED_FACE('',(#10101),#10093,.F.);
#10116=EDGE_CURVE('',#5516,#5434,#4146,.T.);
#10118=EDGE_CURVE('',#5516,#5514,#4132,.T.);
#10123=ADVANCED_FACE('',(#10122),#10114,.F.);
#10137=EDGE_CURVE('',#5432,#5518,#4139,.T.);
#10139=EDGE_CURVE('',#5516,#5518,#4190,.T.);
#10144=ADVANCED_FACE('',(#10143),#10135,.T.);
#10158=EDGE_CURVE('',#5520,#5430,#4167,.T.);
#10160=EDGE_CURVE('',#5520,#5518,#4153,.T.);
#10165=ADVANCED_FACE('',(#10164),#10156,.F.);
#10179=EDGE_CURVE('',#5428,#5522,#4160,.T.);
#10181=EDGE_CURVE('',#5520,#5522,#4198,.T.);
#10186=ADVANCED_FACE('',(#10185),#10177,.T.);
#10201=EDGE_CURVE('',#5522,#5494,#4205,.T.);
#10206=ADVANCED_FACE('',(#10205),#10198,.T.);
#10237=EDGE_CURVE('',#5525,#5526,#4253,.T.);
#10239=EDGE_CURVE('',#5526,#5525,#4261,.T.);
#10243=EDGE_CURVE('',#5529,#5530,#4269,.T.);
#10245=EDGE_CURVE('',#5530,#5529,#4277,.T.);
#10249=ADVANCED_FACE('',(#10236,#10242,#10248),#10218,.T.);
#10263=EDGE_CURVE('',#5525,#5532,#4284,.T.);
#10265=EDGE_CURVE('',#5532,#5534,#4292,.T.);
#10267=EDGE_CURVE('',#5526,#5534,#4299,.T.);
#10271=ADVANCED_FACE('',(#10270),#10261,.T.);
#10279=EDGE_CURVE('',#5534,#5532,#4307,.T.);
#10284=ADVANCED_FACE('',(#10283),#10276,.T.);
#10290=EDGE_CURVE('',#5536,#5532,#4314,.T.);
#10293=EDGE_CURVE('',#5538,#5534,#4321,.T.);
#10295=EDGE_CURVE('',#5536,#5538,#4337,.T.);
#10299=ADVANCED_FACE('',(#10298),#10289,.T.);
#10305=EDGE_CURVE('',#5538,#5536,#4329,.T.);
#10312=ADVANCED_FACE('',(#10311),#10304,.T.);
#10322=EDGE_CURVE('',#5541,#5542,#4344,.T.);
#10324=EDGE_CURVE('',#5542,#5544,#4351,.T.);
#10326=EDGE_CURVE('',#5544,#5546,#4358,.T.);
#10328=EDGE_CURVE('',#5546,#5548,#4365,.T.);
#10330=EDGE_CURVE('',#5548,#5550,#4372,.T.);
#10332=EDGE_CURVE('',#5550,#5541,#4379,.T.);
#10336=ADVANCED_FACE('',(#10321,#10335),#10317,.T.);
#10343=EDGE_CURVE('',#5552,#5541,#4400,.T.);
#10345=EDGE_CURVE('',#5554,#5552,#4479,.T.);
#10347=EDGE_CURVE('',#5554,#5542,#4386,.T.);
#10351=ADVANCED_FACE('',(#10350),#10341,.F.);
#10358=EDGE_CURVE('',#5556,#5550,#4407,.T.);
#10360=EDGE_CURVE('',#5556,#5552,#4393,.T.);
#10365=ADVANCED_FACE('',(#10364),#10356,.F.);
#10372=EDGE_CURVE('',#5558,#5548,#4414,.T.);
#10374=EDGE_CURVE('',#5556,#5558,#4502,.T.);
#10379=ADVANCED_FACE('',(#10378),#10370,.F.);
#10386=EDGE_CURVE('',#5560,#5546,#4428,.T.);
#10388=EDGE_CURVE('',#5558,#5560,#4517,.T.);
#10393=ADVANCED_FACE('',(#10392),#10384,.F.);
#10400=EDGE_CURVE('',#5562,#5544,#4435,.T.);
#10402=EDGE_CURVE('',#5562,#5560,#4421,.T.);
#10407=ADVANCED_FACE('',(#10406),#10398,.F.);
#10415=EDGE_CURVE('',#5562,#5554,#4450,.T.);
#10420=ADVANCED_FACE('',(#10419),#10412,.F.);
#10426=EDGE_CURVE('',#5554,#5562,#4443,.T.);
#10431=ADVANCED_FACE('',(#10430),#10425,.F.);
#10437=EDGE_CURVE('',#5564,#5558,#4457,.T.);
#10439=EDGE_CURVE('',#5560,#5558,#4510,.T.);
#10441=EDGE_CURVE('',#5562,#5560,#4525,.T.);
#10444=EDGE_CURVE('',#5564,#5554,#4464,.T.);
#10448=ADVANCED_FACE('',(#10447),#10436,.F.);
#10455=EDGE_CURVE('',#5552,#5554,#4472,.T.);
#10457=EDGE_CURVE('',#5556,#5552,#4487,.T.);
#10459=EDGE_CURVE('',#5558,#5556,#4495,.T.);
#10464=ADVANCED_FACE('',(#10463),#10453,.F.);
#10474=ADVANCED_FACE('',(#10473),#10469,.F.);
#10484=ADVANCED_FACE('',(#10483),#10479,.F.);
#10494=ADVANCED_FACE('',(#10493),#10489,.F.);
#10504=ADVANCED_FACE('',(#10503),#10499,.F.);
#10514=ADVANCED_FACE('',(#10513),#10509,.F.);
#10521=EDGE_CURVE('',#5529,#5566,#4532,.T.);
#10523=EDGE_CURVE('',#5566,#5568,#4540,.T.);
#10525=EDGE_CURVE('',#5530,#5568,#4547,.T.);
#10529=ADVANCED_FACE('',(#10528),#10519,.T.);
#10537=EDGE_CURVE('',#5568,#5566,#4555,.T.);
#10542=ADVANCED_FACE('',(#10541),#10534,.T.);
#10548=EDGE_CURVE('',#5570,#5566,#4562,.T.);
#10551=EDGE_CURVE('',#5572,#5568,#4569,.T.);
#10553=EDGE_CURVE('',#5570,#5572,#4585,.T.);
#10557=ADVANCED_FACE('',(#10556),#10547,.T.);
#10563=EDGE_CURVE('',#5572,#5570,#4577,.T.);
#10570=ADVANCED_FACE('',(#10569),#10562,.T.);
#10580=EDGE_CURVE('',#5575,#5576,#4592,.T.);
#10582=EDGE_CURVE('',#5576,#5578,#4599,.T.);
#10584=EDGE_CURVE('',#5578,#5580,#4606,.T.);
#10586=EDGE_CURVE('',#5580,#5582,#4613,.T.);
#10588=EDGE_CURVE('',#5582,#5584,#4620,.T.);
#10590=EDGE_CURVE('',#5584,#5575,#4627,.T.);
#10594=ADVANCED_FACE('',(#10579,#10593),#10575,.T.);
#10601=EDGE_CURVE('',#5586,#5575,#4648,.T.);
#10603=EDGE_CURVE('',#5588,#5586,#4727,.T.);
#10605=EDGE_CURVE('',#5588,#5576,#4634,.T.);
#10609=ADVANCED_FACE('',(#10608),#10599,.F.);
#10616=EDGE_CURVE('',#5590,#5584,#4655,.T.);
#10618=EDGE_CURVE('',#5590,#5586,#4641,.T.);
#10623=ADVANCED_FACE('',(#10622),#10614,.F.);
#10630=EDGE_CURVE('',#5592,#5582,#4662,.T.);
#10632=EDGE_CURVE('',#5590,#5592,#4750,.T.);
#10637=ADVANCED_FACE('',(#10636),#10628,.F.);
#10644=EDGE_CURVE('',#5594,#5580,#4676,.T.);
#10646=EDGE_CURVE('',#5592,#5594,#4765,.T.);
#10651=ADVANCED_FACE('',(#10650),#10642,.F.);
#10658=EDGE_CURVE('',#5596,#5578,#4683,.T.);
#10660=EDGE_CURVE('',#5596,#5594,#4669,.T.);
#10665=ADVANCED_FACE('',(#10664),#10656,.F.);
#10673=EDGE_CURVE('',#5596,#5588,#4698,.T.);
#10678=ADVANCED_FACE('',(#10677),#10670,.F.);
#10684=EDGE_CURVE('',#5588,#5596,#4691,.T.);
#10689=ADVANCED_FACE('',(#10688),#10683,.F.);
#10695=EDGE_CURVE('',#5598,#5592,#4705,.T.);
#10697=EDGE_CURVE('',#5594,#5592,#4758,.T.);
#10699=EDGE_CURVE('',#5596,#5594,#4773,.T.);
#10702=EDGE_CURVE('',#5598,#5588,#4712,.T.);
#10706=ADVANCED_FACE('',(#10705),#10694,.F.);
#10713=EDGE_CURVE('',#5586,#5588,#4720,.T.);
#10715=EDGE_CURVE('',#5590,#5586,#4735,.T.);
#10717=EDGE_CURVE('',#5592,#5590,#4743,.T.);
#10722=ADVANCED_FACE('',(#10721),#10711,.F.);
#10732=ADVANCED_FACE('',(#10731),#10727,.F.);
#10742=ADVANCED_FACE('',(#10741),#10737,.F.);
#10752=ADVANCED_FACE('',(#10751),#10747,.F.);
#10762=ADVANCED_FACE('',(#10761),#10757,.F.);
#10772=ADVANCED_FACE('',(#10771),#10767,.F.);
#10779=EDGE_CURVE('',#6068,#5457,#4787,.T.);
#10781=EDGE_CURVE('',#6069,#6068,#5064,.T.);
#10783=EDGE_CURVE('',#6069,#5458,#4780,.T.);
#10787=ADVANCED_FACE('',(#10786),#10777,.T.);
#10801=EDGE_CURVE('',#6071,#5474,#4801,.T.);
#10803=EDGE_CURVE('',#6068,#6071,#5041,.T.);
#10808=ADVANCED_FACE('',(#10807),#10799,.F.);
#10822=EDGE_CURVE('',#5472,#6073,#4794,.T.);
#10824=EDGE_CURVE('',#6071,#6073,#5072,.T.);
#10829=ADVANCED_FACE('',(#10828),#10820,.T.);
#10843=EDGE_CURVE('',#5354,#5358,#4815,.T.);
#10845=EDGE_CURVE('',#6073,#5358,#5097,.T.);
#10850=ADVANCED_FACE('',(#10849),#10841,.F.);
#10864=EDGE_CURVE('',#5356,#5353,#4829,.T.);
#10866=EDGE_CURVE('',#5358,#5356,#5116,.T.);
#10871=ADVANCED_FACE('',(#10870),#10862,.T.);
#10885=EDGE_CURVE('',#5470,#6079,#4822,.T.);
#10887=EDGE_CURVE('',#5356,#6079,#5141,.T.);
#10892=ADVANCED_FACE('',(#10891),#10883,.F.);
#10906=EDGE_CURVE('',#6081,#5468,#4836,.T.);
#10908=EDGE_CURVE('',#6079,#6081,#5160,.T.);
#10913=ADVANCED_FACE('',(#10912),#10904,.T.);
#10927=EDGE_CURVE('',#6083,#5466,#4850,.T.);
#10929=EDGE_CURVE('',#6081,#6083,#5185,.T.);
#10934=ADVANCED_FACE('',(#10933),#10925,.F.);
#10941=EDGE_CURVE('',#5464,#6085,#4843,.T.);
#10943=EDGE_CURVE('',#6083,#6085,#5204,.T.);
#10948=ADVANCED_FACE('',(#10947),#10939,.T.);
#10955=EDGE_CURVE('',#6086,#5462,#4864,.T.);
#10957=EDGE_CURVE('',#6086,#6085,#4857,.T.);
#10962=ADVANCED_FACE('',(#10961),#10953,.F.);
#10969=EDGE_CURVE('',#6088,#5460,#4871,.T.);
#10971=EDGE_CURVE('',#6086,#6088,#4930,.T.);
#10976=ADVANCED_FACE('',(#10975),#10967,.T.);
#10991=EDGE_CURVE('',#6088,#6069,#4898,.T.);
#10996=ADVANCED_FACE('',(#10995),#10988,.F.);
#11011=B_SPLINE_CURVE_WITH_KNOTS('',3,(#11004,#11005,#11006,#11007,#11008,
#11009,#11010),.UNSPECIFIED.,.F.,.F.,(4,1,1,1,4),(0.E0,2.748757110898E-1,
5.105200647266E-1,7.461644183635E-1,1.E0),.UNSPECIFIED.);
#11015=EDGE_CURVE('',#6087,#6088,#4891,.T.);
#11018=EDGE_CURVE('',#6069,#6089,#4918,.T.);
#11020=EDGE_CURVE('',#6087,#6089,#4975,.T.);
#11024=ADVANCED_FACE('',(#11023),#11014,.T.);
#11105=EDGE_CURVE('',#6086,#6087,#4950,.T.);
#11109=ADVANCED_FACE('',(#11108),#11102,.T.);
#11124=B_SPLINE_CURVE_WITH_KNOTS('',3,(#11117,#11118,#11119,#11120,#11121,
#11122,#11123),.UNSPECIFIED.,.F.,.F.,(4,1,1,1,4),(0.E0,2.749157421211E-1,
5.106063368748E-1,7.462969316286E-1,1.E0),.UNSPECIFIED.);
#11129=EDGE_CURVE('',#6084,#6087,#4968,.T.);
#11131=EDGE_CURVE('',#6084,#6085,#4961,.T.);
#11136=ADVANCED_FACE('',(#11135),#11127,.T.);
#11144=EDGE_CURVE('',#6089,#6090,#4982,.T.);
#11146=EDGE_CURVE('',#6090,#6076,#4990,.T.);
#11148=EDGE_CURVE('',#6074,#6076,#5090,.T.);
#11150=EDGE_CURVE('',#6074,#6077,#4998,.T.);
#11152=EDGE_CURVE('',#6078,#6077,#5123,.T.);
#11154=EDGE_CURVE('',#6078,#6080,#5006,.T.);
#11156=EDGE_CURVE('',#6082,#6080,#5167,.T.);
#11158=EDGE_CURVE('',#6082,#6084,#5014,.T.);
#11162=ADVANCED_FACE('',(#11161),#11141,.T.);
#11170=B_SPLINE_CURVE_WITH_KNOTS('',3,(#11163,#11164,#11165,#11166,#11167,
#11168,#11169),.UNSPECIFIED.,.F.,.F.,(4,1,1,1,4),(0.E0,2.749114100807E-1,
5.106033921778E-1,7.462953742748E-1,1.E0),.UNSPECIFIED.);
#11174=EDGE_CURVE('',#6089,#6068,#5034,.T.);
#11177=EDGE_CURVE('',#6071,#6090,#5052,.T.);
#11182=ADVANCED_FACE('',(#11181),#11173,.T.);
#11266=ADVANCED_FACE('',(#11265),#11260,.T.);
#11293=EDGE_CURVE('',#6073,#6076,#5083,.T.);
#11298=ADVANCED_FACE('',(#11297),#11290,.T.);
#11313=B_SPLINE_CURVE_WITH_KNOTS('',3,(#11306,#11307,#11308,#11309,#11310,
#11311,#11312),.UNSPECIFIED.,.F.,.F.,(4,1,1,1,4),(0.E0,2.749654679569E-1,
5.107246081832E-1,7.464837484094E-1,1.E0),.UNSPECIFIED.);
#11317=EDGE_CURVE('',#6074,#5358,#5108,.T.);
#11324=ADVANCED_FACE('',(#11323),#11316,.T.);
#11339=B_SPLINE_CURVE_WITH_KNOTS('',3,(#11332,#11333,#11334,#11335,#11336,
#11337,#11338),.UNSPECIFIED.,.F.,.F.,(4,1,1,1,4),(0.E0,2.556120311654E-1,
4.921161844649E-1,7.286203377645E-1,1.E0),.UNSPECIFIED.);
#11344=EDGE_CURVE('',#6077,#5356,#5134,.T.);
#11351=ADVANCED_FACE('',(#11350),#11343,.T.);
#11366=B_SPLINE_CURVE_WITH_KNOTS('',3,(#11359,#11360,#11361,#11362,#11363,
#11364,#11365),.UNSPECIFIED.,.F.,.F.,(4,1,1,1,4),(0.E0,2.749690526743E-1,
5.107318162066E-1,7.464945797389E-1,1.E0),.UNSPECIFIED.);
#11370=EDGE_CURVE('',#6078,#6079,#5152,.T.);
#11377=ADVANCED_FACE('',(#11376),#11369,.T.);
#11392=B_SPLINE_CURVE_WITH_KNOTS('',3,(#11385,#11386,#11387,#11388,#11389,
#11390,#11391),.UNSPECIFIED.,.F.,.F.,(4,1,1,1,4),(0.E0,2.556120311632E-1,
4.921161844630E-1,7.286203377629E-1,1.E0),.UNSPECIFIED.);
#11397=EDGE_CURVE('',#6080,#6081,#5178,.T.);
#11404=ADVANCED_FACE('',(#11403),#11396,.T.);
#11419=B_SPLINE_CURVE_WITH_KNOTS('',3,(#11412,#11413,#11414,#11415,#11416,
#11417,#11418),.UNSPECIFIED.,.F.,.F.,(4,1,1,1,4),(0.E0,2.749654679636E-1,
5.107246081887E-1,7.464837484140E-1,1.E0),.UNSPECIFIED.);
#11423=EDGE_CURVE('',#6082,#6083,#5196,.T.);
#11430=ADVANCED_FACE('',(#11429),#11422,.T.);
#11454=ADVANCED_FACE('',(#11453),#11447,.T.);
#11460=EDGE_CURVE('',#5478,#5616,#5225,.T.);
#11463=EDGE_CURVE('',#5620,#5477,#5270,.T.);
#11465=EDGE_CURVE('',#5620,#5616,#5211,.T.);
#11469=ADVANCED_FACE('',(#11468),#11459,.F.);
#11477=EDGE_CURVE('',#5616,#5618,#5232,.T.);
#11479=EDGE_CURVE('',#5480,#5618,#5340,.T.);
#11483=ADVANCED_FACE('',(#11482),#11474,.F.);
#11490=EDGE_CURVE('',#5620,#5622,#5240,.T.);
#11492=EDGE_CURVE('',#5624,#5622,#5291,.T.);
#11494=EDGE_CURVE('',#5624,#5626,#5248,.T.);
#11496=EDGE_CURVE('',#5626,#5628,#5255,.T.);
#11498=EDGE_CURVE('',#5628,#5630,#5263,.T.);
#11500=EDGE_CURVE('',#5618,#5630,#5347,.T.);
#11505=ADVANCED_FACE('',(#11504),#11488,.T.);
#11513=EDGE_CURVE('',#5490,#5622,#5277,.T.);
#11518=ADVANCED_FACE('',(#11517),#11510,.F.);
#11526=EDGE_CURVE('',#5624,#5488,#5305,.T.);
#11531=ADVANCED_FACE('',(#11530),#11523,.F.);
#11538=EDGE_CURVE('',#5486,#5626,#5298,.T.);
#11544=ADVANCED_FACE('',(#11543),#11536,.T.);
#11550=EDGE_CURVE('',#5628,#5484,#5326,.T.);
#11557=ADVANCED_FACE('',(#11556),#11549,.T.);
#11563=EDGE_CURVE('',#5482,#5630,#5319,.T.);
#11570=ADVANCED_FACE('',(#11569),#11562,.T.);
#11582=ADVANCED_FACE('',(#11581),#11575,.T.);
#11583=CLOSED_SHELL('',(#6118,#6133,#6160,#6177,#6328,#6350,#6388,#6410,#6448,
#6470,#6508,#6529,#6550,#6571,#6593,#6615,#6645,#6667,#6689,#6710,#6730,#6750,
#6770,#6790,#6810,#6830,#6850,#6870,#6890,#6909,#6931,#6959,#6990,#7006,#7019,
#7034,#7060,#7080,#7094,#7117,#7255,#7282,#7309,#7324,#7339,#7354,#7381,#7408,
#7536,#7561,#7586,#7599,#7623,#7640,#7664,#7683,#7699,#7725,#7739,#7764,#7778,
#7791,#7804,#7828,#7843,#7855,#7879,#7893,#7912,#7932,#7950,#7972,#8001,#8015,
#8029,#8042,#8069,#8100,#8129,#8143,#8157,#8170,#8197,#8211,#8225,#8237,#8251,
#8263,#8278,#8311,#8324,#8337,#8350,#8363,#8376,#8389,#8401,#8416,#8442,#8468,
#8493,#8527,#8554,#8580,#8606,#8619,#8643,#8669,#8681,#8695,#8707,#8722,#8735,
#8750,#8763,#8787,#8802,#8816,#8830,#8844,#8858,#8871,#8882,#8899,#8915,#8925,
#8935,#8945,#8955,#8965,#8980,#8993,#9008,#9021,#9045,#9060,#9074,#9088,#9102,
#9116,#9129,#9140,#9157,#9173,#9183,#9193,#9203,#9213,#9223,#9238,#9251,#9266,
#9279,#9303,#9318,#9332,#9346,#9360,#9374,#9387,#9398,#9415,#9431,#9441,#9451,
#9461,#9471,#9481,#9496,#9509,#9524,#9537,#9561,#9576,#9590,#9604,#9618,#9632,
#9645,#9656,#9673,#9689,#9699,#9709,#9719,#9729,#9739,#9754,#9768,#9782,#9796,
#9810,#9824,#9838,#9851,#9867,#9882,#9903,#9924,#9945,#9966,#9992,#10013,#10039,
#10060,#10081,#10102,#10123,#10144,#10165,#10186,#10206,#10249,#10271,#10284,
#10299,#10312,#10336,#10351,#10365,#10379,#10393,#10407,#10420,#10431,#10448,
#10464,#10474,#10484,#10494,#10504,#10514,#10529,#10542,#10557,#10570,#10594,
#10609,#10623,#10637,#10651,#10665,#10678,#10689,#10706,#10722,#10732,#10742,
#10752,#10762,#10772,#10787,#10808,#10829,#10850,#10871,#10892,#10913,#10934,
#10948,#10962,#10976,#10996,#11024,#11109,#11136,#11162,#11182,#11266,#11298,
#11324,#11351,#11377,#11404,#11430,#11454,#11469,#11483,#11505,#11518,#11531,
#11544,#11557,#11570,#11582));
#11595=CIRCLE('',#11594,1.1E0);
#11603=CIRCLE('',#11602,1.1E0);
#11611=CIRCLE('',#11610,8.303472758068E-1);
#11619=CIRCLE('',#11618,8.303472758068E-1);
#11634=CIRCLE('',#11633,1.1E0);
#11642=CIRCLE('',#11641,1.1E0);
#11657=CIRCLE('',#11656,1.1E0);
#11672=CIRCLE('',#11671,1.1E0);
#11697=EDGE_CURVE('',#11689,#11688,#11603,.T.);
#11699=EDGE_CURVE('',#11691,#11689,#11626,.T.);
#11701=EDGE_CURVE('',#11681,#11691,#11672,.T.);
#11703=EDGE_CURVE('',#11679,#11681,#11642,.T.);
#11705=EDGE_CURVE('',#11679,#11688,#11587,.T.);
#11709=ADVANCED_FACE('',(#11708),#11696,.T.);
#11722=EDGE_CURVE('',#11688,#11689,#11595,.T.);
#11727=EDGE_CURVE('',#11683,#11685,#11611,.T.);
#11729=EDGE_CURVE('',#11685,#11683,#11619,.T.);
#11733=ADVANCED_FACE('',(#11726,#11732),#11721,.T.);
#11753=EDGE_CURVE('',#11678,#11679,#11634,.T.);
#11755=EDGE_CURVE('',#11691,#11678,#11657,.T.);
#11760=ADVANCED_FACE('',(#11759),#11750,.T.);
#11775=EDGE_CURVE('',#11683,#11681,#11664,.T.);
#11778=EDGE_CURVE('',#11685,#11678,#11649,.T.);
#11782=ADVANCED_FACE('',(#11781),#11772,.F.);
#11795=ADVANCED_FACE('',(#11794),#11787,.F.);
#11796=CLOSED_SHELL('',(#11709,#11733,#11760,#11782,#11795));
#11808=CIRCLE('',#11807,1.1E0);
#11816=CIRCLE('',#11815,1.1E0);
#11824=CIRCLE('',#11823,8.303472758068E-1);
#11832=CIRCLE('',#11831,8.303472758068E-1);
#11847=CIRCLE('',#11846,1.1E0);
#11862=CIRCLE('',#11861,1.1E0);
#11870=CIRCLE('',#11869,1.1E0);
#11878=CIRCLE('',#11877,1.1E0);
#11910=EDGE_CURVE('',#11891,#11892,#11808,.T.);
#11912=EDGE_CURVE('',#11894,#11891,#11839,.T.);
#11914=EDGE_CURVE('',#11896,#11894,#11870,.T.);
#11916=EDGE_CURVE('',#11898,#11896,#11847,.T.);
#11918=EDGE_CURVE('',#11898,#11892,#11800,.T.);
#11922=ADVANCED_FACE('',(#11921),#11909,.T.);
#11936=EDGE_CURVE('',#11892,#11891,#11816,.T.);
#11940=EDGE_CURVE('',#11901,#11902,#11824,.T.);
#11942=EDGE_CURVE('',#11902,#11901,#11832,.T.);
#11946=ADVANCED_FACE('',(#11939,#11945),#11934,.T.);
#11966=EDGE_CURVE('',#11904,#11898,#11862,.T.);
#11968=EDGE_CURVE('',#11894,#11904,#11878,.T.);
#11973=ADVANCED_FACE('',(#11972),#11963,.T.);
#11987=EDGE_CURVE('',#11902,#11896,#11885,.T.);
#11990=EDGE_CURVE('',#11901,#11904,#11854,.T.);
#11995=ADVANCED_FACE('',(#11994),#11985,.F.);
#12008=ADVANCED_FACE('',(#12007),#12000,.F.);
#12009=CLOSED_SHELL('',(#11922,#11946,#11973,#11995,#12008));
#12012=BREP_WITH_VOIDS('',#11583,(#12010,#12011));
#12038=(LENGTH_UNIT()NAMED_UNIT(*)SI_UNIT(.MILLI.,.METRE.));
#12039=(NAMED_UNIT(*)PLANE_ANGLE_UNIT()SI_UNIT($,.RADIAN.));
#12042=(NAMED_UNIT(*)SI_UNIT($,.STERADIAN.)SOLID_ANGLE_UNIT());
#12044=(GEOMETRIC_REPRESENTATION_CONTEXT(3)GLOBAL_UNCERTAINTY_ASSIGNED_CONTEXT((
#12043))GLOBAL_UNIT_ASSIGNED_CONTEXT((#12038,#12041,#12042))REPRESENTATION_CONTEXT('ID1','3'));
#12045=ADVANCED_BREP_SHAPE_REPRESENTATION('',(#12012),#12044);
#12053=PRODUCT_DEFINITION('part definition','',#12052,#12049);
#12054=PRODUCT_DEFINITION_SHAPE('','SHAPE FOR GRIPPER_SENSER_MODEL_1_.',#12053);
#12055=SHAPE_ASPECT('','solid data associated with GRIPPER_SENSER_MODEL_1_',
#12054,.F.);
#12056=PROPERTY_DEFINITION('',
'shape for solid data with which properties are associated',#12055);
#12057=SHAPE_REPRESENTATION('',(#12012),#12044);
#12058=SHAPE_DEFINITION_REPRESENTATION(#12056,#12057);
#12059=(LENGTH_UNIT()NAMED_UNIT(*)SI_UNIT(.MILLI.,.METRE.));
#12063=PROPERTY_DEFINITION('geometric validation property',
'area of GRIPPER_SENSER_MODEL_1_',#12055);
#12064=REPRESENTATION('surface area',(#12062),#12044);
#12065=PROPERTY_DEFINITION_REPRESENTATION(#12063,#12064);
#12066=(LENGTH_UNIT()NAMED_UNIT(*)SI_UNIT(.MILLI.,.METRE.));
#12070=PROPERTY_DEFINITION('geometric validation property',
'volume of GRIPPER_SENSER_MODEL_1_',#12055);
#12071=REPRESENTATION('volume',(#12069),#12044);
#12072=PROPERTY_DEFINITION_REPRESENTATION(#12070,#12071);
#12074=PROPERTY_DEFINITION('geometric validation property',
'centroid of GRIPPER_SENSER_MODEL_1_',#12055);
#12075=REPRESENTATION('centroid',(#12073),#12044);
#12076=PROPERTY_DEFINITION_REPRESENTATION(#12074,#12075);
#12077=(LENGTH_UNIT()NAMED_UNIT(*)SI_UNIT(.MILLI.,.METRE.));
#12081=PROPERTY_DEFINITION('geometric validation property',
'area of GRIPPER_SENSER_MODEL_1_',#12054);
#12082=REPRESENTATION('surface area',(#12080),#12044);
#12083=PROPERTY_DEFINITION_REPRESENTATION(#12081,#12082);
#12084=(LENGTH_UNIT()NAMED_UNIT(*)SI_UNIT(.MILLI.,.METRE.));
#12088=PROPERTY_DEFINITION('geometric validation property',
'volume of GRIPPER_SENSER_MODEL_1_',#12054);
#12089=REPRESENTATION('volume',(#12087),#12044);
#12090=PROPERTY_DEFINITION_REPRESENTATION(#12088,#12089);
#12092=PROPERTY_DEFINITION('geometric validation property',
'centroid of GRIPPER_SENSER_MODEL_1_',#12054);
#12093=REPRESENTATION('centroid',(#12091),#12044);
#12094=PROPERTY_DEFINITION_REPRESENTATION(#12092,#12093);
#12095=SHAPE_DEFINITION_REPRESENTATION(#12054,#12045);
ENDSEC;
END-ISO-10303-21;
